Crash ID,Adj ADT,At Intersection Flag,ADT,ADT Year,City,Contributing Factors,Control Section,CS Milepoint,Crash Date,Death Count,Month,NonSusp Serious Inj,Possible Inj,Crash Severity,Susp Serious Inj,Crash Time,Total Inj,Year,Day of Week,DFO,Fatal Crash Flag,First Harmful Event,Hwy Lane Design,Hour,Intersecting Hwy Number,Intersecting Street Name,Intersection Related,Latitude,Light Condition,Located Flag,Longitude,Manner of Collision,Median Type,Entering Roads,Number of Lanes,Object Struck,On System Flag,Other Factor,Population Group,Private Drive Flag,Ref Marker,RM Offset,Road Class,Roadway Alignment,Roadway Function,Roadway Relation,Roadway Type,Rural Flag,Speed Limit,Street Name,Surface Condition,Traffic Control Type,Weather Condition
14874233,10439,False,10439,2023,CORPUS CHRISTI,OTHER (EXPLAIN IN NARRATIVE),226303,23.648,2016-01-11,0,1,0,0,N - NOT INJURED,0,0219,0,2016,MONDAY,31.367,0,FIXED OBJECT,TWO-WAY,02:00 - 02:59,,N/A,NON INTERSECTION,27.66030584,"DARK, NOT LIGHTED",YES,-97.18498195,ONE MOTOR VEHICLE - GOING STRAIGHT,NO MEDIAN,NOT APPLICABLE,5,HIT FENCE,True,NOT APPLICABLE,"250,000 POP AND OVER",NO,0636,-0.316,US & STATE HIGHWAYS,"STRAIGHT, LEVEL",MINOR ARTERIAL,OFF ROADWAY,"4 OR MORE LANES, UNDIVIDED",False,60,SH0361,DRY,MARKED LANES,CLEAR
14868493,12050,False,12050,2023,OUTSIDE CITY LIMITS,HAD BEEN DRINKING,226303,14.126,2016-01-13,1,1,0,0,K - FATAL INJURY,1,1758,1,2016,WEDNESDAY,21.845,1,OVERTURNED,TWO-WAY,17:00 - 17:59,,N/A,NON INTERSECTION,27.77893216,DAYLIGHT,YES,-97.10510097,ONE MOTOR VEHICLE - GOING STRAIGHT,NO MEDIAN,THREE ENTERING ROADS - T,5,OVERTURNED,True,NOT APPLICABLE,RURAL,NO,0626,0.133,US & STATE HIGHWAYS,"STRAIGHT, LEVEL",MINOR ARTERIAL,OFF ROADWAY,"4 OR MORE LANES, UNDIVIDED",True,60,SH0361,DRY,STOP SIGN,CLEAR
14868876,5888,False,5888,2023,PORT ARANSAS,FAILED TO CONTROL SPEED,226302,6.407,2016-01-19,0,1,0,0,N - NOT INJURED,0,1553,0,2016,TUESDAY,16.859,0,MOTOR VEHICLE IN TRANSPORT,TWO-WAY,15:00 - 15:59,,N/A,NON INTERSECTION,27.83799778,DAYLIGHT,YES,-97.06799611,SAME DIRECTION - ONE STRAIGHT-ONE STOPPED,NO MEDIAN,OTHER (EXPLAIN IN NARRATIVE),2,HIT OTHER FIXED OBJECT,True,SLOWING/STOPPING-REASON NOT SPECIFIED,"2,500 - 4,999 POP",NO,0620,0.592,CITY STREET,"STRAIGHT, LEVEL",MINOR ARTERIAL,ON ROADWAY,"2 LANE, 2 WAY",True,5,SH0361,DRY,OTHER (EXPLAIN IN NARRATIVE),CLEAR
14869053,15893,False,15893,2023,PORT ARANSAS,FAILED TO YIELD RIGHT OF WAY - TURNING LEFT;TURNED WHEN UNSAFE,226303,12.086,2016-01-19,0,1,0,2,C - POSSIBLE INJURY,0,1701,2,2016,TUESDAY,19.805,0,MOTOR VEHICLE IN TRANSPORT,BOULEVARD,17:00 - 17:59,,N/A,NON INTERSECTION,27.80283878,"DARK, NOT LIGHTED",YES,-97.08545048,SAME DIRECTION - ONE STRAIGHT-ONE LEFT TURN,CURBED,THREE ENTERING ROADS - T,4,NOT APPLICABLE,True,NOT APPLICABLE,"2,500 - 4,999 POP",NO,0624,0.055,US & STATE HIGHWAYS,"STRAIGHT, LEVEL",MINOR ARTERIAL,ON ROADWAY,"4 OR MORE LANES, DIVIDED",True,55,SH0361,DRY,NONE,CLEAR
14901583,10439,True,10439,2023,CORPUS CHRISTI,DISREGARD STOP AND GO SIGNAL; HAD BEEN DRINKING,226303,27.498,2016-01-24,0,1,1,0,A - SUSPECTED SERIOUS INJURY,1,1710,2,2016,SUNDAY,35.217,0,MOTOR VEHICLE IN TRANSPORT,TWO-WAY,17:00 - 17:59,0022,PR0022,INTERSECTION,27.6178894,DAYLIGHT,YES,-97.22177124,OPPOSITE DIRECTION - ONE STRAIGHT-ONE LEFT TURN,NO MEDIAN,FOUR ENTERING ROADS,5,NOT APPLICABLE,True,NOT APPLICABLE,"250,000 POP AND OVER",NO,0638,1.535,US & STATE HIGHWAYS,"STRAIGHT, LEVEL",MINOR ARTERIAL,ON ROADWAY,"4 OR MORE LANES, UNDIVIDED",False,55,SH0361,DRY,SIGNAL LIGHT,CLEAR
14878793,5888,True,5888,2023,PORT ARANSAS,DISTRACTION IN VEHICLE;CELL/MOBILE DEVICE USE - OTHER,226302,6.526,2016-01-25,0,1,0,0,N - NOT INJURED,0,1501,0,2016,MONDAY,16.978,0,MOTOR VEHICLE IN TRANSPORT,TWO-WAY,15:00 - 15:59,,PORT ST,INTERSECTION RELATED,27.8366335,DAYLIGHT,YES,-97.06920077,SAME DIRECTION - ONE STRAIGHT-ONE STOPPED,NO MEDIAN,THREE ENTERING ROADS - T,2,NOT APPLICABLE,True,"SLOWING/STOPPING - FOR OFFICER, FLAGMAN, OR TRAFFIC CONTROL","2,500 - 4,999 POP",NO,0620,0.711,US & STATE HIGHWAYS,"STRAIGHT, LEVEL",MINOR ARTERIAL,ON ROADWAY,"2 LANE, 2 WAY",True,30,SH0361,DRY,NONE,CLEAR
14895085,6181,False,6181,2023,ARANSAS PASS,FAILED TO CONTROL SPEED; FAULTY EVASIVE ACTION,226302,2.797,2016-01-26,0,1,0,0,N - NOT INJURED,0,0951,0,2016,TUESDAY,13.234,0,OVERTURNED,TWO-WAY,09:00 - 09:59,,N/A,NON INTERSECTION,27.8806713,DAYLIGHT,YES,-97.10049665,ONE MOTOR VEHICLE - GOING STRAIGHT,NO MEDIAN,NOT APPLICABLE,2,OVERTURNED,True,"LOST CONTROL OR SKIDDED (ICY OR SLICK ROAD, ETC.)","5,000 - 9,999 POP",NO,0616,0.926,US & STATE HIGHWAYS,"STRAIGHT, GRADE",MINOR ARTERIAL,OFF ROADWAY,"2 LANE, 2 WAY",False,55,SH0361,WET,CENTER STRIPE/DIVIDER,RAIN
14896685,15893,False,15893,2023,PORT ARANSAS,DRIVER INATTENTION; FAILED TO CONTROL SPEED,226303,11.534,2016-02-04,0,2,0,0,N - NOT INJURED,0,1258,0,2016,THURSDAY,19.253,0,MOTOR VEHICLE IN TRANSPORT,BOULEVARD,12:00 - 12:59,,N/A,NON INTERSECTION,27.80920127,DAYLIGHT,YES,-97.07995648,SAME DIRECTION - ONE STRAIGHT-ONE STOPPED,CURBED,NOT APPLICABLE,4,NOT APPLICABLE,True,CONSTRUCTION-WITHIN POSTED ROAD CONSTRUCTION ZONE (RELATED TO CRASH),"2,500 - 4,999 POP",NO,0624,-0.497,US & STATE HIGHWAYS,"STRAIGHT, LEVEL",MINOR ARTERIAL,ON ROADWAY,"4 OR MORE LANES, DIVIDED",True,45,SH0361,DRY,NONE,CLEAR
14908809,9764,True,9764,2023,PORT ARANSAS,DISTRACTION IN VEHICLE,226302,7.266,2016-02-08,0,2,0,0,N - NOT INJURED,0,1320,0,2016,MONDAY,17.718,0,MOTOR VEHICLE IN TRANSPORT,TWO-WAY,13:00 - 13:59,,STATE HIGHWAY 361,INTERSECTION RELATED,27.82817809,DAYLIGHT,YES,-97.06701784,SAME DIRECTION - ONE STRAIGHT-ONE STOPPED,NO MEDIAN,FOUR ENTERING ROADS,2,NOT APPLICABLE,True,"SLOWING/STOPPING - FOR OFFICER, FLAGMAN, OR TRAFFIC CONTROL","2,500 - 4,999 POP",NO,0622,-0.01,US & STATE HIGHWAYS,"STRAIGHT, LEVEL",MINOR ARTERIAL,ON ROADWAY,"2 LANE, 2 WAY",True,30,SH0361,DRY,SIGNAL LIGHT,CLEAR
14938847,15893,False,15893,2023,PORT ARANSAS,FAILED TO CONTROL SPEED; UNDER INFLUENCE - ALCOHOL,226303,11.763,2016-02-26,0,2,0,0,N - NOT INJURED,0,1141,0,2016,FRIDAY,19.482,0,MOTOR VEHICLE IN TRANSPORT,BOULEVARD,11:00 - 11:59,,ACCESS ROAD 1 A,INTERSECTION RELATED,27.80659239,DAYLIGHT,YES,-97.08228334,SAME DIRECTION - BOTH GOING STRAIGHT-REAR END,CURBED,THREE ENTERING ROADS - T,4,NOT APPLICABLE,True,NOT APPLICABLE,"2,500 - 4,999 POP",NO,0624,-0.268,US & STATE HIGHWAYS,"STRAIGHT, LEVEL",MINOR ARTERIAL,ON ROADWAY,"4 OR MORE LANES, DIVIDED",True,55,SH0361,DRY,FLASHING YELLOW LIGHT,CLEAR
14950362,12050,False,12050,2023,CORPUS CHRISTI,FAILED TO CONTROL SPEED,226303,14.455,2016-02-29,0,2,0,0,99 - UNKNOWN,0,0224,0,2016,MONDAY,22.174,0,FIXED OBJECT,TWO-WAY,02:00 - 02:59,,N/A,NON INTERSECTION,27.77483715,"DARK, NOT LIGHTED",YES,-97.10786875,ONE MOTOR VEHICLE - GOING STRAIGHT,NO MEDIAN,THREE ENTERING ROADS - T,5,HIT UTILITY POLE,True,NOT APPLICABLE,"250,000 POP AND OVER",NO,0626,0.462,US & STATE HIGHWAYS,"STRAIGHT, LEVEL",MINOR ARTERIAL,OFF ROADWAY,"4 OR MORE LANES, UNDIVIDED",False,60,SH0361,WET,STOP SIGN,CLOUDY
14979060,10439,False,10439,2023,CORPUS CHRISTI,DISTRACTION IN VEHICLE; FAILED TO DRIVE IN SINGLE LANE,226303,26.227,2016-03-05,0,3,2,0,B - SUSPECTED MINOR INJURY,0,2358,2,2016,SATURDAY,33.946,0,MOTOR VEHICLE IN TRANSPORT,TWO-WAY,23:00 - 23:59,,N/A,NON INTERSECTION,27.62817309,"DARK, NOT LIGHTED",YES,-97.20658518,OPPOSITE DIRECTION - BOTH GOING STRAIGHT,NO MEDIAN,NOT APPLICABLE,5,NOT APPLICABLE,True,ATTENTION DIVERTED FROM DRIVING,"250,000 POP AND OVER",NO,0638,0.264,US & STATE HIGHWAYS,"STRAIGHT, LEVEL",MINOR ARTERIAL,ON ROADWAY,"4 OR MORE LANES, UNDIVIDED",False,60,SH0361,DRY,CENTER STRIPE/DIVIDER,CLEAR
14964806,9764,True,9764,2023,PORT ARANSAS,DRIVER INATTENTION; TURNED IMPROPERLY - WIDE RIGHT; TURNED WHEN UNSAFE,226302,7.266,2016-03-09,0,3,0,0,N - NOT INJURED,0,1056,0,2016,WEDNESDAY,17.718,0,MOTOR VEHICLE IN TRANSPORT,TWO-WAY,10:00 - 10:59,,S ALISTER ST,INTERSECTION RELATED,27.82817809,DAYLIGHT,YES,-97.06701784,SAME DIRECTION - ONE STRAIGHT-ONE RIGHT TURN,NO MEDIAN,THREE ENTERING ROADS - T,2,NOT APPLICABLE,True,ATTENTION DIVERTED FROM DRIVING,"2,500 - 4,999 POP",NO,0622,-0.01,US & STATE HIGHWAYS,"STRAIGHT, LEVEL",MINOR ARTERIAL,ON ROADWAY,"2 LANE, 2 WAY",True,30,SH0361,WET,STOP SIGN,RAIN
14965358,6181,False,6181,2023,ARANSAS PASS,FLEEING OR EVADING POLICE; TURNED WHEN UNSAFE,226302,2.222,2016-03-12,0,3,0,0,N - NOT INJURED,0,1800,0,2016,SATURDAY,12.659,0,MOTOR VEHICLE IN TRANSPORT,TWO-WAY,18:00 - 18:59,,N/A,NON INTERSECTION,27.88663665,DAYLIGHT,YES,-97.10706076,SAME DIRECTION - BOTH LEFT TURN,NO MEDIAN,NOT APPLICABLE,2,NOT APPLICABLE,True,NOT APPLICABLE,"5,000 - 9,999 POP",NO,0616,0.351,US & STATE HIGHWAYS,"STRAIGHT, LEVEL",MINOR ARTERIAL,ON ROADWAY,"2 LANE, 2 WAY",False,55,SH0361,DRY,MARKED LANES,CLEAR
14975245,15893,False,15893,2023,PORT ARANSAS,FAILED TO CONTROL SPEED; HAD BEEN DRINKING,226303,12.03,2016-03-12,0,3,0,4,C - POSSIBLE INJURY,0,1919,4,2016,SATURDAY,19.749,0,MOTOR VEHICLE IN TRANSPORT,BOULEVARD,19:00 - 19:59,,N/A,NON INTERSECTION,27.80349112,"DARK, NOT LIGHTED",YES,-97.0849021,SAME DIRECTION - ONE STRAIGHT-ONE STOPPED,CURBED,THREE ENTERING ROADS - T,4,NOT APPLICABLE,True,SLOWING/STOPPING-REASON NOT SPECIFIED,"2,500 - 4,999 POP",NO,0624,-0.001,US & STATE HIGHWAYS,"STRAIGHT, LEVEL",MINOR ARTERIAL,ON ROADWAY,"4 OR MORE LANES, DIVIDED",True,60,SH0361,DRY,STOP SIGN,CLEAR
15005676,10439,False,10439,2023,CORPUS CHRISTI,TURNED WHEN UNSAFE,226303,21.95,2016-03-12,0,3,1,0,B - SUSPECTED MINOR INJURY,0,1909,1,2016,SATURDAY,29.669,0,MOTOR VEHICLE IN TRANSPORT,TWO-WAY,19:00 - 19:59,,N/A,NON INTERSECTION,27.68147343,"DARK, LIGHTED",YES,-97.17076215,SAME DIRECTION - ONE STRAIGHT-ONE LEFT TURN,NO MEDIAN,NOT APPLICABLE,5,NOT APPLICABLE,True,NOT APPLICABLE,"250,000 POP AND OVER",NO,0634,-0.014,US & STATE HIGHWAYS,"STRAIGHT, LEVEL",MINOR ARTERIAL,ON ROADWAY,"4 OR MORE LANES, UNDIVIDED",False,60,SH0361,DRY,CENTER STRIPE/DIVIDER,CLEAR
14972051,15893,False,15893,2023,PORT ARANSAS,FAILED TO CONTROL SPEED; UNDER INFLUENCE - ALCOHOL,226303,11.307,2016-03-15,0,3,0,0,N - NOT INJURED,0,1934,0,2016,TUESDAY,19.026,0,MOTOR VEHICLE IN TRANSPORT,TWO-WAY,19:00 - 19:59,,N/A,NON INTERSECTION,27.81185155,DUSK,YES,-97.07777756,SAME DIRECTION - ONE STRAIGHT-ONE STOPPED,NO MEDIAN,THREE ENTERING ROADS - T,2,NOT APPLICABLE,True,CONSTRUCTION - WITHIN POSTED ROAD CONSTRUCTION ZONE (NOT RELATED TO CRASH),"2,500 - 4,999 POP",NO,0624,-0.724,US & STATE HIGHWAYS,"STRAIGHT, LEVEL",MINOR ARTERIAL,ON ROADWAY,"2 LANE, 2 WAY",True,45,SH0361,DRY,NONE,CLEAR
14975243,15893,False,15893,2023,PORT ARANSAS,FAILED TO CONTROL SPEED,226303,10.683,2016-03-17,0,3,0,0,N - NOT INJURED,0,1251,0,2016,THURSDAY,18.402,0,MOTOR VEHICLE IN TRANSPORT,TWO-WAY,12:00 - 12:59,,N/A,NON INTERSECTION,27.81989661,DAYLIGHT,YES,-97.07310539,SAME DIRECTION - ONE STRAIGHT-ONE STOPPED,NO MEDIAN,THREE ENTERING ROADS - T,2,NOT APPLICABLE,True,CONSTRUCTION - WITHIN POSTED ROAD CONSTRUCTION ZONE (NOT RELATED TO CRASH),"2,500 - 4,999 POP",NO,0622,0.674,US & STATE HIGHWAYS,"STRAIGHT, LEVEL",MINOR ARTERIAL,ON ROADWAY,"2 LANE, 2 WAY",True,45,SH0361,DRY,STOP SIGN,CLOUDY
14978857,12050,False,12050,2023,PORT ARANSAS,HAD BEEN DRINKING; TURNED WHEN UNSAFE,226303,12.623,2016-03-18,0,3,0,0,N - NOT INJURED,0,1810,0,2016,FRIDAY,20.342,0,MOTOR VEHICLE IN TRANSPORT,BOULEVARD,18:00 - 18:59,,N/A,NON INTERSECTION,27.7965956,DAYLIGHT,YES,-97.09069267,SAME DIRECTION - ONE STRAIGHT-ONE LEFT TURN,CURBED,THREE ENTERING ROADS - T,4,NOT APPLICABLE,True,NOT APPLICABLE,"2,500 - 4,999 POP",NO,0624,0.592,US & STATE HIGHWAYS,"STRAIGHT, LEVEL",MINOR ARTERIAL,ON ROADWAY,"4 OR MORE LANES, DIVIDED",True,60,SH0361,DRY,STOP SIGN,CLOUDY
14984416,10439,False,10439,2023,CORPUS CHRISTI,FAILED TO CONTROL SPEED,226303,23.648,2016-03-18,0,3,0,0,N - NOT INJURED,0,2013,0,2016,FRIDAY,31.367,0,MOTOR VEHICLE IN TRANSPORT,TWO-WAY,20:00 - 20:59,,N/A,NON INTERSECTION,27.66030584,"DARK, NOT LIGHTED",YES,-97.18498195,SAME DIRECTION - ONE STRAIGHT-ONE STOPPED,NO MEDIAN,NOT APPLICABLE,5,NOT APPLICABLE,True,SLOWING/STOPPING-FOR TRAFFIC,"250,000 POP AND OVER",NO,0636,-0.316,US & STATE HIGHWAYS,"STRAIGHT, LEVEL",MINOR ARTERIAL,ON ROADWAY,"4 OR MORE LANES, UNDIVIDED",False,60,SH0361,WET,CENTER STRIPE/DIVIDER,FOG
14988139,15893,True,15893,2023,PORT ARANSAS,DRIVER INATTENTION;FAILED TO CONTROL SPEED;FAILED TO YIELD RIGHT OF WAY - OPEN INTERSECTION,226303,10.885,2016-03-18,0,3,2,2,B - SUSPECTED MINOR INJURY,0,1357,4,2016,FRIDAY,18.604,0,MOTOR VEHICLE IN TRANSPORT,TWO-WAY,13:00 - 13:59,,UNKNOWN,INTERSECTION,27.81728249,DAYLIGHT,YES,-97.0745983,ANGLE - ONE STRAIGHT-ONE LEFT TURN,NO MEDIAN,THREE ENTERING ROADS - T,2,NOT APPLICABLE,True,CONSTRUCTION - WITHIN POSTED ROAD CONSTRUCTION ZONE (NOT RELATED TO CRASH),"2,500 - 4,999 POP",NO,0622,0.876,US & STATE HIGHWAYS,"STRAIGHT, LEVEL",MINOR ARTERIAL,ON ROADWAY,"2 LANE, 2 WAY",True,45,SH0361,DRY,STOP SIGN,CLEAR
14995200,10439,False,10439,2023,CORPUS CHRISTI,DRIVER INATTENTION; FOLLOWED TOO CLOSELY,226303,26.525,2016-03-18,0,3,1,1,B - SUSPECTED MINOR INJURY,0,1930,2,2016,FRIDAY,34.244,0,MOTOR VEHICLE IN TRANSPORT,TWO-WAY,19:00 - 19:59,,N/A,NON INTERSECTION,27.62446127,DUSK,YES,-97.20907343,SAME DIRECTION - BOTH GOING STRAIGHT-REAR END,NO MEDIAN,THREE ENTERING ROADS - T,5,NOT APPLICABLE,True,SLOWING/STOPPING-FOR TRAFFIC,"250,000 POP AND OVER",NO,0638,0.562,US & STATE HIGHWAYS,"STRAIGHT, LEVEL",MINOR ARTERIAL,ON ROADWAY,"4 OR MORE LANES, UNDIVIDED",False,65,SH0361,DRY,CENTER STRIPE/DIVIDER,FOG
14983214,12050,True,12050,2023,OUTSIDE CITY LIMITS,NONE,226303,13.393,2016-03-19,0,3,1,0,B - SUSPECTED MINOR INJURY,0,1553,1,2016,SATURDAY,21.112,0,MOTOR VEHICLE IN TRANSPORT,TWO-WAY,15:00 - 15:59,,UNKNOWN,INTERSECTION RELATED,27.78762528,DAYLIGHT,YES,-97.09823093,SAME DIRECTION - BOTH GOING STRAIGHT-REAR END,NO MEDIAN,THREE ENTERING ROADS - T,5,NOT APPLICABLE,True,SLOWING/STOPPING-FOR TRAFFIC,RURAL,NO,0626,-0.6,US & STATE HIGHWAYS,"STRAIGHT, LEVEL",MINOR ARTERIAL,ON ROADWAY,"4 OR MORE LANES, UNDIVIDED",True,60,SH0361,DRY,STOP SIGN,CLOUDY
14983215,15893,False,15893,2023,PORT ARANSAS,NONE,226303,12.03,2016-03-19,0,3,0,0,N - NOT INJURED,0,1114,0,2016,SATURDAY,19.749,0,MOTOR VEHICLE IN TRANSPORT,BOULEVARD,11:00 - 11:59,,N/A,NON INTERSECTION,27.80349122,DAYLIGHT,YES,-97.08490202,SAME DIRECTION - ONE STRAIGHT-ONE STOPPED,CURBED,THREE ENTERING ROADS - T,4,NOT APPLICABLE,True,CONSTRUCTION - WITHIN POSTED ROAD CONSTRUCTION ZONE (NOT RELATED TO CRASH),"2,500 - 4,999 POP",NO,0624,-0.001,US & STATE HIGHWAYS,"STRAIGHT, LEVEL",MINOR ARTERIAL,ON ROADWAY,"4 OR MORE LANES, DIVIDED",True,45,SH0361,DRY,SIGNAL LIGHT,CLOUDY
14987104,10439,True,10439,2023,CORPUS CHRISTI,DRIVER INATTENTION; FAILED TO CONTROL SPEED,226303,27.498,2016-03-20,0,3,0,0,N - NOT INJURED,0,1200,0,2016,SUNDAY,35.217,0,MOTOR VEHICLE IN TRANSPORT,TWO-WAY,12:00 - 12:59,0022,PR0022,INTERSECTION RELATED,27.6178894,DAYLIGHT,YES,-97.22177124,SAME DIRECTION - BOTH GOING STRAIGHT-REAR END,NO MEDIAN,FOUR ENTERING ROADS,5,NOT APPLICABLE,True,ATTENTION DIVERTED FROM DRIVING,"250,000 POP AND OVER",NO,0638,1.535,US & STATE HIGHWAYS,"STRAIGHT, LEVEL",MINOR ARTERIAL,ON ROADWAY,"4 OR MORE LANES, UNDIVIDED",False,55,SH0361,DRY,SIGNAL LIGHT,CLEAR
15000364,12050,False,12050,2023,CORPUS CHRISTI,CHANGED LANE WHEN UNSAFE; FAILED TO CONTROL SPEED; FOLLOWED TOO CLOSELY,226303,16.943,2016-03-27,0,3,0,0,N - NOT INJURED,0,1406,0,2016,SUNDAY,24.662,0,MOTOR VEHICLE IN TRANSPORT,TWO-WAY,14:00 - 14:59,,N/A,DRIVEWAY ACCESS,27.74385597,DAYLIGHT,YES,-97.12876918,SAME DIRECTION - ONE STRAIGHT-ONE RIGHT TURN,NO MEDIAN,NOT APPLICABLE,5,NOT APPLICABLE,True,ONE VEHICLE ENTERING DRIVEWAY,"250,000 POP AND OVER",NO,0628,0.961,US & STATE HIGHWAYS,"STRAIGHT, LEVEL",MINOR ARTERIAL,ON ROADWAY,"4 OR MORE LANES, UNDIVIDED",False,60,SH0361,DRY,CENTER STRIPE/DIVIDER,CLEAR
15043882,10439,True,10439,2023,CORPUS CHRISTI,FAILED TO YIELD RIGHT OF WAY - STOP SIGN,226303,26.723,2016-04-09,0,4,0,0,N - NOT INJURED,0,0956,0,2016,SATURDAY,34.442,0,MOTOR VEHICLE IN TRANSPORT,TWO-WAY,09:00 - 09:59,,ZAHN RD,INTERSECTION,27.62201986,DAYLIGHT,YES,-97.21077788,ANGLE - BOTH GOING STRAIGHT,NO MEDIAN,THREE ENTERING ROADS - T,5,NOT APPLICABLE,True,NOT APPLICABLE,"250,000 POP AND OVER",NO,0638,0.76,US & STATE HIGHWAYS,"STRAIGHT, LEVEL",MINOR ARTERIAL,ON ROADWAY,"4 OR MORE LANES, UNDIVIDED",False,55,SH0361,DRY,STOP SIGN,CLEAR
15047265,9764,False,9764,2023,PORT ARANSAS,DISTRACTION IN VEHICLE,226302,7.243,2016-04-23,0,4,0,0,N - NOT INJURED,0,1829,0,2016,SATURDAY,17.695,0,MOTOR VEHICLE IN TRANSPORT,TWO-WAY,18:00 - 18:59,,N/A,NON INTERSECTION,27.82839345,DAYLIGHT,YES,-97.06731954,SAME DIRECTION - ONE STRAIGHT-ONE STOPPED,NO MEDIAN,FOUR ENTERING ROADS,2,NOT APPLICABLE,True,SLOWING/STOPPING-FOR TRAFFIC,"2,500 - 4,999 POP",NO,0622,-0.033,US & STATE HIGHWAYS,"STRAIGHT, LEVEL",MINOR ARTERIAL,ON ROADWAY,"2 LANE, 2 WAY",True,35,SH0361,DRY,SIGNAL LIGHT,CLEAR
15082907,10439,False,10439,2023,CORPUS CHRISTI,FAILED TO CONTROL SPEED,226303,24.679,2016-04-30,0,4,0,0,N - NOT INJURED,0,1325,0,2016,SATURDAY,32.398,0,MOTOR VEHICLE IN TRANSPORT,TWO-WAY,13:00 - 13:59,,N/A,NON INTERSECTION,27.64745804,DAYLIGHT,YES,-97.19358747,SAME DIRECTION - ONE STRAIGHT-ONE STOPPED,NO MEDIAN,NOT APPLICABLE,5,NOT APPLICABLE,True,SLOWING/STOPPING-FOR TRAFFIC,"250,000 POP AND OVER",NO,0636,0.715,US & STATE HIGHWAYS,"STRAIGHT, LEVEL",MINOR ARTERIAL,ON ROADWAY,"4 OR MORE LANES, UNDIVIDED",False,60,SH0361,DRY,CENTER STRIPE/DIVIDER,CLEAR
15086968,15893,False,15893,2023,PORT ARANSAS,DRIVER INATTENTION;FAILED TO YIELD RIGHT OF WAY - OPEN INTERSECTION,226303,11.078,2016-04-30,0,4,0,0,N - NOT INJURED,0,2237,0,2016,SATURDAY,18.797,0,MOTOR VEHICLE IN TRANSPORT,TWO-WAY,22:00 - 22:59,,SEA ISLE DR,INTERSECTION,27.81479,"DARK, LIGHTED",YES,-97.076032,OPPOSITE DIRECTION - ONE STRAIGHT-ONE LEFT TURN,NO MEDIAN,THREE ENTERING ROADS - T,2,NOT APPLICABLE,True,CONSTRUCTION - WITHIN POSTED ROAD CONSTRUCTION ZONE (NOT RELATED TO CRASH),"2,500 - 4,999 POP",NO,0624,-0.953,US & STATE HIGHWAYS,"STRAIGHT, LEVEL",MINOR ARTERIAL,ON ROADWAY,"2 LANE, 2 WAY",True,45,SH0361,DRY,NONE,CLEAR
15088323,10439,False,10439,2023,CORPUS CHRISTI,DISTRACTION IN VEHICLE; DRIVER INATTENTION; FAILED TO CONTROL SPEED,226303,24.144,2016-04-30,0,4,0,0,N - NOT INJURED,0,1300,0,2016,SATURDAY,31.863,0,MOTOR VEHICLE IN TRANSPORT,TWO-WAY,13:00 - 13:59,,GULF BEACH ACCESS ROAD 3,INTERSECTION RELATED,27.65412501,DAYLIGHT,YES,-97.18913858,SAME DIRECTION - BOTH GOING STRAIGHT-REAR END,NO MEDIAN,NOT APPLICABLE,5,NOT APPLICABLE,True,ATTENTION DIVERTED FROM DRIVING,"250,000 POP AND OVER",NO,0636,0.18,US & STATE HIGHWAYS,"STRAIGHT, LEVEL",MINOR ARTERIAL,ON ROADWAY,"4 OR MORE LANES, UNDIVIDED",False,65,SH0361,DRY,CENTER STRIPE/DIVIDER,CLEAR
15088337,10439,False,10439,2023,CORPUS CHRISTI,FAILED TO CONTROL SPEED,226303,25.701,2016-04-30,0,4,0,0,A - SUSPECTED SERIOUS INJURY,2,1301,2,2016,SATURDAY,33.42,0,MOTOR VEHICLE IN TRANSPORT,TWO-WAY,13:00 - 13:59,,N/A,NON INTERSECTION,27.63472641,DAYLIGHT,YES,-97.20217058,SAME DIRECTION - ONE STRAIGHT-ONE STOPPED,NO MEDIAN,NOT APPLICABLE,5,NOT APPLICABLE,True,SLOWING/STOPPING-FOR TRAFFIC,"250,000 POP AND OVER",NO,0638,-0.262,US & STATE HIGHWAYS,"STRAIGHT, LEVEL",MINOR ARTERIAL,ON ROADWAY,"4 OR MORE LANES, UNDIVIDED",False,50,SH0361,DRY,MARKED LANES,CLEAR
15101749,12050,False,12050,2023,CORPUS CHRISTI,CHANGED LANE WHEN UNSAFE,226303,19.494,2016-04-30,0,4,3,0,B - SUSPECTED MINOR INJURY,0,1634,3,2016,SATURDAY,27.213,0,MOTOR VEHICLE IN TRANSPORT,TWO-WAY,16:00 - 16:59,,N/A,NON INTERSECTION,27.71208255,DAYLIGHT,YES,-97.15017871,SAME DIRECTION - ONE STRAIGHT-ONE LEFT TURN,NO MEDIAN,NOT APPLICABLE,5,NOT APPLICABLE,True,NOT APPLICABLE,"250,000 POP AND OVER",NO,0632,-0.47,US & STATE HIGHWAYS,"STRAIGHT, LEVEL",MINOR ARTERIAL,ON ROADWAY,"4 OR MORE LANES, UNDIVIDED",False,60,SH0361,DRY,CENTER STRIPE/DIVIDER,CLEAR
15101756,12050,False,12050,2023,CORPUS CHRISTI,FAILED TO PASS TO LEFT SAFELY,226303,19.499,2016-05-02,0,5,1,0,B - SUSPECTED MINOR INJURY,0,2253,1,2016,MONDAY,27.218,0,OVERTURNED,TWO-WAY,22:00 - 22:59,,N/A,NON INTERSECTION,27.71201168,"DARK, NOT LIGHTED",YES,-97.15022651,ONE MOTOR VEHICLE - GOING STRAIGHT,NO MEDIAN,NOT APPLICABLE,5,HIT FENCE,True,VEHICLE PASSING OR ATTEMPTING TO PASS ON LEFT,"250,000 POP AND OVER",NO,0632,-0.465,US & STATE HIGHWAYS,"STRAIGHT, LEVEL",MINOR ARTERIAL,OFF ROADWAY,"4 OR MORE LANES, UNDIVIDED",False,60,SH0361,DRY,CENTER STRIPE/DIVIDER,CLEAR
15086125,15893,True,15893,2023,PORT ARANSAS,DRIVER INATTENTION;FAILED TO YIELD RIGHT OF WAY - TURNING LEFT;TURNED WHEN UNSAFE,226303,10.885,2016-05-05,0,5,1,0,B - SUSPECTED MINOR INJURY,0,1256,1,2016,THURSDAY,18.604,0,MOTOR VEHICLE IN TRANSPORT,TWO-WAY,12:00 - 12:59,,PLEASANT VLY,INTERSECTION,27.81728266,DAYLIGHT,YES,-97.0745982,OPPOSITE DIRECTION - ONE STRAIGHT-ONE LEFT TURN,NO MEDIAN,FOUR ENTERING ROADS,2,NOT APPLICABLE,True,CONSTRUCTION - WITHIN POSTED ROAD CONSTRUCTION ZONE (NOT RELATED TO CRASH),"2,500 - 4,999 POP",NO,0622,0.876,US & STATE HIGHWAYS,"STRAIGHT, LEVEL",MINOR ARTERIAL,ON ROADWAY,"2 LANE, 2 WAY",True,45,SH0361,DRY,NONE,CLEAR
15087389,6181,False,6181,2023,ARANSAS PASS,DISTRACTION IN VEHICLE; DRIVER INATTENTION; FATIGUED OR ASLEEP; SPEEDING - (OVERLIMIT),226302,3.091,2016-05-07,0,5,1,0,B - SUSPECTED MINOR INJURY,0,1826,1,2016,SATURDAY,13.528,0,FIXED OBJECT,TWO-WAY,18:00 - 18:59,,N/A,NON INTERSECTION,27.87761277,DAYLIGHT,YES,-97.09713898,ONE MOTOR VEHICLE - GOING STRAIGHT,NO MEDIAN,NOT APPLICABLE,2,"HIT TREE, SHRUB, LANDSCAPING",True,ATTENTION DIVERTED FROM DRIVING,"5,000 - 9,999 POP",NO,0618,-0.851,US & STATE HIGHWAYS,"STRAIGHT, LEVEL",MINOR ARTERIAL,OFF ROADWAY,"2 LANE, 2 WAY",False,55,SH0361,DRY,NONE,CLEAR
15103515,12050,False,12050,2023,OUTSIDE CITY LIMITS,DRIVER INATTENTION;FAILED TO YIELD RIGHT OF WAY - TURNING LEFT,226303,14.16,2016-05-10,0,5,0,0,N - NOT INJURED,0,0901,0,2016,TUESDAY,21.879,0,MOTOR VEHICLE IN TRANSPORT,TWO-WAY,09:00 - 09:59,,N/A,DRIVEWAY ACCESS,27.77850803,DAYLIGHT,YES,-97.10538766,OPPOSITE DIRECTION - ONE STRAIGHT-ONE LEFT TURN,NO MEDIAN,THREE ENTERING ROADS - T,5,NOT APPLICABLE,True,ONE VEHICLE ENTERING DRIVEWAY,RURAL,NO,0626,0.167,US & STATE HIGHWAYS,"STRAIGHT, LEVEL",MINOR ARTERIAL,ON ROADWAY,"4 OR MORE LANES, UNDIVIDED",True,60,SH0361,DRY,NONE,CLEAR
15098972,15893,False,15893,2023,PORT ARANSAS,FAILED TO CONTROL SPEED,226303,11.25,2016-05-13,0,5,0,1,C - POSSIBLE INJURY,0,1641,1,2016,FRIDAY,18.969,0,MOTOR VEHICLE IN TRANSPORT,TWO-WAY,16:00 - 16:59,,N/A,DRIVEWAY ACCESS,27.81256564,DAYLIGHT,YES,-97.07730458,SAME DIRECTION - ONE STRAIGHT-ONE LEFT TURN,NO MEDIAN,NOT APPLICABLE,2,NOT APPLICABLE,True,CONSTRUCTION - WITHIN POSTED ROAD CONSTRUCTION ZONE (NOT RELATED TO CRASH),"2,500 - 4,999 POP",NO,0624,-0.781,US & STATE HIGHWAYS,"STRAIGHT, LEVEL",MINOR ARTERIAL,ON ROADWAY,"2 LANE, 2 WAY",True,45,SH0361,DRY,CENTER STRIPE/DIVIDER,CLEAR
15099829,15893,True,15893,2023,PORT ARANSAS,DROVE WITHOUT HEADLIGHTS;FAILED TO YIELD RIGHT OF WAY - OPEN INTERSECTION,226303,10.885,2016-05-13,0,5,0,0,N - NOT INJURED,0,2010,0,2016,FRIDAY,18.604,0,MOTOR VEHICLE IN TRANSPORT,TWO-WAY,20:00 - 20:59,,UNKNOWN,INTERSECTION,27.81728014,DUSK,YES,-97.07459965,ANGLE - BOTH GOING STRAIGHT,NO MEDIAN,NOT APPLICABLE,2,NOT APPLICABLE,True,CONSTRUCTION - WITHIN POSTED ROAD CONSTRUCTION ZONE (NOT RELATED TO CRASH),"2,500 - 4,999 POP",NO,0622,0.876,US & STATE HIGHWAYS,"STRAIGHT, LEVEL",MINOR ARTERIAL,ON ROADWAY,"2 LANE, 2 WAY",True,45,SH0361,DRY,CENTER STRIPE/DIVIDER,CLEAR
15115168,10439,False,10439,2023,CORPUS CHRISTI,FAILED TO CONTROL SPEED; FOLLOWED TOO CLOSELY,226303,27.398,2016-05-15,0,5,0,0,N - NOT INJURED,0,1600,0,2016,SUNDAY,35.117,0,MOTOR VEHICLE IN TRANSPORT,TWO-WAY,16:00 - 16:59,,N/A,NON INTERSECTION,27.61786638,DAYLIGHT,YES,-97.22013958,SAME DIRECTION - BOTH GOING STRAIGHT-REAR END,NO MEDIAN,NOT APPLICABLE,5,NOT APPLICABLE,True,NOT APPLICABLE,"250,000 POP AND OVER",NO,0638,1.435,US & STATE HIGHWAYS,"CURVE, LEVEL",MINOR ARTERIAL,ON ROADWAY,"4 OR MORE LANES, UNDIVIDED",False,60,SH0361,STANDING WATER,MARKED LANES,RAIN
15121906,,True,,,PORT ARANSAS,FAILED TO YIELD RIGHT OF WAY - PRIVATE DRIVE,,,2016-05-20,0,5,0,0,N - NOT INJURED,0,1649,0,2016,FRIDAY,,0,MOTOR VEHICLE IN TRANSPORT,,16:00 - 16:59,,CANYON PORT,INTERSECTION,,DAYLIGHT,?0,,ANGLE - BOTH GOING STRAIGHT,,THREE ENTERING ROADS - T,,NOT APPLICABLE,True,ONE VEHICLE LEAVING DRIVEWAY,"2,500 - 4,999 POP",NO,,,US & STATE HIGHWAYS,"STRAIGHT, LEVEL",,ON ROADWAY,,True,55,SH0361,DRY,STOP SIGN,CLOUDY
15129086,10439,False,10439,2023,CORPUS CHRISTI,FAILED TO DRIVE IN SINGLE LANE,226303,26.82,2016-05-24,0,5,0,0,N - NOT INJURED,0,1535,0,2016,TUESDAY,34.539,0,MOTOR VEHICLE IN TRANSPORT,TWO-WAY,15:00 - 15:59,,N/A,NON INTERSECTION,27.62089561,DAYLIGHT,YES,-97.2117313,OPPOSITE DIRECTION - BOTH GOING STRAIGHT,NO MEDIAN,NOT APPLICABLE,5,NOT APPLICABLE,True,NOT APPLICABLE,"250,000 POP AND OVER",NO,0638,0.857,US & STATE HIGHWAYS,"CURVE, GRADE",MINOR ARTERIAL,ON ROADWAY,"4 OR MORE LANES, UNDIVIDED",False,35,SH0361,DRY,MARKED LANES,CLOUDY
15141471,10439,True,10439,2023,CORPUS CHRISTI,DRIVER INATTENTION,226303,27.498,2016-05-25,0,5,0,0,N - NOT INJURED,0,1040,0,2016,WEDNESDAY,35.217,0,MOTOR VEHICLE IN TRANSPORT,TWO-WAY,10:00 - 10:59,0022,PR0022,INTERSECTION,27.6178894,DAYLIGHT,YES,-97.22177124,OPPOSITE DIRECTION - ONE STRAIGHT-ONE LEFT TURN,NO MEDIAN,FOUR ENTERING ROADS,5,NOT APPLICABLE,True,ATTENTION DIVERTED FROM DRIVING,"250,000 POP AND OVER",NO,0638,1.535,US & STATE HIGHWAYS,"STRAIGHT, LEVEL",MINOR ARTERIAL,ON ROADWAY,"4 OR MORE LANES, UNDIVIDED",False,55,SH0361,DRY,SIGNAL LIGHT,CLEAR
15139698,10439,False,10439,2023,CORPUS CHRISTI,CHANGED LANE WHEN UNSAFE,226303,27.451,2016-05-29,0,5,0,1,C - POSSIBLE INJURY,0,2044,1,2016,SUNDAY,35.17,0,MOTOR VEHICLE IN TRANSPORT,TWO-WAY,20:00 - 20:59,,N/A,NON INTERSECTION,27.61787862,"DARK, LIGHTED",YES,-97.22100159,SAME DIRECTION - BOTH GOING STRAIGHT-SIDESWIPE,NO MEDIAN,NOT APPLICABLE,5,NOT APPLICABLE,True,VEHICLE CHANGING LANES,"250,000 POP AND OVER",NO,0638,1.488,US & STATE HIGHWAYS,"STRAIGHT, LEVEL",MINOR ARTERIAL,ON ROADWAY,"4 OR MORE LANES, UNDIVIDED",False,55,SH0361,DRY,MARKED LANES,CLEAR
15139755,10439,False,10439,2023,CORPUS CHRISTI,TURNED WHEN UNSAFE,226303,27.22,2016-05-29,0,5,0,0,N - NOT INJURED,0,1846,0,2016,SUNDAY,34.939,0,MOTOR VEHICLE IN TRANSPORT,TWO-WAY,18:00 - 18:59,,N/A,NON INTERSECTION,27.61802259,DAYLIGHT,YES,-97.21724492,OPPOSITE DIRECTION - ONE STRAIGHT-ONE LEFT TURN,NO MEDIAN,NOT APPLICABLE,5,NOT APPLICABLE,True,NOT APPLICABLE,"250,000 POP AND OVER",NO,0638,1.257,US & STATE HIGHWAYS,"STRAIGHT, LEVEL",MINOR ARTERIAL,ON ROADWAY,"4 OR MORE LANES, UNDIVIDED",False,55,SH0361,DRY,MARKED LANES,CLOUDY
15126579,15893,False,15893,2023,PORT ARANSAS,DRIVER INATTENTION; FAILED TO CONTROL SPEED,226303,12.061,2016-05-30,0,5,0,0,N - NOT INJURED,0,1201,0,2016,MONDAY,19.78,0,MOTOR VEHICLE IN TRANSPORT,BOULEVARD,12:00 - 12:59,,N/A,NON INTERSECTION,27.80312034,DAYLIGHT,YES,-97.08521379,SAME DIRECTION - BOTH GOING STRAIGHT-REAR END,CURBED,NOT APPLICABLE,4,NOT APPLICABLE,True,SLOWING/STOPPING-FOR TRAFFIC,"2,500 - 4,999 POP",NO,0624,0.03,US & STATE HIGHWAYS,"STRAIGHT, LEVEL",MINOR ARTERIAL,ON ROADWAY,"4 OR MORE LANES, DIVIDED",True,55,SH0361,WET,NONE,CLEAR
15135976,9764,False,9764,2023,PORT ARANSAS,FOLLOWED TOO CLOSELY,226302,6.971,2016-05-30,0,5,0,0,N - NOT INJURED,0,0933,0,2016,MONDAY,17.423,0,MOTOR VEHICLE IN TRANSPORT,TWO-WAY,09:00 - 09:59,,N/A,NON INTERSECTION,27.83088174,DAYLIGHT,YES,-97.07076451,SAME DIRECTION - BOTH GOING STRAIGHT-REAR END,NO MEDIAN,FOUR ENTERING ROADS,2,NOT APPLICABLE,True,NOT APPLICABLE,"2,500 - 4,999 POP",NO,0622,-0.305,US & STATE HIGHWAYS,"STRAIGHT, LEVEL",MINOR ARTERIAL,ON ROADWAY,"2 LANE, 2 WAY",True,30,SH0361,DRY,SIGNAL LIGHT,CLOUDY
15166109,10439,False,10439,2023,CORPUS CHRISTI,CHANGED LANE WHEN UNSAFE; DISTRACTION IN VEHICLE,226303,27.441,2016-06-02,0,6,0,0,N - NOT INJURED,0,0837,0,2016,THURSDAY,35.16,0,MOTOR VEHICLE IN TRANSPORT,TWO-WAY,08:00 - 08:59,,N/A,NON INTERSECTION,27.61787644,DAYLIGHT,YES,-97.22084747,SAME DIRECTION - BOTH GOING STRAIGHT-SIDESWIPE,NO MEDIAN,NOT APPLICABLE,5,NOT APPLICABLE,True,VEHICLE CHANGING LANES,"250,000 POP AND OVER",NO,0638,1.478,US & STATE HIGHWAYS,"STRAIGHT, LEVEL",MINOR ARTERIAL,ON ROADWAY,"4 OR MORE LANES, UNDIVIDED",False,55,SH0361,DRY,CENTER STRIPE/DIVIDER,CLEAR
15154169,5888,False,5888,2023,PORT ARANSAS,DISTRACTION IN VEHICLE;DRIVER INATTENTION;OTHER (EXPLAIN IN NARRATIVE),226302,6.385,2016-06-03,0,6,0,0,N - NOT INJURED,0,2328,0,2016,FRIDAY,16.837,0,PEDESTRIAN,TWO-WAY,23:00 - 23:59,,N/A,NON INTERSECTION,27.83818817,"DARK, LIGHTED",YES,-97.06828074,ONE MOTOR VEHICLE - GOING STRAIGHT,NO MEDIAN,THREE ENTERING ROADS - T,4,NOT APPLICABLE,True,ATTENTION DIVERTED FROM DRIVING,"2,500 - 4,999 POP",NO,0620,0.57,US & STATE HIGHWAYS,"STRAIGHT, LEVEL",MINOR ARTERIAL,ON ROADWAY,"4 OR MORE LANES, UNDIVIDED",True,5,SH0361,DRY,FLAGMAN,CLEAR
15162728,10439,False,10439,2023,CORPUS CHRISTI,FAILED TO CONTROL SPEED;OTHER (EXPLAIN IN NARRATIVE),226303,26.647,2016-06-04,0,6,0,0,N - NOT INJURED,0,0551,0,2016,SATURDAY,34.366,0,FIXED OBJECT,TWO-WAY,05:00 - 05:59,,N/A,NON INTERSECTION,27.62295214,"DARK, NOT LIGHTED",YES,-97.21012702,ONE MOTOR VEHICLE - GOING STRAIGHT,NO MEDIAN,NOT APPLICABLE,5,HIT FENCE,True,"LOST CONTROL OR SKIDDED (ICY OR SLICK ROAD, ETC.)","250,000 POP AND OVER",NO,0638,0.684,US & STATE HIGHWAYS,"CURVE, LEVEL",MINOR ARTERIAL,OFF ROADWAY,"4 OR MORE LANES, UNDIVIDED",False,55,SH0361,WET,MARKED LANES,RAIN
15150434,14248,False,14248,2023,PORT ARANSAS,CHANGED LANE WHEN UNSAFE; DRIVER INATTENTION,226302,7.267,2016-06-10,0,6,0,0,N - NOT INJURED,0,1750,0,2016,FRIDAY,17.719,0,MOTOR VEHICLE IN TRANSPORT,TWO-WAY,17:00 - 17:59,,N/A,NON INTERSECTION,27.828172,DAYLIGHT,YES,-97.06700932,SAME DIRECTION - BOTH GOING STRAIGHT-SIDESWIPE,NO MEDIAN,FOUR ENTERING ROADS,2,NOT APPLICABLE,True,VEHICLE CHANGING LANES,"2,500 - 4,999 POP",NO,0622,-0.009,US & STATE HIGHWAYS,"STRAIGHT, LEVEL",MINOR ARTERIAL,ON ROADWAY,"2 LANE, 2 WAY",True,30,SH0361,DRY,SIGNAL LIGHT,CLEAR
15174996,10439,False,10439,2023,CORPUS CHRISTI,FAILED TO YIELD RIGHT OF WAY - PRIVATE DRIVE,226303,27.453,2016-06-12,0,6,0,0,N - NOT INJURED,0,1312,0,2016,SUNDAY,35.172,0,MOTOR VEHICLE IN TRANSPORT,TWO-WAY,13:00 - 13:59,,N/A,DRIVEWAY ACCESS,27.61787908,DAYLIGHT,YES,-97.2210339,ANGLE - BOTH GOING STRAIGHT,NO MEDIAN,NOT APPLICABLE,5,NOT APPLICABLE,True,ONE VEHICLE LEAVING DRIVEWAY,"250,000 POP AND OVER",NO,0638,1.49,US & STATE HIGHWAYS,"STRAIGHT, LEVEL",MINOR ARTERIAL,ON ROADWAY,"4 OR MORE LANES, UNDIVIDED",False,60,SH0361,DRY,CENTER STRIPE/DIVIDER,CLEAR
15162197,12050,False,12050,2023,OUTSIDE CITY LIMITS,LOAD NOT SECURED,226303,13.767,2016-06-13,0,6,0,0,N - NOT INJURED,0,1632,0,2016,MONDAY,21.486,0,MOTOR VEHICLE IN TRANSPORT,TWO-WAY,16:00 - 16:59,,N/A,NON INTERSECTION,27.78329103,DAYLIGHT,YES,-97.10189963,OPPOSITE DIRECTION - BOTH GOING STRAIGHT,NO MEDIAN,NOT APPLICABLE,5,HIT BY FALLEN/BLOWING ROCKS FROM A TRUCK,True,CONSTRUCTION - WITHIN POSTED ROAD CONSTRUCTION ZONE (NOT RELATED TO CRASH),RURAL,NO,0626,-0.226,US & STATE HIGHWAYS,"STRAIGHT, LEVEL",MINOR ARTERIAL,ON ROADWAY,"4 OR MORE LANES, UNDIVIDED",True,55,SH0361,DRY,NONE,CLEAR
15171197,15893,True,15893,2023,PORT ARANSAS,FAILED TO CONTROL SPEED; FAILED TO SIGNAL OR GAVE WRONG SIGNAL,226303,12.309,2016-06-13,0,6,0,1,C - POSSIBLE INJURY,0,2254,1,2016,MONDAY,20.028,0,MOTOR VEHICLE IN TRANSPORT,BOULEVARD,22:00 - 22:59,,MUSTANG BLVD,INTERSECTION,27.80023347,"DARK, LIGHTED",YES,-97.08764061,SAME DIRECTION - BOTH GOING STRAIGHT-REAR END,CURBED,THREE ENTERING ROADS - T,4,NOT APPLICABLE,True,CONSTRUCTION - WITHIN POSTED ROAD CONSTRUCTION ZONE (NOT RELATED TO CRASH),"2,500 - 4,999 POP",NO,0624,0.278,US & STATE HIGHWAYS,"STRAIGHT, LEVEL",MINOR ARTERIAL,ON ROADWAY,"4 OR MORE LANES, DIVIDED",True,55,SH0361,DRY,STOP SIGN,CLOUDY
15163510,9764,True,9764,2023,PORT ARANSAS,FAILED TO YIELD RIGHT OF WAY - STOP SIGN,226302,7.136,2016-06-15,0,6,0,0,N - NOT INJURED,0,1903,0,2016,WEDNESDAY,17.588,0,MOTOR VEHICLE IN TRANSPORT,TWO-WAY,19:00 - 19:59,,UNKNOWN,INTERSECTION,27.8293669,DAYLIGHT,YES,-97.06868322,ANGLE - BOTH GOING STRAIGHT,NO MEDIAN,FOUR ENTERING ROADS,2,NOT APPLICABLE,True,NOT APPLICABLE,"2,500 - 4,999 POP",NO,0622,-0.14,US & STATE HIGHWAYS,"STRAIGHT, LEVEL",MINOR ARTERIAL,ON ROADWAY,"2 LANE, 2 WAY",True,30,SH0361,DRY,STOP SIGN,CLEAR
15162832,15893,True,15893,2023,PORT ARANSAS,DRIVER INATTENTION;FAILED TO YIELD RIGHT OF WAY - TURNING LEFT,226303,10.885,2016-06-17,0,6,2,0,B - SUSPECTED MINOR INJURY,0,1132,2,2016,FRIDAY,18.604,0,MOTOR VEHICLE IN TRANSPORT,TWO-WAY,11:00 - 11:59,,N/A,NON INTERSECTION,27.81728266,DAYLIGHT,YES,-97.0745982,SAME DIRECTION - ONE STRAIGHT-ONE LEFT TURN,NO MEDIAN,FOUR ENTERING ROADS,2,NOT APPLICABLE,True,CONSTRUCTION - WITHIN POSTED ROAD CONSTRUCTION ZONE (NOT RELATED TO CRASH),"2,500 - 4,999 POP",NO,0622,0.876,US & STATE HIGHWAYS,"STRAIGHT, LEVEL",MINOR ARTERIAL,ON ROADWAY,"2 LANE, 2 WAY",True,45,SH0361,DRY,NONE,CLEAR
15163093,15893,False,15893,2023,PORT ARANSAS,FAILED TO YIELD RIGHT OF WAY - TURNING LEFT;TURNED WHEN UNSAFE,226303,11.511,2016-06-17,0,6,0,0,N - NOT INJURED,0,1207,0,2016,FRIDAY,19.23,0,MOTOR VEHICLE IN TRANSPORT,BOULEVARD,12:00 - 12:59,,N/A,NON INTERSECTION,27.80946245,DAYLIGHT,YES,-97.07972354,OPPOSITE DIRECTION - ONE STRAIGHT-ONE LEFT TURN,CURBED,NOT APPLICABLE,4,NOT APPLICABLE,True,NOT APPLICABLE,"2,500 - 4,999 POP",NO,0624,-0.52,US & STATE HIGHWAYS,"STRAIGHT, LEVEL",MINOR ARTERIAL,ON ROADWAY,"4 OR MORE LANES, DIVIDED",True,55,SH0361,DRY,MARKED LANES,CLEAR
15194481,10439,False,10439,2023,CORPUS CHRISTI,DRIVER INATTENTION; FAILED TO CONTROL SPEED,226303,26.178,2016-06-19,0,6,0,1,C - POSSIBLE INJURY,0,1247,1,2016,SUNDAY,33.897,0,MOTOR VEHICLE IN TRANSPORT,TWO-WAY,12:00 - 12:59,,N/A,NON INTERSECTION,27.62878294,DAYLIGHT,YES,-97.20617599,SAME DIRECTION - ONE STRAIGHT-ONE STOPPED,NO MEDIAN,NOT APPLICABLE,5,NOT APPLICABLE,True,SLOWING/STOPPING-FOR TRAFFIC,"250,000 POP AND OVER",NO,0638,0.215,US & STATE HIGHWAYS,"STRAIGHT, LEVEL",MINOR ARTERIAL,ON ROADWAY,"4 OR MORE LANES, UNDIVIDED",False,60,SH0361,DRY,CENTER STRIPE/DIVIDER,CLEAR
15176699,9764,True,9764,2023,PORT ARANSAS,DRIVER INATTENTION; FAILED TO CONTROL SPEED,226302,7.266,2016-06-25,0,6,0,0,N - NOT INJURED,0,1824,0,2016,SATURDAY,17.718,0,MOTOR VEHICLE IN TRANSPORT,TWO-WAY,18:00 - 18:59,,N/A,NON INTERSECTION,27.82817809,DAYLIGHT,YES,-97.06701784,SAME DIRECTION - ONE STRAIGHT-ONE STOPPED,NO MEDIAN,THREE ENTERING ROADS - T,2,NOT APPLICABLE,True,CONSTRUCTION - WITHIN POSTED ROAD CONSTRUCTION ZONE (NOT RELATED TO CRASH),"2,500 - 4,999 POP",NO,0622,-0.01,US & STATE HIGHWAYS,"STRAIGHT, LEVEL",MINOR ARTERIAL,ON ROADWAY,"2 LANE, 2 WAY",True,35,SH0361,DRY,MARKED LANES,CLOUDY
15181178,10439,False,10439,2023,CORPUS CHRISTI,FAILED TO DRIVE IN SINGLE LANE,226303,24.144,2016-06-25,0,6,0,0,N - NOT INJURED,0,1100,0,2016,SATURDAY,31.863,0,MOTOR VEHICLE IN TRANSPORT,TWO-WAY,11:00 - 11:59,,N/A,NON INTERSECTION,27.65412501,DAYLIGHT,YES,-97.18913858,SAME DIRECTION - BOTH GOING STRAIGHT-SIDESWIPE,NO MEDIAN,NOT APPLICABLE,5,NOT APPLICABLE,True,VEHICLE PASSING OR ATTEMPTING TO PASS ON LEFT,"250,000 POP AND OVER",NO,0636,0.18,US & STATE HIGHWAYS,"STRAIGHT, LEVEL",MINOR ARTERIAL,ON ROADWAY,"4 OR MORE LANES, UNDIVIDED",False,65,SH0361,DRY,CENTER STRIPE/DIVIDER,CLEAR
15188209,14248,False,14248,2023,PORT ARANSAS,FAILED TO YIELD RIGHT OF WAY - TURNING LEFT,226303,10.037,2016-07-01,0,7,0,0,N - NOT INJURED,0,1334,0,2016,FRIDAY,17.756,0,MOTOR VEHICLE IN TRANSPORT,TWO-WAY,13:00 - 13:59,,N/A,DRIVEWAY ACCESS,27.82774808,DAYLIGHT,YES,-97.06738891,ANGLE - ONE STRAIGHT-ONE LEFT TURN,NO MEDIAN,NOT APPLICABLE,2,NOT APPLICABLE,True,CONSTRUCTION - WITHIN POSTED ROAD CONSTRUCTION ZONE (NOT RELATED TO CRASH),"2,500 - 4,999 POP",NO,0622,0.028,US & STATE HIGHWAYS,"STRAIGHT, LEVEL",MINOR ARTERIAL,ON ROADWAY,"2 LANE, 2 WAY",True,35,SH0361,DRY,MARKED LANES,CLEAR
15210962,15893,False,15893,2023,PORT ARANSAS,DRIVER INATTENTION; FAILED TO CONTROL SPEED,226303,11.843,2016-07-04,0,7,0,0,N - NOT INJURED,0,1456,0,2016,MONDAY,19.562,0,MOTOR VEHICLE IN TRANSPORT,BOULEVARD,14:00 - 14:59,,ACCESS ROAD 1 A,INTERSECTION RELATED,27.80566303,DAYLIGHT,YES,-97.08307631,SAME DIRECTION - ONE STRAIGHT-ONE STOPPED,CURBED,FOUR ENTERING ROADS,4,NOT APPLICABLE,True,CONSTRUCTION - WITHIN POSTED ROAD CONSTRUCTION ZONE (NOT RELATED TO CRASH),"2,500 - 4,999 POP",NO,0624,-0.188,US & STATE HIGHWAYS,"STRAIGHT, LEVEL",MINOR ARTERIAL,ON ROADWAY,"4 OR MORE LANES, DIVIDED",True,55,SH0361,DRY,SIGNAL LIGHT,CLEAR
15220311,10439,False,10439,2023,CORPUS CHRISTI,TURNED IMPROPERLY - WRONG LANE,226303,26.742,2016-07-04,0,7,0,0,N - NOT INJURED,0,1007,0,2016,MONDAY,34.461,0,MOTOR VEHICLE IN TRANSPORT,TWO-WAY,10:00 - 10:59,,N/A,NON INTERSECTION,27.6217862,DAYLIGHT,YES,-97.21094102,SAME DIRECTION - ONE STRAIGHT-ONE LEFT TURN,NO MEDIAN,THREE ENTERING ROADS - T,5,NOT APPLICABLE,True,NOT APPLICABLE,"250,000 POP AND OVER",NO,0638,0.779,US & STATE HIGHWAYS,"STRAIGHT, LEVEL",MINOR ARTERIAL,ON ROADWAY,"4 OR MORE LANES, UNDIVIDED",False,60,SH0361,DRY,CENTER STRIPE/DIVIDER,CLEAR
15227502,10439,False,10439,2023,CORPUS CHRISTI,FAILED TO YIELD RIGHT OF WAY - TURNING LEFT,226303,21.355,2016-07-06,0,7,1,0,B - SUSPECTED MINOR INJURY,0,1243,1,2016,WEDNESDAY,29.074,0,MOTOR VEHICLE IN TRANSPORT,TWO-WAY,12:00 - 12:59,,N/A,NON INTERSECTION,27.68888159,DAYLIGHT,YES,-97.16576765,OPPOSITE DIRECTION - ONE STRAIGHT-ONE LEFT TURN,NO MEDIAN,NOT APPLICABLE,5,NOT APPLICABLE,True,NOT APPLICABLE,"250,000 POP AND OVER",NO,0634,-0.609,US & STATE HIGHWAYS,"STRAIGHT, LEVEL",MINOR ARTERIAL,ON ROADWAY,"4 OR MORE LANES, UNDIVIDED",False,60,SH0361,DRY,CENTER STRIPE/DIVIDER,CLEAR
15228751,10439,False,10439,2023,CORPUS CHRISTI,FAILED TO CONTROL SPEED,226303,22.647,2016-07-06,0,7,0,0,N - NOT INJURED,0,1247,0,2016,WEDNESDAY,30.366,0,MOTOR VEHICLE IN TRANSPORT,TWO-WAY,12:00 - 12:59,,N/A,NON INTERSECTION,27.6727796,DAYLIGHT,YES,-97.17658864,SAME DIRECTION - BOTH GOING STRAIGHT-REAR END,NO MEDIAN,NOT APPLICABLE,5,NOT APPLICABLE,True,SLOWING/STOPPING-FOR TRAFFIC,"250,000 POP AND OVER",NO,0634,0.683,US & STATE HIGHWAYS,"STRAIGHT, LEVEL",MINOR ARTERIAL,ON ROADWAY,"4 OR MORE LANES, UNDIVIDED",False,60,SH0361,DRY,CENTER STRIPE/DIVIDER,CLEAR
15234787,10439,False,10439,2023,CORPUS CHRISTI,FAILED TO DRIVE IN SINGLE LANE; FATIGUED OR ASLEEP,226303,20.923,2016-07-07,0,7,0,0,N - NOT INJURED,0,1402,0,2016,THURSDAY,28.642,0,OVERTURNED,TWO-WAY,14:00 - 14:59,,N/A,NON INTERSECTION,27.69427643,DAYLIGHT,YES,-97.16214191,ONE MOTOR VEHICLE - GOING STRAIGHT,NO MEDIAN,NOT APPLICABLE,5,OVERTURNED,True,ATTENTION DIVERTED FROM DRIVING,"250,000 POP AND OVER",NO,0632,0.959,US & STATE HIGHWAYS,"STRAIGHT, LEVEL",MINOR ARTERIAL,OFF ROADWAY,"4 OR MORE LANES, UNDIVIDED",False,-1,SH0361,DRY,MARKED LANES,CLEAR
15198560,15893,False,15893,2023,PORT ARANSAS,DRIVER INATTENTION; FAILED TO CONTROL SPEED,226303,11.876,2016-07-08,0,7,0,0,N - NOT INJURED,0,1839,0,2016,FRIDAY,19.595,0,MOTOR VEHICLE IN TRANSPORT,BOULEVARD,18:00 - 18:59,,ACCESS ROAD 1 A,INTERSECTION RELATED,27.80527793,DAYLIGHT,YES,-97.08340004,SAME DIRECTION - ONE STRAIGHT-ONE STOPPED,CURBED,FOUR ENTERING ROADS,4,NOT APPLICABLE,True,"SLOWING/STOPPING - FOR OFFICER, FLAGMAN, OR TRAFFIC CONTROL","2,500 - 4,999 POP",NO,0624,-0.155,US & STATE HIGHWAYS,"STRAIGHT, LEVEL",MINOR ARTERIAL,ON ROADWAY,"4 OR MORE LANES, DIVIDED",True,55,SH0361,DRY,SIGNAL LIGHT,CLEAR
15199048,15893,False,15893,2023,PORT ARANSAS,FAILED TO CONTROL SPEED,226303,10.734,2016-07-08,0,7,0,0,N - NOT INJURED,0,1404,0,2016,FRIDAY,18.453,0,MOTOR VEHICLE IN TRANSPORT,TWO-WAY,14:00 - 14:59,,N/A,NON INTERSECTION,27.81923642,DAYLIGHT,YES,-97.07348239,SAME DIRECTION - BOTH GOING STRAIGHT-REAR END,NO MEDIAN,NOT APPLICABLE,2,NOT APPLICABLE,True,CONSTRUCTION - WITHIN POSTED ROAD CONSTRUCTION ZONE (NOT RELATED TO CRASH),"2,500 - 4,999 POP",NO,0622,0.725,US & STATE HIGHWAYS,"STRAIGHT, LEVEL",MINOR ARTERIAL,ON ROADWAY,"2 LANE, 2 WAY",True,45,SH0361,DRY,MARKED LANES,CLEAR
15234659,,False,,,CORPUS CHRISTI,CHANGED LANE WHEN UNSAFE; DRIVER INATTENTION; FAILED TO SIGNAL OR GAVE WRONG SIGNAL; FOLLOWED TOO CLOSELY,,,2016-07-09,0,7,0,0,N - NOT INJURED,0,0926,0,2016,SATURDAY,,0,MOTOR VEHICLE IN TRANSPORT,,09:00 - 09:59,,N/A,NON INTERSECTION,,DAYLIGHT,?0,,SAME DIRECTION - ONE STRAIGHT-ONE LEFT TURN,,NOT APPLICABLE,,NOT APPLICABLE,True,ATTENTION DIVERTED FROM DRIVING,"250,000 POP AND OVER",NO,,,US & STATE HIGHWAYS,"STRAIGHT, LEVEL",,ON ROADWAY,,False,65,SH0361,DRY,CENTER STRIPE/DIVIDER,CLEAR
15240653,12050,False,12050,2023,CORPUS CHRISTI,FAILED TO PASS TO LEFT SAFELY,226303,17.176,2016-07-14,0,7,0,0,N - NOT INJURED,0,2306,0,2016,THURSDAY,24.895,0,MOTOR VEHICLE IN TRANSPORT,TWO-WAY,23:00 - 23:59,,N/A,DRIVEWAY ACCESS,27.7409481,"DARK, LIGHTED",YES,-97.13071997,SAME DIRECTION - ONE STRAIGHT-ONE LEFT TURN,NO MEDIAN,NOT APPLICABLE,5,NOT APPLICABLE,True,CONSTRUCTION - WITHIN POSTED ROAD CONSTRUCTION ZONE (NOT RELATED TO CRASH),"250,000 POP AND OVER",NO,0630,-0.837,US & STATE HIGHWAYS,"STRAIGHT, LEVEL",MINOR ARTERIAL,ON ROADWAY,"4 OR MORE LANES, UNDIVIDED",False,55,SH0361,DRY,MARKED LANES,CLEAR
15218251,9764,True,9764,2023,PORT ARANSAS,FAILED TO YIELD RIGHT OF WAY - STOP SIGN,226302,7.136,2016-07-19,0,7,0,0,N - NOT INJURED,0,1044,0,2016,TUESDAY,17.588,0,MOTOR VEHICLE IN TRANSPORT,TWO-WAY,10:00 - 10:59,,UNKNOWN,INTERSECTION,27.8293669,DAYLIGHT,YES,-97.06868322,ANGLE - ONE STRAIGHT-ONE RIGHT TURN,NO MEDIAN,FOUR ENTERING ROADS,2,NOT APPLICABLE,True,VISION OBSTRUCTED BY MOVING VEHICLE,"2,500 - 4,999 POP",NO,0622,-0.14,US & STATE HIGHWAYS,"STRAIGHT, LEVEL",MINOR ARTERIAL,ON ROADWAY,"2 LANE, 2 WAY",True,30,SH0361,DRY,STOP SIGN,CLEAR
15250321,10439,False,10439,2023,CORPUS CHRISTI,CHANGED LANE WHEN UNSAFE,226303,27.489,2016-07-19,0,7,0,0,N - NOT INJURED,0,0036,0,2016,TUESDAY,35.208,0,MOTOR VEHICLE IN TRANSPORT,TWO-WAY,00:00 - 00:59,,N/A,NON INTERSECTION,27.61788736,"DARK, LIGHTED",YES,-97.22161719,SAME DIRECTION - BOTH GOING STRAIGHT-SIDESWIPE,NO MEDIAN,NOT APPLICABLE,5,NOT APPLICABLE,True,VEHICLE CHANGING LANES,"250,000 POP AND OVER",NO,0638,1.526,US & STATE HIGHWAYS,"STRAIGHT, LEVEL",MINOR ARTERIAL,ON ROADWAY,"4 OR MORE LANES, UNDIVIDED",False,-1,SH0361,DRY,CENTER STRIPE/DIVIDER,CLEAR
15226083,15893,False,15893,2023,PORT ARANSAS,TURNED WHEN UNSAFE; UNDER INFLUENCE - ALCOHOL,226303,10.664,2016-07-22,0,7,0,0,N - NOT INJURED,0,2008,0,2016,FRIDAY,18.383,0,MOTOR VEHICLE IN TRANSPORT,TWO-WAY,20:00 - 20:59,,N/A,NON INTERSECTION,27.82013701,DAYLIGHT,YES,-97.0729681,SAME DIRECTION - BOTH GOING STRAIGHT-SIDESWIPE,NO MEDIAN,NOT APPLICABLE,2,NOT APPLICABLE,True,CONSTRUCTION-WITHIN POSTED ROAD CONSTRUCTION ZONE (RELATED TO CRASH),"2,500 - 4,999 POP",NO,0622,0.655,US & STATE HIGHWAYS,"STRAIGHT, LEVEL",MINOR ARTERIAL,ON ROADWAY,"2 LANE, 2 WAY",True,45,SH0361,DRY,CENTER STRIPE/DIVIDER,CLEAR
15226919,15893,False,15893,2023,PORT ARANSAS,FAILED TO YIELD RIGHT OF WAY - TURNING LEFT;OTHER (EXPLAIN IN NARRATIVE),226303,10.389,2016-07-25,0,7,0,0,A - SUSPECTED SERIOUS INJURY,1,0743,1,2016,MONDAY,18.108,0,MOTOR VEHICLE IN TRANSPORT,TWO-WAY,07:00 - 07:59,,N/A,DRIVEWAY ACCESS,27.82364081,DAYLIGHT,YES,-97.0707706,OPPOSITE DIRECTION - ONE STRAIGHT-ONE LEFT TURN,NO MEDIAN,THREE ENTERING ROADS - T,2,NOT APPLICABLE,True,CONSTRUCTION - WITHIN POSTED ROAD CONSTRUCTION ZONE (NOT RELATED TO CRASH),"2,500 - 4,999 POP",NO,0622,0.38,US & STATE HIGHWAYS,"STRAIGHT, LEVEL",MINOR ARTERIAL,ON ROADWAY,"2 LANE, 2 WAY",True,45,SH0361,DRY,STOP SIGN,CLOUDY
15236783,5888,True,5888,2023,PORT ARANSAS,CHANGED LANE WHEN UNSAFE;DISREGARD TURN MARKS AT INTERSECTION;FAILED TO YIELD RIGHT OF WAY - TURNING LEFT,226302,6.404,2016-07-31,0,7,0,0,N - NOT INJURED,0,1227,0,2016,SUNDAY,16.856,0,MOTOR VEHICLE IN TRANSPORT,TWO-WAY,12:00 - 12:59,,CUT OFF RD,INTERSECTION RELATED,27.838021,DAYLIGHT,YES,-97.06803525,SAME DIRECTION - BOTH GOING STRAIGHT-SIDESWIPE,NO MEDIAN,FOUR ENTERING ROADS,4,NOT APPLICABLE,True,VEHICLE CHANGING LANES,"2,500 - 4,999 POP",NO,0620,0.589,US & STATE HIGHWAYS,"STRAIGHT, LEVEL",MINOR ARTERIAL,ON ROADWAY,"4 OR MORE LANES, UNDIVIDED",True,30,SH0361,DRY,OFFICER,CLEAR
15274172,10439,True,10439,2023,CORPUS CHRISTI,TURNED IMPROPERLY - CUT CORNER ON LEFT,226303,27.498,2016-08-03,0,8,0,5,C - POSSIBLE INJURY,0,1120,5,2016,WEDNESDAY,35.217,0,MOTOR VEHICLE IN TRANSPORT,TWO-WAY,11:00 - 11:59,0022,PR0022,INTERSECTION,27.6178894,DAYLIGHT,YES,-97.22177124,SAME DIRECTION - BOTH LEFT TURN,NO MEDIAN,FOUR ENTERING ROADS,5,NOT APPLICABLE,True,NOT APPLICABLE,"250,000 POP AND OVER",NO,0638,1.535,US & STATE HIGHWAYS,"STRAIGHT, LEVEL",MINOR ARTERIAL,ON ROADWAY,"4 OR MORE LANES, UNDIVIDED",False,55,SH0361,DRY,SIGNAL LIGHT,CLEAR
15258160,6181,False,6181,2023,ARANSAS PASS,PASSED IN NO PASSING LANE,226302,3.285,2016-08-06,0,8,1,0,B - SUSPECTED MINOR INJURY,0,0629,1,2016,SATURDAY,13.722,0,MOTOR VEHICLE IN TRANSPORT,TWO-WAY,06:00 - 06:59,,N/A,DRIVEWAY ACCESS,27.8755935,DAYLIGHT,YES,-97.09492222,SAME DIRECTION - ONE STRAIGHT-ONE LEFT TURN,NO MEDIAN,NOT APPLICABLE,2,NOT APPLICABLE,True,ONE VEHICLE ENTERING DRIVEWAY,"5,000 - 9,999 POP",NO,0618,-0.657,US & STATE HIGHWAYS,"STRAIGHT, LEVEL",MINOR ARTERIAL,ON ROADWAY,"2 LANE, 2 WAY",False,55,SH0361,DRY,NO PASSING ZONE,CLEAR
15283754,10439,False,10439,2023,CORPUS CHRISTI,BACKED WITHOUT SAFETY,226303,27.481,2016-08-08,0,8,0,1,C - POSSIBLE INJURY,0,1138,1,2016,MONDAY,35.2,0,MOTOR VEHICLE IN TRANSPORT,TWO-WAY,11:00 - 11:59,,N/A,NON INTERSECTION,27.61788561,DAYLIGHT,YES,-97.22149407,OPPOSITE DIRECTION - ONE STRAIGHT-ONE BACKING,NO MEDIAN,NOT APPLICABLE,5,NOT APPLICABLE,True,NOT APPLICABLE,"250,000 POP AND OVER",NO,0638,1.518,US & STATE HIGHWAYS,"STRAIGHT, LEVEL",MINOR ARTERIAL,ON ROADWAY,"4 OR MORE LANES, UNDIVIDED",False,55,SH0361,DRY,CENTER STRIPE/DIVIDER,CLEAR
15263819,5888,False,5888,2023,PORT ARANSAS,CHANGED LANE WHEN UNSAFE; IMPAIRED VISIBILITY (EXPLAIN IN NARRATIVE),226302,6.417,2016-08-13,0,8,0,0,N - NOT INJURED,0,1807,0,2016,SATURDAY,16.869,0,MOTOR VEHICLE IN TRANSPORT,TWO-WAY,18:00 - 18:59,,N/A,NON INTERSECTION,27.83788815,DAYLIGHT,YES,-97.06809286,SAME DIRECTION - BOTH GOING STRAIGHT-SIDESWIPE,NO MEDIAN,FOUR ENTERING ROADS,2,NOT APPLICABLE,True,VEHICLE CHANGING LANES,"2,500 - 4,999 POP",NO,0620,0.602,US & STATE HIGHWAYS,"STRAIGHT, LEVEL",MINOR ARTERIAL,ON ROADWAY,"2 LANE, 2 WAY",True,30,SH0361,DRY,SIGNAL LIGHT,CLEAR
15272695,15893,True,15893,2023,PORT ARANSAS,FAILED TO CONTROL SPEED; FAILED TO SIGNAL OR GAVE WRONG SIGNAL,226303,11.059,2016-08-18,0,8,0,0,N - NOT INJURED,0,0835,0,2016,THURSDAY,18.778,0,MOTOR VEHICLE IN TRANSPORT,TWO-WAY,08:00 - 08:59,,SEA ISLE DR,INTERSECTION RELATED,27.81503448,DAYLIGHT,YES,-97.07589137,SAME DIRECTION - ONE STRAIGHT-ONE STOPPED,NO MEDIAN,THREE ENTERING ROADS - T,2,NOT APPLICABLE,True,CONSTRUCTION - WITHIN POSTED ROAD CONSTRUCTION ZONE (NOT RELATED TO CRASH),"2,500 - 4,999 POP",NO,0624,-0.972,US & STATE HIGHWAYS,"STRAIGHT, LEVEL",MINOR ARTERIAL,ON ROADWAY,"2 LANE, 2 WAY",True,45,SH0361,DRY,STOP SIGN,CLEAR
15274697,6181,False,6181,2023,ARANSAS PASS,FAILED TO CONTROL SPEED; HAD BEEN DRINKING,226302,4.19,2016-08-19,0,8,0,0,A - SUSPECTED SERIOUS INJURY,1,0430,1,2016,FRIDAY,14.627,0,FIXED OBJECT,TWO-WAY,04:00 - 04:59,,N/A,NON INTERSECTION,27.86613759,"DARK, NOT LIGHTED",YES,-97.08464646,ONE MOTOR VEHICLE - GOING STRAIGHT,NO MEDIAN,NOT APPLICABLE,2,"HIT TREE, SHRUB, LANDSCAPING",True,SWERVED OR VEERED-REASON NOT SPECIFIED,"5,000 - 9,999 POP",NO,0618,0.248,US & STATE HIGHWAYS,"CURVE, LEVEL",MINOR ARTERIAL,OFF ROADWAY,"2 LANE, 2 WAY",False,55,SH0361,DRY,NONE,CLEAR
15313697,10439,False,10439,2023,CORPUS CHRISTI,FAILED TO CONTROL SPEED,226303,27.403,2016-08-23,0,8,0,0,N - NOT INJURED,0,1625,0,2016,TUESDAY,35.122,0,MOTOR VEHICLE IN TRANSPORT,TWO-WAY,16:00 - 16:59,,N/A,DRIVEWAY ACCESS,27.61786761,DAYLIGHT,YES,-97.22022566,SAME DIRECTION - ONE STRAIGHT-ONE STOPPED,NO MEDIAN,NOT APPLICABLE,5,NOT APPLICABLE,True,SLOWING/STOPPING-TO MAKE LEFT TURN,"250,000 POP AND OVER",NO,0638,1.44,US & STATE HIGHWAYS,"STRAIGHT, LEVEL",MINOR ARTERIAL,ON ROADWAY,"4 OR MORE LANES, UNDIVIDED",False,45,SH0361,DRY,MARKED LANES,CLEAR
15317614,14248,False,14248,2023,PORT ARANSAS,FAILED TO YIELD RIGHT OF WAY - PRIVATE DRIVE,226303,10.048,2016-09-03,0,9,0,0,N - NOT INJURED,0,1104,0,2016,SATURDAY,17.767,0,MOTOR VEHICLE IN TRANSPORT,TWO-WAY,11:00 - 11:59,,N/A,DRIVEWAY ACCESS,27.82762943,DAYLIGHT,YES,-97.06749515,ANGLE - BOTH GOING STRAIGHT,NO MEDIAN,FOUR ENTERING ROADS,2,NOT APPLICABLE,True,CONSTRUCTION - WITHIN POSTED ROAD CONSTRUCTION ZONE (NOT RELATED TO CRASH),"2,500 - 4,999 POP",NO,0622,0.039,US & STATE HIGHWAYS,"STRAIGHT, LEVEL",MINOR ARTERIAL,ON ROADWAY,"2 LANE, 2 WAY",True,45,SH0361,DRY,SIGNAL LIGHT,CLEAR
15332607,10439,False,10439,2023,CORPUS CHRISTI,FAILED TO CONTROL SPEED,226303,27.492,2016-09-04,0,9,0,0,N - NOT INJURED,0,1720,0,2016,SUNDAY,35.211,0,MOTOR VEHICLE IN TRANSPORT,TWO-WAY,17:00 - 17:59,0022,PR0022,INTERSECTION RELATED,27.61788823,DAYLIGHT,YES,-97.22167875,SAME DIRECTION - ONE STRAIGHT-ONE STOPPED,NO MEDIAN,NOT APPLICABLE,5,NOT APPLICABLE,True,SLOWING/STOPPING-REASON NOT SPECIFIED,"250,000 POP AND OVER",NO,0638,1.529,US & STATE HIGHWAYS,"STRAIGHT, LEVEL",MINOR ARTERIAL,ON ROADWAY,"4 OR MORE LANES, UNDIVIDED",False,55,SH0361,DRY,MARKED LANES,CLOUDY
15311223,6181,False,6181,2023,ARANSAS PASS,FOLLOWED TOO CLOSELY,226302,2.759,2016-09-10,0,9,1,0,B - SUSPECTED MINOR INJURY,0,1615,1,2016,SATURDAY,13.196,0,MOTOR VEHICLE IN TRANSPORT,TWO-WAY,16:00 - 16:59,,N/A,NON INTERSECTION,27.88106778,DAYLIGHT,YES,-97.10091195,SAME DIRECTION - BOTH GOING STRAIGHT-REAR END,NO MEDIAN,OTHER (EXPLAIN IN NARRATIVE),2,NOT APPLICABLE,True,SLOWING/STOPPING-REASON NOT SPECIFIED,"5,000 - 9,999 POP",NO,0616,0.888,US & STATE HIGHWAYS,"STRAIGHT, LEVEL",MINOR ARTERIAL,ON ROADWAY,"2 LANE, 2 WAY",False,55,SH0361,DRY,NONE,CLEAR
15317613,15893,False,15893,2023,PORT ARANSAS,FAILED TO YIELD RIGHT OF WAY - TURNING LEFT,226303,10.892,2016-09-11,0,9,0,0,N - NOT INJURED,0,1112,0,2016,SUNDAY,18.611,0,MOTOR VEHICLE IN TRANSPORT,TWO-WAY,11:00 - 11:59,,N/A,DRIVEWAY ACCESS,27.81718692,DAYLIGHT,YES,-97.07465327,OPPOSITE DIRECTION - ONE STRAIGHT-ONE LEFT TURN,NO MEDIAN,NOT APPLICABLE,2,NOT APPLICABLE,True,CONSTRUCTION - WITHIN POSTED ROAD CONSTRUCTION ZONE (NOT RELATED TO CRASH),"2,500 - 4,999 POP",NO,0622,0.883,US & STATE HIGHWAYS,"STRAIGHT, LEVEL",MINOR ARTERIAL,ON ROADWAY,"2 LANE, 2 WAY",True,45,SH0361,DRY,NONE,CLEAR
15344444,12050,False,12050,2023,CORPUS CHRISTI,OTHER (EXPLAIN IN NARRATIVE),226303,16.419,2016-09-11,0,9,1,0,B - SUSPECTED MINOR INJURY,0,1623,1,2016,SUNDAY,24.138,0,OVERTURNED,TWO-WAY,16:00 - 16:59,,N/A,NON INTERSECTION,27.75037925,DAYLIGHT,YES,-97.12439555,ONE MOTOR VEHICLE - GOING STRAIGHT,NO MEDIAN,NOT APPLICABLE,5,OVERTURNED,True,CONSTRUCTION - WITHIN POSTED ROAD CONSTRUCTION ZONE (NOT RELATED TO CRASH),"250,000 POP AND OVER",NO,0628,0.437,US & STATE HIGHWAYS,"STRAIGHT, LEVEL",MINOR ARTERIAL,OFF ROADWAY,"4 OR MORE LANES, UNDIVIDED",False,60,SH0361,"SAND, MUD, DIRT",OTHER (EXPLAIN IN NARRATIVE),CLEAR
15331850,5888,False,5888,2023,PORT ARANSAS,FAILED TO CONTROL SPEED,226302,6.829,2016-09-14,0,9,0,0,N - NOT INJURED,0,2341,0,2016,WEDNESDAY,17.281,0,FIXED OBJECT,TWO-WAY,23:00 - 23:59,,N/A,NON INTERSECTION,27.83273574,"DARK, NOT LIGHTED",YES,-97.07125902,ONE MOTOR VEHICLE - GOING STRAIGHT,NO MEDIAN,THREE ENTERING ROADS - T,2,HIT UTILITY POLE,True,NOT APPLICABLE,"2,500 - 4,999 POP",NO,0622,-0.447,US & STATE HIGHWAYS,"STRAIGHT, LEVEL",MINOR ARTERIAL,OFF ROADWAY,"2 LANE, 2 WAY",True,35,SH0361,DRY,STOP SIGN,CLOUDY
15352012,6500,False,6500,2023,ARANSAS PASS,DRIVER INATTENTION; FAILED TO CONTROL SPEED,226302,0.074,2016-09-23,0,9,0,0,N - NOT INJURED,0,1339,0,2016,FRIDAY,10.511,0,MOTOR VEHICLE IN TRANSPORT,TWO-WAY,13:00 - 13:59,,N/A,NON INTERSECTION,27.89782199,DAYLIGHT,YES,-97.13943966,SAME DIRECTION - BOTH GOING STRAIGHT-REAR END,NO MEDIAN,NOT APPLICABLE,2,NOT APPLICABLE,True,CONSTRUCTION-WITHIN POSTED ROAD CONSTRUCTION ZONE (RELATED TO CRASH),"5,000 - 9,999 POP",NO,0614,0.086,US & STATE HIGHWAYS,"STRAIGHT, HILLCREST",MINOR ARTERIAL,ON ROADWAY,"2 LANE, 2 WAY",False,45,SH0361,DRY,FLAGMAN,CLEAR
15335721,15893,True,15893,2023,PORT ARANSAS,DRIVER INATTENTION,226303,11.782,2016-09-24,0,9,0,0,N - NOT INJURED,0,2130,0,2016,SATURDAY,19.501,0,MOTOR VEHICLE IN TRANSPORT,BOULEVARD,21:00 - 21:59,,PIPER BLVD,INTERSECTION RELATED,27.80637738,"DARK, NOT LIGHTED",YES,-97.0824751,SAME DIRECTION - ONE STRAIGHT-ONE STOPPED,CURBED,FOUR ENTERING ROADS,4,NOT APPLICABLE,True,CONSTRUCTION - WITHIN POSTED ROAD CONSTRUCTION ZONE (NOT RELATED TO CRASH),"2,500 - 4,999 POP",NO,0624,-0.249,US & STATE HIGHWAYS,"STRAIGHT, LEVEL",MINOR ARTERIAL,ON ROADWAY,"4 OR MORE LANES, DIVIDED",True,45,SH0361,DRY,SIGNAL LIGHT,CLEAR
15394017,10439,True,10439,2023,CORPUS CHRISTI,DISREGARD STOP AND GO SIGNAL,226303,27.498,2016-10-04,0,10,0,0,N - NOT INJURED,0,1910,0,2016,TUESDAY,35.217,0,MOTOR VEHICLE IN TRANSPORT,TWO-WAY,19:00 - 19:59,0022,PR0022,INTERSECTION,27.6178894,DAYLIGHT,YES,-97.22177124,OPPOSITE DIRECTION - ONE STRAIGHT-ONE LEFT TURN,NO MEDIAN,FOUR ENTERING ROADS,5,NOT APPLICABLE,True,NOT APPLICABLE,"250,000 POP AND OVER",NO,0638,1.535,US & STATE HIGHWAYS,"STRAIGHT, LEVEL",MINOR ARTERIAL,ON ROADWAY,"4 OR MORE LANES, UNDIVIDED",False,55,SH0361,DRY,SIGNAL LIGHT,CLEAR
15426987,10439,False,10439,2023,CORPUS CHRISTI,FAILED TO YIELD RIGHT OF WAY - TURNING LEFT,226303,21.998,2016-10-17,0,10,2,0,B - SUSPECTED MINOR INJURY,0,1553,2,2016,MONDAY,29.717,0,MOTOR VEHICLE IN TRANSPORT,TWO-WAY,15:00 - 15:59,,N/A,NON INTERSECTION,27.68087883,DAYLIGHT,YES,-97.17117962,SAME DIRECTION - ONE STRAIGHT-ONE LEFT TURN,NO MEDIAN,NOT APPLICABLE,5,NOT APPLICABLE,True,NOT APPLICABLE,"250,000 POP AND OVER",NO,0634,0.034,US & STATE HIGHWAYS,"STRAIGHT, LEVEL",MINOR ARTERIAL,ON ROADWAY,"4 OR MORE LANES, UNDIVIDED",False,60,SH0361,DRY,MARKED LANES,CLEAR
15433152,6181,False,6181,2023,ARANSAS PASS,FAILED TO CONTROL SPEED; HAD BEEN DRINKING; ROAD RAGE,226302,3.253,2016-10-28,0,10,0,0,N - NOT INJURED,0,0022,0,2016,FRIDAY,13.69,0,MOTOR VEHICLE IN TRANSPORT,TWO-WAY,00:00 - 00:59,,N/A,NON INTERSECTION,27.87591807,"DARK, NOT LIGHTED",YES,-97.09527853,SAME DIRECTION - BOTH GOING STRAIGHT-REAR END,NO MEDIAN,OTHER (EXPLAIN IN NARRATIVE),2,NOT APPLICABLE,True,SLOWING/STOPPING-REASON NOT SPECIFIED,"5,000 - 9,999 POP",NO,0618,-0.689,US & STATE HIGHWAYS,"STRAIGHT, LEVEL",MINOR ARTERIAL,ON ROADWAY,"2 LANE, 2 WAY",False,55,SH0361,DRY,NONE,CLEAR
15402014,12050,False,12050,2023,CORPUS CHRISTI,ANIMAL ON ROAD - WILD,226303,17.498,2016-10-29,0,10,0,0,N - NOT INJURED,0,0016,0,2016,SATURDAY,25.217,0,ANIMAL,TWO-WAY,00:00 - 00:59,,N/A,NON INTERSECTION,27.73693906,"DARK, NOT LIGHTED",YES,-97.13342446,ONE MOTOR VEHICLE - GOING STRAIGHT,NO MEDIAN,NOT APPLICABLE,5,NOT APPLICABLE,True,NOT APPLICABLE,"250,000 POP AND OVER",NO,0630,-0.515,US & STATE HIGHWAYS,"STRAIGHT, LEVEL",MINOR ARTERIAL,ON ROADWAY,"4 OR MORE LANES, UNDIVIDED",False,65,SH0361,DRY,MARKED LANES,CLEAR
15449139,14248,False,14248,2023,PORT ARANSAS,TURNED WHEN UNSAFE,226303,10.047,2016-11-15,0,11,0,0,N - NOT INJURED,0,1636,0,2016,TUESDAY,17.766,0,MOTOR VEHICLE IN TRANSPORT,TWO-WAY,16:00 - 16:59,,N/A,NON INTERSECTION,27.82764064,DAYLIGHT,YES,-97.06748512,SAME DIRECTION - ONE STRAIGHT-ONE LEFT TURN,NO MEDIAN,NOT APPLICABLE,2,NOT APPLICABLE,True,CONSTRUCTION-WITHIN POSTED ROAD CONSTRUCTION ZONE (RELATED TO CRASH),"2,500 - 4,999 POP",NO,0622,0.038,US & STATE HIGHWAYS,"STRAIGHT, LEVEL",MINOR ARTERIAL,ON ROADWAY,"2 LANE, 2 WAY",True,45,SH0361,DRY,NONE,CLEAR
15474065,10439,False,10439,2023,CORPUS CHRISTI,TURNED WHEN UNSAFE,226303,22.871,2016-11-18,0,11,0,0,N - NOT INJURED,0,0632,0,2016,FRIDAY,30.59,0,MOTOR VEHICLE IN TRANSPORT,TWO-WAY,06:00 - 06:59,,N/A,NON INTERSECTION,27.66998816,DAYLIGHT,YES,-97.17846971,OPPOSITE DIRECTION - ONE STRAIGHT-ONE LEFT TURN,NO MEDIAN,NOT APPLICABLE,5,NOT APPLICABLE,True,NOT APPLICABLE,"250,000 POP AND OVER",NO,0634,0.907,US & STATE HIGHWAYS,"STRAIGHT, LEVEL",MINOR ARTERIAL,ON ROADWAY,"4 OR MORE LANES, UNDIVIDED",False,60,SH0361,DRY,MARKED LANES,CLEAR
15449711,5888,True,5888,2023,PORT ARANSAS,DRIVER INATTENTION,226302,6.404,2016-11-21,0,11,0,0,N - NOT INJURED,0,1314,0,2016,MONDAY,16.856,0,MOTOR VEHICLE IN TRANSPORT,TWO-WAY,13:00 - 13:59,,CUT OFF RD,INTERSECTION RELATED,27.838021,DAYLIGHT,YES,-97.06803525,SAME DIRECTION - ONE STRAIGHT-ONE RIGHT TURN,NO MEDIAN,FOUR ENTERING ROADS,4,NOT APPLICABLE,True,ATTENTION DIVERTED FROM DRIVING,"2,500 - 4,999 POP",NO,0620,0.589,US & STATE HIGHWAYS,"STRAIGHT, LEVEL",MINOR ARTERIAL,ON ROADWAY,"4 OR MORE LANES, UNDIVIDED",True,30,SH0361,DRY,SIGNAL LIGHT,CLEAR
15506506,10439,False,10439,2023,CORPUS CHRISTI,FAULTY EVASIVE ACTION,226303,24.64,2016-11-25,0,11,1,0,B - SUSPECTED MINOR INJURY,0,1733,1,2016,FRIDAY,32.359,0,OVERTURNED,TWO-WAY,17:00 - 17:59,,N/A,NON INTERSECTION,27.64793659,DUSK,YES,-97.19326218,ONE MOTOR VEHICLE - GOING STRAIGHT,NO MEDIAN,NOT APPLICABLE,5,OVERTURNED,True,CRASH OCCURRED ON A BEACH,"250,000 POP AND OVER",NO,0636,0.676,OTHER ROADS,"STRAIGHT, LEVEL",MINOR ARTERIAL,ON ROADWAY,"4 OR MORE LANES, UNDIVIDED",False,15,SH0361,"SAND, MUD, DIRT",NONE,CLOUDY
15484342,12050,False,12050,2023,CORPUS CHRISTI,ANIMAL ON ROAD - WILD,226303,19.461,2016-11-26,0,11,0,0,N - NOT INJURED,0,2013,0,2016,SATURDAY,27.18,0,ANIMAL,TWO-WAY,20:00 - 20:59,,N/A,NON INTERSECTION,27.71248982,"DARK, NOT LIGHTED",YES,-97.14990403,ONE MOTOR VEHICLE - GOING STRAIGHT,NO MEDIAN,NOT APPLICABLE,5,NOT APPLICABLE,True,CONSTRUCTION - WITHIN POSTED ROAD CONSTRUCTION ZONE (NOT RELATED TO CRASH),"250,000 POP AND OVER",NO,0632,-0.503,US & STATE HIGHWAYS,"STRAIGHT, LEVEL",MINOR ARTERIAL,ON ROADWAY,"4 OR MORE LANES, UNDIVIDED",False,60,SH0361,DRY,MARKED LANES,CLEAR
15535886,10439,False,10439,2023,CORPUS CHRISTI,FAILED TO CONTROL SPEED,226303,21.356,2016-12-27,0,12,1,0,B - SUSPECTED MINOR INJURY,0,1517,1,2016,TUESDAY,29.075,0,OVERTURNED,TWO-WAY,15:00 - 15:59,,N/A,NON INTERSECTION,27.6888789,DAYLIGHT,YES,-97.16576945,ONE MOTOR VEHICLE - GOING STRAIGHT,NO MEDIAN,NOT APPLICABLE,5,OVERTURNED,True,NOT APPLICABLE,"250,000 POP AND OVER",NO,0634,-0.608,US & STATE HIGHWAYS,"STRAIGHT, LEVEL",MINOR ARTERIAL,ON ROADWAY,"4 OR MORE LANES, UNDIVIDED",False,60,SH0361,DRY,MARKED LANES,CLEAR
15525341,15893,False,15893,2023,PORT ARANSAS,DRIVER INATTENTION;FAILED TO YIELD RIGHT OF WAY - TURNING LEFT,226303,10.197,2016-12-30,0,12,0,0,N - NOT INJURED,0,1356,0,2016,FRIDAY,17.916,0,MOTOR VEHICLE IN TRANSPORT,TWO-WAY,13:00 - 13:59,,N/A,DRIVEWAY ACCESS,27.8259331,DAYLIGHT,YES,-97.06900285,SAME DIRECTION - ONE STRAIGHT-ONE LEFT TURN,NO MEDIAN,THREE ENTERING ROADS - T,2,NOT APPLICABLE,True,CONSTRUCTION - WITHIN POSTED ROAD CONSTRUCTION ZONE (NOT RELATED TO CRASH),"2,500 - 4,999 POP",NO,0622,0.188,US & STATE HIGHWAYS,"STRAIGHT, LEVEL",MINOR ARTERIAL,ON ROADWAY,"2 LANE, 2 WAY",True,45,SH0361,DRY,STOP SIGN,CLEAR
15555271,10439,False,10439,2023,CORPUS CHRISTI,DRIVER INATTENTION; TURNED IMPROPERLY - CUT CORNER ON LEFT,226303,27.46,2017-01-02,0,1,0,0,N - NOT INJURED,0,1838,0,2017,MONDAY,35.179,0,MOTOR VEHICLE IN TRANSPORT,TWO-WAY,18:00 - 18:59,,N/A,DRIVEWAY ACCESS,27.61788081,DUSK,YES,-97.22115549,ANGLE - ONE STRAIGHT-ONE LEFT TURN,NO MEDIAN,NOT APPLICABLE,5,NOT APPLICABLE,True,ONE VEHICLE ENTERING DRIVEWAY,"250,000 POP AND OVER",NO,0638,1.497,US & STATE HIGHWAYS,"STRAIGHT, LEVEL",MINOR ARTERIAL,ON ROADWAY,"4 OR MORE LANES, UNDIVIDED",False,55,SH0361,DRY,CENTER STRIPE/DIVIDER,CLEAR
15601627,10439,False,10439,2023,CORPUS CHRISTI,TURNED WHEN UNSAFE,226303,26.76,2017-02-11,0,2,0,0,N - NOT INJURED,0,1802,0,2017,SATURDAY,34.479,0,MOTOR VEHICLE IN TRANSPORT,TWO-WAY,18:00 - 18:59,,N/A,NON INTERSECTION,27.62156807,DAYLIGHT,YES,-97.21111844,SAME DIRECTION - ONE STRAIGHT-ONE LEFT TURN,NO MEDIAN,NOT APPLICABLE,5,NOT APPLICABLE,True,NOT APPLICABLE,"250,000 POP AND OVER",NO,0638,0.797,US & STATE HIGHWAYS,"STRAIGHT, LEVEL",MINOR ARTERIAL,ON ROADWAY,"4 OR MORE LANES, UNDIVIDED",False,55,SH0361,DRY,CENTER STRIPE/DIVIDER,CLEAR
15622941,12050,False,12050,2023,CORPUS CHRISTI,DISTRACTION IN VEHICLE; FAILED TO PASS TO LEFT SAFELY,226303,17.498,2017-02-20,0,2,1,0,B - SUSPECTED MINOR INJURY,0,0659,1,2017,MONDAY,25.217,0,OVERTURNED,TWO-WAY,06:00 - 06:59,,N/A,NON INTERSECTION,27.73693906,DAWN,YES,-97.13342446,ONE MOTOR VEHICLE - GOING STRAIGHT,NO MEDIAN,NOT APPLICABLE,5,OVERTURNED,True,VEHICLE PASSING OR ATTEMPTING TO PASS ON LEFT,"250,000 POP AND OVER",NO,0630,-0.515,US & STATE HIGHWAYS,"STRAIGHT, LEVEL",MINOR ARTERIAL,ON ROADWAY,"4 OR MORE LANES, UNDIVIDED",False,60,SH0361,WET,CENTER STRIPE/DIVIDER,RAIN
15641749,12050,False,12050,2023,CORPUS CHRISTI,CHANGED LANE WHEN UNSAFE; PASSED IN NO PASSING LANE,226303,18.218,2017-02-24,0,2,0,1,C - POSSIBLE INJURY,0,0611,1,2017,FRIDAY,25.937,0,MOTOR VEHICLE IN TRANSPORT,TWO-WAY,06:00 - 06:59,,N/A,NON INTERSECTION,27.72796727,"DARK, LIGHTED",YES,-97.13947681,SAME DIRECTION - BOTH GOING STRAIGHT-SIDESWIPE,NO MEDIAN,NOT APPLICABLE,5,OVERTURNED,True,CONSTRUCTION - WITHIN POSTED ROAD CONSTRUCTION ZONE (NOT RELATED TO CRASH),"250,000 POP AND OVER",NO,0630,0.205,US & STATE HIGHWAYS,"STRAIGHT, LEVEL",MINOR ARTERIAL,ON ROADWAY,"4 OR MORE LANES, UNDIVIDED",False,55,SH0361,WET,CENTER STRIPE/DIVIDER,OTHER (EXPLAIN IN NARRATIVE)
15606701,15893,False,15893,2023,PORT ARANSAS,CHANGED LANE WHEN UNSAFE,226303,11.772,2017-02-25,0,2,0,0,N - NOT INJURED,0,1746,0,2017,SATURDAY,19.491,0,MOTOR VEHICLE IN TRANSPORT,BOULEVARD,17:00 - 17:59,,UNKNOWN,INTERSECTION RELATED,27.80648489,DAYLIGHT,YES,-97.08237922,SAME DIRECTION - ONE STRAIGHT-ONE STOPPED,CURBED,THREE ENTERING ROADS - T,4,NOT APPLICABLE,True,CONSTRUCTION - WITHIN POSTED ROAD CONSTRUCTION ZONE (NOT RELATED TO CRASH),"2,500 - 4,999 POP",NO,0624,-0.259,US & STATE HIGHWAYS,"STRAIGHT, LEVEL",MINOR ARTERIAL,ON ROADWAY,"4 OR MORE LANES, DIVIDED",True,55,SH0361,DRY,MARKED LANES,CLEAR
15619299,14248,False,14248,2023,PORT ARANSAS,DRIVER INATTENTION; FAILED TO CONTROL SPEED,226303,10.018,2017-02-25,0,2,0,0,N - NOT INJURED,0,1318,0,2017,SATURDAY,17.737,0,MOTOR VEHICLE IN TRANSPORT,TWO-WAY,13:00 - 13:59,,W AVENUE G,INTERSECTION RELATED,27.82796287,DAYLIGHT,YES,-97.06719658,SAME DIRECTION - ONE STRAIGHT-ONE STOPPED,NO MEDIAN,FOUR ENTERING ROADS,2,NOT APPLICABLE,True,"SLOWING/STOPPING - FOR OFFICER, FLAGMAN, OR TRAFFIC CONTROL","2,500 - 4,999 POP",NO,0622,0.009,US & STATE HIGHWAYS,"STRAIGHT, LEVEL",MINOR ARTERIAL,ON ROADWAY,"2 LANE, 2 WAY",True,35,SH0361,DRY,SIGNAL LIGHT,CLEAR
15646641,6181,False,6181,2023,ARANSAS PASS,DRIVER INATTENTION;UNSAFE SPEED,226302,2.75,2017-03-10,0,3,0,0,N - NOT INJURED,0,1051,0,2017,FRIDAY,13.187,0,MOTOR VEHICLE IN TRANSPORT,TWO-WAY,10:00 - 10:59,,N/A,DRIVEWAY ACCESS,27.88117408,DAYLIGHT,YES,-97.10102119,SAME DIRECTION - ONE STRAIGHT-ONE STOPPED,NO MEDIAN,NOT APPLICABLE,2,NOT APPLICABLE,True,SLOWING/STOPPING-TO MAKE LEFT TURN,"5,000 - 9,999 POP",NO,0616,0.879,US & STATE HIGHWAYS,"STRAIGHT, LEVEL",MINOR ARTERIAL,ON ROADWAY,"2 LANE, 2 WAY",False,55,SH0361,WET,CENTER STRIPE/DIVIDER,RAIN
15670740,10439,False,10439,2023,CORPUS CHRISTI,UNDER INFLUENCE - ALCOHOL,226303,27.198,2017-03-11,0,3,0,0,N - NOT INJURED,0,1930,0,2017,SATURDAY,34.917,0,MOTOR VEHICLE IN TRANSPORT,TWO-WAY,19:00 - 19:59,,N/A,NON INTERSECTION,27.61809583,"DARK, NOT LIGHTED",YES,-97.2169034,SAME DIRECTION - ONE STRAIGHT-ONE STOPPED,NO MEDIAN,FOUR ENTERING ROADS,5,NOT APPLICABLE,True,SLOWING/STOPPING-FOR TRAFFIC,"250,000 POP AND OVER",NO,0638,1.235,US & STATE HIGHWAYS,"STRAIGHT, LEVEL",MINOR ARTERIAL,ON ROADWAY,"4 OR MORE LANES, UNDIVIDED",False,45,SH0361,WET,CENTER STRIPE/DIVIDER,CLEAR
15648438,9764,False,9764,2023,PORT ARANSAS,FAILED TO CONTROL SPEED; HAD BEEN DRINKING,226302,7.042,2017-03-15,0,3,0,0,A - SUSPECTED SERIOUS INJURY,1,0002,1,2017,WEDNESDAY,17.494,0,FIXED OBJECT,TWO-WAY,00:00 - 00:59,,N/A,NON INTERSECTION,27.83023379,"DARK, LIGHTED",YES,-97.06985916,ONE MOTOR VEHICLE - GOING STRAIGHT,NO MEDIAN,THREE ENTERING ROADS - T,2,HIT HIGHWAY SIGN,True,NOT APPLICABLE,"2,500 - 4,999 POP",NO,0622,-0.234,CITY STREET,"CURVE, LEVEL",MINOR ARTERIAL,OFF ROADWAY,"2 LANE, 2 WAY",True,30,SH0361,DRY,MARKED LANES,CLEAR
15647638,6181,False,6181,2023,ARANSAS PASS,DRIVER INATTENTION;FOLLOWED TOO CLOSELY;UNSAFE SPEED,226302,0.425,2017-03-16,0,3,0,0,N - NOT INJURED,0,1205,0,2017,THURSDAY,10.862,0,MOTOR VEHICLE IN TRANSPORT,TWO-WAY,12:00 - 12:59,,N/A,NON INTERSECTION,27.89605124,DAYLIGHT,YES,-97.13405986,SAME DIRECTION - BOTH GOING STRAIGHT-REAR END,NO MEDIAN,NOT APPLICABLE,2,NOT APPLICABLE,True,SLOWING/STOPPING-FOR TRAFFIC,"5,000 - 9,999 POP",NO,0614,0.437,US & STATE HIGHWAYS,"STRAIGHT, GRADE",MINOR ARTERIAL,ON ROADWAY,"2 LANE, 2 WAY",False,45,SH0361,DRY,NO PASSING ZONE,CLEAR
15651657,15893,False,15893,2023,PORT ARANSAS,FAILED TO CONTROL SPEED,226303,11.933,2017-03-17,0,3,0,1,C - POSSIBLE INJURY,0,1916,1,2017,FRIDAY,19.652,0,MOTOR VEHICLE IN TRANSPORT,BOULEVARD,19:00 - 19:59,,N/A,NON INTERSECTION,27.80461767,DUSK,YES,-97.08395508,SAME DIRECTION - ONE STRAIGHT-ONE STOPPED,CURBED,NOT APPLICABLE,4,NOT APPLICABLE,True,CONSTRUCTION - WITHIN POSTED ROAD CONSTRUCTION ZONE (NOT RELATED TO CRASH),"2,500 - 4,999 POP",NO,0624,-0.098,US & STATE HIGHWAYS,"STRAIGHT, LEVEL",MINOR ARTERIAL,ON ROADWAY,"4 OR MORE LANES, DIVIDED",True,55,SH0361,DRY,MARKED LANES,CLEAR
15662433,12050,False,12050,2023,OUTSIDE CITY LIMITS,FAILED TO CONTROL SPEED; FOLLOWED TOO CLOSELY,226303,13.691,2017-03-17,0,3,0,0,A - SUSPECTED SERIOUS INJURY,1,1616,1,2017,FRIDAY,21.41,0,OVERTURNED,TWO-WAY,16:00 - 16:59,,N/A,NON INTERSECTION,27.78417058,DAYLIGHT,YES,-97.10115514,ONE MOTOR VEHICLE - GOING STRAIGHT,NO MEDIAN,THREE ENTERING ROADS - T,5,OVERTURNED,True,CONSTRUCTION - WITHIN POSTED ROAD CONSTRUCTION ZONE (NOT RELATED TO CRASH),RURAL,NO,0626,-0.302,US & STATE HIGHWAYS,"STRAIGHT, LEVEL",MINOR ARTERIAL,ON ROADWAY,"4 OR MORE LANES, UNDIVIDED",True,60,SH0361,DRY,OFFICER,CLEAR
15663461,12050,False,12050,2023,PORT ARANSAS,DISTRACTION IN VEHICLE; DRIVER INATTENTION; FOLLOWED TOO CLOSELY,226303,12.63,2017-03-17,0,3,0,0,N - NOT INJURED,0,1759,0,2017,FRIDAY,20.349,0,MOTOR VEHICLE IN TRANSPORT,BOULEVARD,17:00 - 17:59,,UNKNOWN,INTERSECTION RELATED,27.79650688,DAYLIGHT,YES,-97.09076694,SAME DIRECTION - ONE STRAIGHT-ONE STOPPED,CURBED,THREE ENTERING ROADS - T,4,NOT APPLICABLE,True,CONSTRUCTION - WITHIN POSTED ROAD CONSTRUCTION ZONE (NOT RELATED TO CRASH),"2,500 - 4,999 POP",NO,0624,0.599,US & STATE HIGHWAYS,"STRAIGHT, LEVEL",MINOR ARTERIAL,ON ROADWAY,"4 OR MORE LANES, DIVIDED",True,55,SH0361,DRY,STOP SIGN,CLEAR
15654549,15893,False,15893,2023,PORT ARANSAS,FAILED TO CONTROL SPEED; HAD BEEN DRINKING,226303,11.829,2017-03-18,0,3,0,1,C - POSSIBLE INJURY,0,1908,1,2017,SATURDAY,19.548,0,MOTOR VEHICLE IN TRANSPORT,BOULEVARD,19:00 - 19:59,,N/A,NON INTERSECTION,27.80582787,DAYLIGHT,YES,-97.08293774,SAME DIRECTION - ONE STRAIGHT-ONE STOPPED,CURBED,FOUR ENTERING ROADS,4,NOT APPLICABLE,True,CONSTRUCTION - WITHIN POSTED ROAD CONSTRUCTION ZONE (NOT RELATED TO CRASH),"2,500 - 4,999 POP",NO,0624,-0.202,US & STATE HIGHWAYS,"STRAIGHT, LEVEL",MINOR ARTERIAL,ON ROADWAY,"4 OR MORE LANES, DIVIDED",True,55,SH0361,DRY,SIGNAL LIGHT,CLEAR
15671385,15893,True,15893,2023,PORT ARANSAS,TURNED WHEN UNSAFE,226303,12.016,2017-03-18,0,3,0,0,N - NOT INJURED,0,1717,0,2017,SATURDAY,19.735,0,MOTOR VEHICLE IN TRANSPORT,BOULEVARD,17:00 - 17:59,,UNKNOWN,INTERSECTION RELATED,27.80364928,DAYLIGHT,YES,-97.08476914,SAME DIRECTION - ONE STRAIGHT-ONE LEFT TURN,CURBED,OTHER (EXPLAIN IN NARRATIVE),4,NOT APPLICABLE,True,CONSTRUCTION - WITHIN POSTED ROAD CONSTRUCTION ZONE (NOT RELATED TO CRASH),"2,500 - 4,999 POP",NO,0624,-0.015,US & STATE HIGHWAYS,"STRAIGHT, LEVEL",MINOR ARTERIAL,ON ROADWAY,"4 OR MORE LANES, DIVIDED",True,55,SH0361,DRY,MARKED LANES,CLEAR
15666508,10439,False,10439,2023,CORPUS CHRISTI,FAILED TO DRIVE IN SINGLE LANE,226303,23.648,2017-03-23,0,3,0,0,N - NOT INJURED,0,2048,0,2017,THURSDAY,31.367,0,MOTOR VEHICLE IN TRANSPORT,TWO-WAY,20:00 - 20:59,,N/A,NON INTERSECTION,27.66030584,"DARK, NOT LIGHTED",YES,-97.18498195,OPPOSITE DIRECTION - BOTH GOING STRAIGHT,NO MEDIAN,NOT APPLICABLE,5,NOT APPLICABLE,True,CONSTRUCTION - WITHIN POSTED ROAD CONSTRUCTION ZONE (NOT RELATED TO CRASH),"250,000 POP AND OVER",NO,0636,-0.316,US & STATE HIGHWAYS,"STRAIGHT, LEVEL",MINOR ARTERIAL,ON ROADWAY,"4 OR MORE LANES, UNDIVIDED",False,55,SH0361,DRY,CENTER STRIPE/DIVIDER,CLOUDY
15663505,5888,False,5888,2023,PORT ARANSAS,DRIVER INATTENTION; FAILED TO CONTROL SPEED,226302,6.407,2017-03-24,0,3,0,0,N - NOT INJURED,0,0838,0,2017,FRIDAY,16.859,0,MOTOR VEHICLE IN TRANSPORT,TWO-WAY,08:00 - 08:59,,N/A,DRIVEWAY ACCESS,27.83799778,DAYLIGHT,YES,-97.06799611,SAME DIRECTION - ONE STRAIGHT-ONE STOPPED,NO MEDIAN,NOT APPLICABLE,2,NOT APPLICABLE,True,"SLOWING/STOPPING-FOR PEDESTRIAN, PEDALCYCLIST, ETC. IN ROAD","2,500 - 4,999 POP",NO,0620,0.592,US & STATE HIGHWAYS,"STRAIGHT, LEVEL",MINOR ARTERIAL,ON ROADWAY,"2 LANE, 2 WAY",True,30,SH0361,DRY,NONE,CLEAR
15664619,6181,False,6181,2023,PORT ARANSAS,DISTRACTION IN VEHICLE; DRIVER INATTENTION; FAILED TO CONTROL SPEED,226302,5.924,2017-03-24,0,3,0,1,C - POSSIBLE INJURY,0,1651,1,2017,FRIDAY,16.361,0,MOTOR VEHICLE IN TRANSPORT,TWO-WAY,16:00 - 16:59,,N/A,NON INTERSECTION,27.84462466,DAYLIGHT,YES,-97.07086631,SAME DIRECTION - ONE STRAIGHT-ONE STOPPED,NO MEDIAN,NOT APPLICABLE,2,NOT APPLICABLE,True,SLOWING/STOPPING-FOR TRAFFIC,"2,500 - 4,999 POP",NO,0620,0.094,US & STATE HIGHWAYS,"STRAIGHT, LEVEL",MINOR ARTERIAL,ON ROADWAY,"2 LANE, 2 WAY",True,35,SH0361,DRY,FLAGMAN,CLEAR
15673584,12050,True,12050,2023,CORPUS CHRISTI,DRIVER INATTENTION,226303,16.313,2017-03-30,0,3,1,0,B - SUSPECTED MINOR INJURY,0,1115,1,2017,THURSDAY,24.032,0,OVERTURNED,TWO-WAY,11:00 - 11:59,,UNKNOWN,INTERSECTION,27.75170383,DAYLIGHT,YES,-97.12350049,ONE MOTOR VEHICLE - GOING STRAIGHT,NO MEDIAN,OTHER (EXPLAIN IN NARRATIVE),5,OVERTURNED,True,CONSTRUCTION - WITHIN POSTED ROAD CONSTRUCTION ZONE (NOT RELATED TO CRASH),"250,000 POP AND OVER",NO,0628,0.331,US & STATE HIGHWAYS,"STRAIGHT, LEVEL",MINOR ARTERIAL,ON ROADWAY,"4 OR MORE LANES, UNDIVIDED",False,55,SH0361,DRY,OTHER (EXPLAIN IN NARRATIVE),CLEAR
15703104,9764,True,9764,2023,PORT ARANSAS,FAILED TO YIELD RIGHT OF WAY - TO PEDESTRIAN,226302,7.266,2017-04-14,0,4,0,0,N - NOT INJURED,0,1234,0,2017,FRIDAY,17.718,0,PEDALCYCLIST,TWO-WAY,12:00 - 12:59,,W AVENUE G,INTERSECTION RELATED,27.82817809,DAYLIGHT,YES,-97.06701784,ONE MOTOR VEHICLE - GOING STRAIGHT,NO MEDIAN,THREE ENTERING ROADS - T,2,NOT APPLICABLE,True,NOT APPLICABLE,"2,500 - 4,999 POP",NO,0622,-0.01,US & STATE HIGHWAYS,"STRAIGHT, LEVEL",MINOR ARTERIAL,ON ROADWAY,"2 LANE, 2 WAY",True,35,SH0361,DRY,STOP SIGN,CLEAR
15722137,14248,True,14248,2023,PORT ARANSAS,DRIVER INATTENTION; TURNED IMPROPERLY - WRONG LANE; TURNED WHEN UNSAFE,226302,7.267,2017-04-22,0,4,0,0,N - NOT INJURED,0,1950,0,2017,SATURDAY,17.719,0,MOTOR VEHICLE IN TRANSPORT,TWO-WAY,19:00 - 19:59,,UNKNOWN,INTERSECTION,27.828172,DAYLIGHT,YES,-97.06700932,SAME DIRECTION - ONE STRAIGHT-ONE LEFT TURN,NO MEDIAN,FOUR ENTERING ROADS,2,NOT APPLICABLE,True,ATTENTION DIVERTED FROM DRIVING,"2,500 - 4,999 POP",NO,0622,-0.009,CITY STREET,"STRAIGHT, LEVEL",MINOR ARTERIAL,ON ROADWAY,"2 LANE, 2 WAY",True,30,SH0361,DRY,MARKED LANES,CLEAR
15729674,,False,,,PORT ARANSAS,BACKED WITHOUT SAFETY; HAD BEEN DRINKING,,,2017-04-30,0,4,0,0,N - NOT INJURED,0,0159,0,2017,SUNDAY,,0,FIXED OBJECT,,01:00 - 01:59,,N/A,NON INTERSECTION,,"DARK, LIGHTED",?0,,ONE MOTOR VEHICLE - BACKING,,THREE ENTERING ROADS - T,,HIT OTHER FIXED OBJECT,True,ONE VEHICLE BACKWARD FROM PARKING,"2,500 - 4,999 POP",YES,,,NON TRAFFICWAY,"STRAIGHT, LEVEL",,NOT APPLICABLE,,True,45,SH0361,DRY,STOP SIGN,CLOUDY
15753350,10439,False,10439,2023,CORPUS CHRISTI,DISTRACTION IN VEHICLE; FAILED TO DRIVE IN SINGLE LANE,226303,22.159,2017-05-02,0,5,1,0,B - SUSPECTED MINOR INJURY,0,1510,1,2017,TUESDAY,29.878,0,MOTOR VEHICLE IN TRANSPORT,TWO-WAY,15:00 - 15:59,,N/A,NON INTERSECTION,27.67887631,DAYLIGHT,YES,-97.17252595,SAME DIRECTION - ONE STRAIGHT-ONE STOPPED,NO MEDIAN,NOT APPLICABLE,5,NOT APPLICABLE,True,ATTENTION DIVERTED FROM DRIVING,"250,000 POP AND OVER",NO,0634,0.195,US & STATE HIGHWAYS,"STRAIGHT, LEVEL",MINOR ARTERIAL,SHOULDER,"4 OR MORE LANES, UNDIVIDED",False,60,SH0361,DRY,MARKED LANES,CLEAR
15749855,12050,False,12050,2023,CORPUS CHRISTI,NONE,226303,16.97,2017-05-05,0,5,0,0,N - NOT INJURED,0,1317,0,2017,FRIDAY,24.689,0,MOTOR VEHICLE IN TRANSPORT,TWO-WAY,13:00 - 13:59,,N/A,NON INTERSECTION,27.74351448,DAYLIGHT,YES,-97.12899813,SAME DIRECTION - ONE STRAIGHT-ONE LEFT TURN,NO MEDIAN,NOT APPLICABLE,5,NOT APPLICABLE,True,CONSTRUCTION - WITHIN POSTED ROAD CONSTRUCTION ZONE (NOT RELATED TO CRASH),"250,000 POP AND OVER",NO,0628,0.988,US & STATE HIGHWAYS,"STRAIGHT, LEVEL",MINOR ARTERIAL,ON ROADWAY,"4 OR MORE LANES, UNDIVIDED",False,55,SH0361,DRY,OTHER (EXPLAIN IN NARRATIVE),CLEAR
15757820,12050,False,12050,2023,CORPUS CHRISTI,FAILED TO CONTROL SPEED; HAD BEEN DRINKING,226303,16.306,2017-05-05,0,5,1,0,B - SUSPECTED MINOR INJURY,0,0014,1,2017,FRIDAY,24.025,0,FIXED OBJECT,TWO-WAY,00:00 - 00:59,,N/A,NON INTERSECTION,27.75178569,"DARK, LIGHTED",YES,-97.12344518,ONE MOTOR VEHICLE - GOING STRAIGHT,NO MEDIAN,NOT APPLICABLE,5,HIT UTILITY POLE,True,CONSTRUCTION-WITHIN POSTED ROAD CONSTRUCTION ZONE (RELATED TO CRASH),"250,000 POP AND OVER",NO,0628,0.324,US & STATE HIGHWAYS,"STRAIGHT, LEVEL",MINOR ARTERIAL,OFF ROADWAY,"4 OR MORE LANES, UNDIVIDED",False,55,SH0361,DRY,MARKED LANES,CLEAR
15848891,12050,False,12050,2023,CORPUS CHRISTI,DRIVER INATTENTION; TURNED WHEN UNSAFE,226303,17.992,2017-05-05,0,5,0,0,N - NOT INJURED,0,1330,0,2017,FRIDAY,25.711,0,MOTOR VEHICLE IN TRANSPORT,TWO-WAY,13:00 - 13:59,,N/A,NON INTERSECTION,27.73078866,DAYLIGHT,YES,-97.1375735,SAME DIRECTION - ONE STRAIGHT-ONE LEFT TURN,NO MEDIAN,NOT APPLICABLE,5,NOT APPLICABLE,True,CONSTRUCTION-WITHIN POSTED ROAD CONSTRUCTION ZONE (RELATED TO CRASH),"250,000 POP AND OVER",NO,0630,-0.021,US & STATE HIGHWAYS,"STRAIGHT, LEVEL",MINOR ARTERIAL,ON ROADWAY,"4 OR MORE LANES, UNDIVIDED",False,-1,SH0361,DRY,NONE,CLEAR
15780204,6181,False,6181,2023,ARANSAS PASS,HANDICAPPED DRIVER (EXPLAIN IN NARRATIVE),226302,4.259,2017-05-13,0,5,0,0,N - NOT INJURED,0,1315,0,2017,SATURDAY,14.696,0,MOTOR VEHICLE IN TRANSPORT,TWO-WAY,13:00 - 13:59,,N/A,NON INTERSECTION,27.86527517,DAYLIGHT,YES,-97.08409615,SAME DIRECTION - ONE STRAIGHT-ONE STOPPED,NO MEDIAN,THREE ENTERING ROADS - T,2,NOT APPLICABLE,True,SLOWING/STOPPING-FOR TRAFFIC,"5,000 - 9,999 POP",NO,0618,0.317,US & STATE HIGHWAYS,"STRAIGHT, LEVEL",MINOR ARTERIAL,ON ROADWAY,"2 LANE, 2 WAY",False,50,SH0361,DRY,FLAGMAN,CLEAR
15770778,10439,False,10439,2023,CORPUS CHRISTI,FAILED TO DRIVE IN SINGLE LANE,226303,27.489,2017-05-15,0,5,0,0,N - NOT INJURED,0,1457,0,2017,MONDAY,35.208,0,MOTOR VEHICLE IN TRANSPORT,TWO-WAY,14:00 - 14:59,,PARK ROAD 22,INTERSECTION,27.61788742,DAYLIGHT,YES,-97.22162159,SAME DIRECTION - BOTH RIGHT TURN,NO MEDIAN,NOT APPLICABLE,5,NOT APPLICABLE,True,NOT APPLICABLE,"250,000 POP AND OVER",NO,0638,1.526,US & STATE HIGHWAYS,"CURVE, LEVEL",MINOR ARTERIAL,ON ROADWAY,"4 OR MORE LANES, UNDIVIDED",False,40,SH0361,DRY,MARKED LANES,CLEAR
15784970,5888,True,5888,2023,PORT ARANSAS,FAILED TO YIELD RIGHT OF WAY - STOP SIGN;IMPAIRED VISIBILITY (EXPLAIN IN NARRATIVE),226302,6.524,2017-05-27,0,5,0,0,N - NOT INJURED,0,1905,0,2017,SATURDAY,16.976,0,MOTOR VEHICLE IN TRANSPORT,TWO-WAY,19:00 - 19:59,,UNKNOWN,INTERSECTION,27.83665458,DAYLIGHT,YES,-97.06918198,ANGLE - BOTH GOING STRAIGHT,NO MEDIAN,FOUR ENTERING ROADS,2,NOT APPLICABLE,True,VEHICLE PASSING OR ATTEMPTING TO PASS ON LEFT,"2,500 - 4,999 POP",NO,0620,0.709,US & STATE HIGHWAYS,"STRAIGHT, LEVEL",MINOR ARTERIAL,ON ROADWAY,"2 LANE, 2 WAY",True,35,SH0361,DRY,STOP SIGN,CLEAR
15787852,5888,True,5888,2023,PORT ARANSAS,HAD BEEN DRINKING,226302,6.952,2017-05-29,0,5,0,0,N - NOT INJURED,0,2046,0,2017,MONDAY,17.404,0,FIXED OBJECT,TWO-WAY,20:00 - 20:59,,6TH ST,INTERSECTION RELATED,27.83105279,"DARK, LIGHTED",YES,-97.07100138,ONE MOTOR VEHICLE - GOING STRAIGHT,NO MEDIAN,FOUR ENTERING ROADS,2,HIT HIGHWAY SIGN,True,NOT APPLICABLE,"2,500 - 4,999 POP",NO,0622,-0.324,US & STATE HIGHWAYS,"STRAIGHT, LEVEL",MINOR ARTERIAL,OFF ROADWAY,"2 LANE, 2 WAY",True,35,SH0361,DRY,STOP SIGN,CLOUDY
15803580,10439,False,10439,2023,CORPUS CHRISTI,FAILED TO DRIVE IN SINGLE LANE,226303,23.747,2017-06-05,0,6,0,1,C - POSSIBLE INJURY,0,0440,1,2017,MONDAY,31.466,0,FIXED OBJECT,TWO-WAY,04:00 - 04:59,,N/A,NON INTERSECTION,27.65907658,"DARK, NOT LIGHTED",YES,-97.18580497,ONE MOTOR VEHICLE - GOING STRAIGHT,NO MEDIAN,NOT APPLICABLE,5,HIT UTILITY POLE,True,SWERVED OR VEERED-REASON NOT SPECIFIED,"250,000 POP AND OVER",NO,0636,-0.217,US & STATE HIGHWAYS,"STRAIGHT, LEVEL",MINOR ARTERIAL,OFF ROADWAY,"4 OR MORE LANES, UNDIVIDED",False,60,SH0361,DRY,CENTER STRIPE/DIVIDER,CLEAR
15800264,14248,False,14248,2023,PORT ARANSAS,FAILED TO CONTROL SPEED,226303,10.092,2017-06-06,0,6,0,0,N - NOT INJURED,0,1528,0,2017,TUESDAY,17.811,0,MOTOR VEHICLE IN TRANSPORT,TWO-WAY,15:00 - 15:59,,N/A,NON INTERSECTION,27.82713514,DAYLIGHT,YES,-97.06793776,SAME DIRECTION - BOTH GOING STRAIGHT-REAR END,NO MEDIAN,OTHER (EXPLAIN IN NARRATIVE),2,NOT APPLICABLE,True,SLOWING/STOPPING-FOR TRAFFIC,"2,500 - 4,999 POP",NO,0622,0.083,US & STATE HIGHWAYS,"STRAIGHT, LEVEL",MINOR ARTERIAL,ON ROADWAY,"2 LANE, 2 WAY",True,35,SH0361,DRY,FLAGMAN,CLEAR
15802785,6181,False,6181,2023,ARANSAS PASS,FAILED TO YIELD RIGHT OF WAY - EMERGENCY VEHICLE;HAD BEEN DRINKING;OTHER (EXPLAIN IN NARRATIVE),226302,3.339,2017-06-08,0,6,0,0,N - NOT INJURED,0,1457,0,2017,THURSDAY,13.776,0,MOTOR VEHICLE IN TRANSPORT,TWO-WAY,14:00 - 14:59,,N/A,NON INTERSECTION,27.87503054,DAYLIGHT,YES,-97.09430316,SAME DIRECTION - ONE STRAIGHT-ONE LEFT TURN,NO MEDIAN,NOT APPLICABLE,2,NOT APPLICABLE,True,NOT APPLICABLE,"5,000 - 9,999 POP",NO,0618,-0.603,US & STATE HIGHWAYS,"CURVE, LEVEL",MINOR ARTERIAL,ON ROADWAY,"2 LANE, 2 WAY",False,55,SH0361,DRY,MARKED LANES,CLEAR
15808478,10439,False,10439,2023,CORPUS CHRISTI,FAILED TO CONTROL SPEED,226303,27.403,2017-06-11,0,6,0,2,C - POSSIBLE INJURY,0,0017,2,2017,SUNDAY,35.122,0,MOTOR VEHICLE IN TRANSPORT,TWO-WAY,00:00 - 00:59,,N/A,NON INTERSECTION,27.61786761,"DARK, NOT LIGHTED",YES,-97.22022566,SAME DIRECTION - BOTH GOING STRAIGHT-REAR END,NO MEDIAN,NOT APPLICABLE,5,NOT APPLICABLE,True,NOT APPLICABLE,"250,000 POP AND OVER",NO,0638,1.44,US & STATE HIGHWAYS,"STRAIGHT, HILLCREST",MINOR ARTERIAL,ON ROADWAY,"4 OR MORE LANES, UNDIVIDED",False,65,SH0361,DRY,CENTER STRIPE/DIVIDER,CLEAR
15816598,12050,False,12050,2023,CORPUS CHRISTI,FAILED TO YIELD RIGHT OF WAY - TURNING LEFT,226303,14.553,2017-06-13,0,6,0,0,N - NOT INJURED,0,0901,0,2017,TUESDAY,22.272,0,MOTOR VEHICLE IN TRANSPORT,TWO-WAY,09:00 - 09:59,,N/A,DRIVEWAY ACCESS,27.77361862,DAYLIGHT,YES,-97.10869214,OPPOSITE DIRECTION - ONE STRAIGHT-ONE LEFT TURN,NO MEDIAN,THREE ENTERING ROADS - T,5,NOT APPLICABLE,True,CONSTRUCTION-WITHIN POSTED ROAD CONSTRUCTION ZONE (RELATED TO CRASH),"250,000 POP AND OVER",NO,0626,0.56,US & STATE HIGHWAYS,"STRAIGHT, LEVEL",MINOR ARTERIAL,ON ROADWAY,"4 OR MORE LANES, UNDIVIDED",False,55,SH0361,DRY,STOP SIGN,CLEAR
15817183,6181,False,6181,2023,ARANSAS PASS,DRIVER INATTENTION; FAILED TO DRIVE IN SINGLE LANE; HAD BEEN DRINKING; PARKED WITHOUT LIGHTS,226302,1.865,2017-06-16,0,6,0,0,N - NOT INJURED,0,2040,0,2017,FRIDAY,12.302,0,PARKED CAR,TWO-WAY,20:00 - 20:59,,N/A,NON INTERSECTION,27.88987833,"DARK, NOT LIGHTED",YES,-97.11161515,ONE MOTOR VEHICLE - GOING STRAIGHT,NO MEDIAN,NOT APPLICABLE,2,NOT APPLICABLE,True,SWERVED OR VEERED-REASON NOT SPECIFIED,"5,000 - 9,999 POP",NO,0616,-0.006,US & STATE HIGHWAYS,"STRAIGHT, LEVEL",MINOR ARTERIAL,SHOULDER,"2 LANE, 2 WAY",False,55,SH0361,DRY,NONE,CLEAR
15828479,12050,True,12050,2023,CORPUS CHRISTI,NONE,226303,14.466,2017-06-16,0,6,1,0,B - SUSPECTED MINOR INJURY,0,0827,1,2017,FRIDAY,22.185,0,OVERTURNED,TWO-WAY,08:00 - 08:59,,UNKNOWN,INTERSECTION RELATED,27.77470103,DAYLIGHT,YES,-97.10796073,ONE MOTOR VEHICLE - GOING STRAIGHT,NO MEDIAN,THREE ENTERING ROADS - T,5,OVERTURNED,True,CONSTRUCTION - WITHIN POSTED ROAD CONSTRUCTION ZONE (NOT RELATED TO CRASH),"250,000 POP AND OVER",NO,0626,0.473,US & STATE HIGHWAYS,"STRAIGHT, LEVEL",MINOR ARTERIAL,OFF ROADWAY,"4 OR MORE LANES, UNDIVIDED",False,55,SH0361,DRY,WARNING SIGN,CLEAR
15823982,12050,False,12050,2023,CORPUS CHRISTI,TURNED WHEN UNSAFE,226303,18.994,2017-06-19,0,6,1,0,B - SUSPECTED MINOR INJURY,0,1227,1,2017,MONDAY,26.713,0,OTHER OBJECT,TWO-WAY,12:00 - 12:59,,N/A,NON INTERSECTION,27.71830048,DAYLIGHT,YES,-97.14598497,ONE MOTOR VEHICLE - GOING STRAIGHT,NO MEDIAN,NOT APPLICABLE,5,"HIT WORK ZONE BARRICADE, CONES, SIGNS OR MATERIAL",True,CONSTRUCTION-WITHIN POSTED ROAD CONSTRUCTION ZONE (RELATED TO CRASH),"250,000 POP AND OVER",NO,0632,-0.97,US & STATE HIGHWAYS,"STRAIGHT, LEVEL",MINOR ARTERIAL,ON ROADWAY,"4 OR MORE LANES, UNDIVIDED",False,55,SH0361,SNOW,CENTER STRIPE/DIVIDER,CLEAR
15833653,6181,False,6181,2023,ARANSAS PASS,FAILED TO YIELD RIGHT OF WAY - TURNING LEFT,226302,4.232,2017-06-23,0,6,0,2,C - POSSIBLE INJURY,0,1710,2,2017,FRIDAY,14.669,0,MOTOR VEHICLE IN TRANSPORT,TWO-WAY,17:00 - 17:59,,N/A,DRIVEWAY ACCESS,27.86560794,DAYLIGHT,YES,-97.08429704,ANGLE - ONE STRAIGHT-ONE LEFT TURN,NO MEDIAN,THREE ENTERING ROADS - T,2,NOT APPLICABLE,True,ONE VEHICLE LEAVING DRIVEWAY,"5,000 - 9,999 POP",NO,0618,0.29,US & STATE HIGHWAYS,"STRAIGHT, LEVEL",MINOR ARTERIAL,ON ROADWAY,"2 LANE, 2 WAY",False,30,SH0361,DRY,STOP SIGN,CLOUDY
15833680,5888,False,5888,2023,PORT ARANSAS,FAILED TO CONTROL SPEED,226302,6.407,2017-06-26,0,6,0,0,99 - UNKNOWN,0,0242,0,2017,MONDAY,16.859,0,PARKED CAR,TWO-WAY,02:00 - 02:59,,N/A,NON INTERSECTION,27.83799778,"DARK, NOT LIGHTED",YES,-97.06799611,ONE MOTOR VEHICLE - GOING STRAIGHT,NO MEDIAN,THREE ENTERING ROADS - T,2,NOT APPLICABLE,True,NOT APPLICABLE,"2,500 - 4,999 POP",NO,0620,0.592,CITY STREET,"STRAIGHT, LEVEL",MINOR ARTERIAL,ON ROADWAY,"2 LANE, 2 WAY",True,30,SH0361,WET,STOP SIGN,RAIN
15839549,14248,False,14248,2023,PORT ARANSAS,FAILED TO YIELD RIGHT OF WAY - TURNING LEFT,226303,10.095,2017-06-27,0,6,0,0,N - NOT INJURED,0,1354,0,2017,TUESDAY,17.814,0,MOTOR VEHICLE IN TRANSPORT,TWO-WAY,13:00 - 13:59,,N/A,DRIVEWAY ACCESS,27.82710311,DAYLIGHT,YES,-97.06796643,ANGLE - ONE STRAIGHT-ONE LEFT TURN,NO MEDIAN,FOUR ENTERING ROADS,2,NOT APPLICABLE,True,ONE VEHICLE LEAVING DRIVEWAY,"2,500 - 4,999 POP",NO,0622,0.086,US & STATE HIGHWAYS,"STRAIGHT, LEVEL",MINOR ARTERIAL,ON ROADWAY,"2 LANE, 2 WAY",True,30,SH0361,WET,SIGNAL LIGHT,RAIN
15843095,14248,False,14248,2023,PORT ARANSAS,DRIVER INATTENTION; FAILED TO CONTROL SPEED,226303,10.06,2017-06-30,0,6,0,0,N - NOT INJURED,0,1629,0,2017,FRIDAY,17.779,0,MOTOR VEHICLE IN TRANSPORT,TWO-WAY,16:00 - 16:59,,N/A,NON INTERSECTION,27.8274979,DAYLIGHT,YES,-97.06761293,SAME DIRECTION - ONE STRAIGHT-ONE STOPPED,NO MEDIAN,NOT APPLICABLE,2,NOT APPLICABLE,True,SLOWING/STOPPING-TO MAKE LEFT TURN,"2,500 - 4,999 POP",NO,0622,0.051,US & STATE HIGHWAYS,"STRAIGHT, LEVEL",MINOR ARTERIAL,ON ROADWAY,"2 LANE, 2 WAY",True,35,SH0361,DRY,MARKED LANES,CLEAR
15843448,5888,True,5888,2023,PORT ARANSAS,TURNED WHEN UNSAFE,226302,6.404,2017-07-01,0,7,0,0,N - NOT INJURED,0,1010,0,2017,SATURDAY,16.856,0,MOTOR VEHICLE IN TRANSPORT,TWO-WAY,10:00 - 10:59,,CUT OFF RD,INTERSECTION RELATED,27.838021,DAYLIGHT,YES,-97.06803525,SAME DIRECTION - ONE RIGHT TURN-ONE STOPPED,NO MEDIAN,FOUR ENTERING ROADS,4,NOT APPLICABLE,True,"SLOWING/STOPPING - FOR OFFICER, FLAGMAN, OR TRAFFIC CONTROL","2,500 - 4,999 POP",NO,0620,0.589,US & STATE HIGHWAYS,"STRAIGHT, LEVEL",MINOR ARTERIAL,ON ROADWAY,"4 OR MORE LANES, UNDIVIDED",True,15,SH0361,DRY,SIGNAL LIGHT,CLEAR
15847369,6181,False,6181,2023,ARANSAS PASS,DRIVER INATTENTION; TURNED WHEN UNSAFE,226302,2.475,2017-07-01,0,7,1,0,B - SUSPECTED MINOR INJURY,0,1319,1,2017,SATURDAY,12.912,0,OVERTURNED,TWO-WAY,13:00 - 13:59,,N/A,NON INTERSECTION,27.88404374,DAYLIGHT,YES,-97.10413696,ONE MOTOR VEHICLE - GOING STRAIGHT,NO MEDIAN,NOT APPLICABLE,2,OVERTURNED,True,SWERVED OR VEERED - AVOIDING VEHICLE FROM OPPOSITE DIRECTION IN WRONG LANE,"5,000 - 9,999 POP",NO,0616,0.604,US & STATE HIGHWAYS,"STRAIGHT, LEVEL",MINOR ARTERIAL,ON ROADWAY,"2 LANE, 2 WAY",False,55,SH0361,DRY,CENTER STRIPE/DIVIDER,CLEAR
15861615,12050,False,12050,2023,CORPUS CHRISTI,DRIVER INATTENTION;FOLLOWED TOO CLOSELY;UNSAFE SPEED,226303,15.323,2017-07-07,0,7,0,0,N - NOT INJURED,0,1434,0,2017,FRIDAY,23.042,0,MOTOR VEHICLE IN TRANSPORT,TWO-WAY,14:00 - 14:59,,N/A,NON INTERSECTION,27.76402907,DAYLIGHT,YES,-97.11517203,SAME DIRECTION - BOTH GOING STRAIGHT-REAR END,NO MEDIAN,NOT APPLICABLE,5,NOT APPLICABLE,True,CONSTRUCTION-WITHIN POSTED ROAD CONSTRUCTION ZONE (RELATED TO CRASH),"250,000 POP AND OVER",NO,0628,-0.659,US & STATE HIGHWAYS,"STRAIGHT, LEVEL",MINOR ARTERIAL,ON ROADWAY,"4 OR MORE LANES, UNDIVIDED",False,55,SH0361,DRY,CENTER STRIPE/DIVIDER,CLEAR
15868874,10439,False,10439,2023,CORPUS CHRISTI,FAILED TO CONTROL SPEED,226303,23.648,2017-07-16,0,7,2,0,B - SUSPECTED MINOR INJURY,0,1119,2,2017,SUNDAY,31.367,0,MOTOR VEHICLE IN TRANSPORT,TWO-WAY,11:00 - 11:59,,N/A,NON INTERSECTION,27.66030584,DAYLIGHT,YES,-97.18498195,SAME DIRECTION - ONE STRAIGHT-ONE STOPPED,NO MEDIAN,NOT APPLICABLE,5,NOT APPLICABLE,True,SLOWING/STOPPING-FOR TRAFFIC,"250,000 POP AND OVER",NO,0636,-0.316,US & STATE HIGHWAYS,"STRAIGHT, LEVEL",MINOR ARTERIAL,ON ROADWAY,"4 OR MORE LANES, UNDIVIDED",False,60,SH0361,WET,CENTER STRIPE/DIVIDER,RAIN
15868914,12050,False,12050,2023,OUTSIDE CITY LIMITS,DRIVER INATTENTION;FAILED TO YIELD RIGHT OF WAY - TURNING LEFT,226303,13.618,2017-07-17,0,7,0,0,N - NOT INJURED,0,0824,0,2017,MONDAY,21.337,0,MOTOR VEHICLE IN TRANSPORT,TWO-WAY,08:00 - 08:59,,N/A,DRIVEWAY ACCESS,27.78501838,DAYLIGHT,YES,-97.10043752,OPPOSITE DIRECTION - ONE STRAIGHT-ONE LEFT TURN,NO MEDIAN,THREE ENTERING ROADS - T,5,NOT APPLICABLE,True,CONSTRUCTION - WITHIN POSTED ROAD CONSTRUCTION ZONE (NOT RELATED TO CRASH),RURAL,NO,0626,-0.375,US & STATE HIGHWAYS,"STRAIGHT, LEVEL",MINOR ARTERIAL,ON ROADWAY,"4 OR MORE LANES, UNDIVIDED",True,55,SH0361,DRY,NONE,CLOUDY
15868929,15893,True,15893,2023,PORT ARANSAS,DRIVER INATTENTION,226303,12.309,2017-07-17,0,7,0,0,N - NOT INJURED,0,1410,0,2017,MONDAY,20.028,0,MOTOR VEHICLE IN TRANSPORT,BOULEVARD,14:00 - 14:59,,MUSTANG BLVD,INTERSECTION RELATED,27.80023347,DAYLIGHT,YES,-97.08764061,SAME DIRECTION - BOTH GOING STRAIGHT-REAR END,CURBED,THREE ENTERING ROADS - T,4,NOT APPLICABLE,True,CONSTRUCTION - WITHIN POSTED ROAD CONSTRUCTION ZONE (NOT RELATED TO CRASH),"2,500 - 4,999 POP",NO,0624,0.278,US & STATE HIGHWAYS,"STRAIGHT, LEVEL",MINOR ARTERIAL,ON ROADWAY,"4 OR MORE LANES, DIVIDED",True,55,SH0361,DRY,SIGNAL LIGHT,CLEAR
15873711,5888,True,5888,2023,PORT ARANSAS,FAILED TO YIELD RIGHT OF WAY - OPEN INTERSECTION,226302,6.404,2017-07-18,0,7,0,0,N - NOT INJURED,0,2151,0,2017,TUESDAY,16.856,0,MOTOR VEHICLE IN TRANSPORT,TWO-WAY,21:00 - 21:59,,W COTTER AVE,INTERSECTION,27.838021,"DARK, LIGHTED",YES,-97.06803525,ANGLE - BOTH GOING STRAIGHT,NO MEDIAN,FOUR ENTERING ROADS,4,NOT APPLICABLE,True,NOT APPLICABLE,"2,500 - 4,999 POP",NO,0620,0.589,US & STATE HIGHWAYS,"STRAIGHT, LEVEL",MINOR ARTERIAL,ON ROADWAY,"4 OR MORE LANES, UNDIVIDED",True,35,SH0361,DRY,FLASHING RED LIGHT,CLEAR
15877668,15893,True,15893,2023,PORT ARANSAS,FAILED TO CONTROL SPEED; UNDER INFLUENCE - ALCOHOL,226303,11.782,2017-07-22,0,7,0,0,N - NOT INJURED,0,2053,0,2017,SATURDAY,19.501,0,MOTOR VEHICLE IN TRANSPORT,BOULEVARD,20:00 - 20:59,,ACCESS ROAD 1 A,INTERSECTION RELATED,27.80637738,"DARK, LIGHTED",YES,-97.0824751,SAME DIRECTION - ONE STRAIGHT-ONE STOPPED,CURBED,FOUR ENTERING ROADS,4,NOT APPLICABLE,True,CONSTRUCTION - WITHIN POSTED ROAD CONSTRUCTION ZONE (NOT RELATED TO CRASH),"2,500 - 4,999 POP",NO,0624,-0.249,US & STATE HIGHWAYS,"STRAIGHT, LEVEL",MINOR ARTERIAL,ON ROADWAY,"4 OR MORE LANES, DIVIDED",True,55,SH0361,DRY,SIGNAL LIGHT,CLEAR
15881703,9764,False,9764,2023,PORT ARANSAS,FAILED TO CONTROL SPEED;FAILED TO YIELD RIGHT OF WAY - PRIVATE DRIVE;UNDER INFLUENCE - DRUG,226302,7.059,2017-07-23,0,7,1,0,B - SUSPECTED MINOR INJURY,0,1151,1,2017,SUNDAY,17.511,0,MOTOR VEHICLE IN TRANSPORT,TWO-WAY,11:00 - 11:59,,N/A,DRIVEWAY ACCESS,27.83007763,DAYLIGHT,YES,-97.06964932,ANGLE - BOTH GOING STRAIGHT,NO MEDIAN,THREE ENTERING ROADS - T,2,NOT APPLICABLE,True,ONE VEHICLE LEAVING DRIVEWAY,"2,500 - 4,999 POP",NO,0622,-0.217,US & STATE HIGHWAYS,"STRAIGHT, LEVEL",MINOR ARTERIAL,ON ROADWAY,"2 LANE, 2 WAY",True,30,SH0361,DRY,STOP SIGN,CLEAR
15879810,10439,False,10439,2023,CORPUS CHRISTI,NONE,226303,24.384,2017-07-24,0,7,0,0,N - NOT INJURED,0,2104,0,2017,MONDAY,32.103,0,FIXED OBJECT,TWO-WAY,21:00 - 21:59,,N/A,NON INTERSECTION,27.65113329,"DARK, LIGHTED",YES,-97.1911442,ONE MOTOR VEHICLE - GOING STRAIGHT,NO MEDIAN,NOT APPLICABLE,5,HIT OTHER FIXED OBJECT,True,CRASH OCCURRED ON A BEACH,"250,000 POP AND OVER",NO,0636,0.42,US & STATE HIGHWAYS,"STRAIGHT, LEVEL",MINOR ARTERIAL,OFF ROADWAY,"4 OR MORE LANES, UNDIVIDED",False,15,SH0361,"SAND, MUD, DIRT",NONE,CLEAR
15910045,6181,False,6181,2023,ARANSAS PASS,LOAD NOT SECURED,226302,0.277,2017-07-25,0,7,0,0,N - NOT INJURED,0,1148,0,2017,TUESDAY,10.714,0,MOTOR VEHICLE IN TRANSPORT,TWO-WAY,11:00 - 11:59,,N/A,NON INTERSECTION,27.89680958,DAYLIGHT,YES,-97.13633152,SAME DIRECTION - BOTH GOING STRAIGHT-REAR END,NO MEDIAN,OTHER (EXPLAIN IN NARRATIVE),2,NOT APPLICABLE,True,NOT APPLICABLE,"5,000 - 9,999 POP",NO,0614,0.289,US & STATE HIGHWAYS,"STRAIGHT, HILLCREST",MINOR ARTERIAL,ON ROADWAY,"2 LANE, 2 WAY",False,45,SH0361,DRY,CENTER STRIPE/DIVIDER,CLEAR
15885428,14248,False,14248,2023,PORT ARANSAS,FAILED TO YIELD RIGHT OF WAY - TURNING LEFT;UNDER INFLUENCE - ALCOHOL,226303,10.067,2017-07-27,0,7,0,0,N - NOT INJURED,0,1233,0,2017,THURSDAY,17.786,0,MOTOR VEHICLE IN TRANSPORT,TWO-WAY,12:00 - 12:59,,N/A,DRIVEWAY ACCESS,27.82741464,DAYLIGHT,YES,-97.06768748,OPPOSITE DIRECTION - ONE STRAIGHT-ONE LEFT TURN,NO MEDIAN,NOT APPLICABLE,2,NOT APPLICABLE,True,ONE VEHICLE ENTERING DRIVEWAY,"2,500 - 4,999 POP",NO,0622,0.058,US & STATE HIGHWAYS,"STRAIGHT, LEVEL",MINOR ARTERIAL,ON ROADWAY,"2 LANE, 2 WAY",True,35,SH0361,DRY,NONE,CLEAR
15895032,10439,False,10439,2023,CORPUS CHRISTI,CHANGED LANE WHEN UNSAFE,226303,27.384,2017-07-27,0,7,0,0,N - NOT INJURED,0,2050,0,2017,THURSDAY,35.103,0,MOTOR VEHICLE IN TRANSPORT,TWO-WAY,20:00 - 20:59,,N/A,NON INTERSECTION,27.61786271,"DARK, NOT LIGHTED",YES,-97.21991765,SAME DIRECTION - BOTH GOING STRAIGHT-SIDESWIPE,NO MEDIAN,NOT APPLICABLE,5,NOT APPLICABLE,True,VEHICLE CHANGING LANES,"250,000 POP AND OVER",NO,0638,1.421,US & STATE HIGHWAYS,"STRAIGHT, GRADE",MINOR ARTERIAL,ON ROADWAY,"4 OR MORE LANES, UNDIVIDED",False,55,SH0361,DRY,CENTER STRIPE/DIVIDER,CLEAR
15889404,5888,True,5888,2023,PORT ARANSAS,DRIVER INATTENTION,226302,6.404,2017-07-28,0,7,1,0,B - SUSPECTED MINOR INJURY,0,1849,1,2017,FRIDAY,16.856,0,FIXED OBJECT,TWO-WAY,18:00 - 18:59,,CUT OFF RD,INTERSECTION RELATED,27.838021,DAYLIGHT,YES,-97.06803525,ONE MOTOR VEHICLE - TURNING LEFT,NO MEDIAN,FOUR ENTERING ROADS,4,HIT UTILITY POLE,True,ATTENTION DIVERTED FROM DRIVING,"2,500 - 4,999 POP",NO,0620,0.589,US & STATE HIGHWAYS,"STRAIGHT, LEVEL",MINOR ARTERIAL,OFF ROADWAY,"4 OR MORE LANES, UNDIVIDED",True,30,SH0361,DRY,SIGNAL LIGHT,CLEAR
15914896,10439,False,10439,2023,CORPUS CHRISTI,FAILED TO DRIVE IN SINGLE LANE,226303,26.498,2017-07-30,0,7,0,2,C - POSSIBLE INJURY,0,1837,2,2017,SUNDAY,34.217,0,MOTOR VEHICLE IN TRANSPORT,TWO-WAY,18:00 - 18:59,,N/A,NON INTERSECTION,27.62479077,DAYLIGHT,YES,-97.20884991,OPPOSITE DIRECTION - BOTH GOING STRAIGHT,NO MEDIAN,NOT APPLICABLE,5,NOT APPLICABLE,True,NOT APPLICABLE,"250,000 POP AND OVER",NO,0638,0.535,US & STATE HIGHWAYS,"STRAIGHT, LEVEL",MINOR ARTERIAL,ON ROADWAY,"4 OR MORE LANES, UNDIVIDED",False,60,SH0361,DRY,MARKED LANES,CLEAR
15895085,10439,True,10439,2023,CORPUS CHRISTI,DRIVER INATTENTION;FAILED TO YIELD RIGHT OF WAY - TURNING LEFT,226303,27.498,2017-08-01,0,8,0,0,N - NOT INJURED,0,2056,0,2017,TUESDAY,35.217,0,MOTOR VEHICLE IN TRANSPORT,TWO-WAY,20:00 - 20:59,0022,PR0022,INTERSECTION,27.6178894,"DARK, LIGHTED",YES,-97.22177124,OPPOSITE DIRECTION - ONE STRAIGHT-ONE LEFT TURN,NO MEDIAN,NOT APPLICABLE,5,NOT APPLICABLE,True,ATTENTION DIVERTED FROM DRIVING,"250,000 POP AND OVER",NO,0638,1.535,US & STATE HIGHWAYS,"STRAIGHT, LEVEL",MINOR ARTERIAL,ON ROADWAY,"4 OR MORE LANES, UNDIVIDED",False,50,SH0361,DRY,SIGNAL LIGHT,CLEAR
15907372,9764,True,9764,2023,PORT ARANSAS,DRIVER INATTENTION,226302,7.266,2017-08-06,0,8,0,1,C - POSSIBLE INJURY,0,1106,1,2017,SUNDAY,17.718,0,MOTOR VEHICLE IN TRANSPORT,TWO-WAY,11:00 - 11:59,,UNKNOWN,INTERSECTION RELATED,27.82817812,DAYLIGHT,YES,-97.06701789,SAME DIRECTION - ONE STRAIGHT-ONE STOPPED,NO MEDIAN,FOUR ENTERING ROADS,2,NOT APPLICABLE,True,"SLOWING/STOPPING - FOR OFFICER, FLAGMAN, OR TRAFFIC CONTROL","2,500 - 4,999 POP",NO,0622,-0.01,US & STATE HIGHWAYS,"STRAIGHT, LEVEL",MINOR ARTERIAL,ON ROADWAY,"2 LANE, 2 WAY",True,35,SH0361,DRY,SIGNAL LIGHT,CLOUDY
15921135,10439,True,10439,2023,CORPUS CHRISTI,FAILED TO YIELD RIGHT OF WAY - STOP SIGN,226303,26.723,2017-08-10,0,8,2,2,B - SUSPECTED MINOR INJURY,0,2234,4,2017,THURSDAY,34.442,0,MOTOR VEHICLE IN TRANSPORT,TWO-WAY,22:00 - 22:59,,ZAHN RD,INTERSECTION,27.62201986,"DARK, LIGHTED",YES,-97.21077788,ANGLE - BOTH GOING STRAIGHT,NO MEDIAN,THREE ENTERING ROADS - T,5,NOT APPLICABLE,True,NOT APPLICABLE,"250,000 POP AND OVER",NO,0638,0.76,US & STATE HIGHWAYS,"STRAIGHT, LEVEL",MINOR ARTERIAL,ON ROADWAY,"4 OR MORE LANES, UNDIVIDED",False,60,SH0361,DRY,STOP SIGN,CLEAR
15926978,15893,True,15893,2023,PORT ARANSAS,DRIVER INATTENTION; UNDER INFLUENCE - ALCOHOL,226303,11.782,2017-08-16,0,8,0,0,N - NOT INJURED,0,1055,0,2017,WEDNESDAY,19.501,0,MOTOR VEHICLE IN TRANSPORT,BOULEVARD,10:00 - 10:59,,ACCESS ROAD 1 A,INTERSECTION RELATED,27.80637738,DAYLIGHT,YES,-97.0824751,SAME DIRECTION - ONE STRAIGHT-ONE STOPPED,CURBED,FOUR ENTERING ROADS,4,NOT APPLICABLE,True,"SLOWING/STOPPING - FOR OFFICER, FLAGMAN, OR TRAFFIC CONTROL","2,500 - 4,999 POP",NO,0624,-0.249,US & STATE HIGHWAYS,"STRAIGHT, LEVEL",MINOR ARTERIAL,ON ROADWAY,"4 OR MORE LANES, DIVIDED",True,55,SH0361,DRY,SIGNAL LIGHT,CLEAR
15927207,9764,True,9764,2023,PORT ARANSAS,FAILED TO YIELD RIGHT OF WAY - TURNING LEFT,226302,7.266,2017-08-19,0,8,0,0,N - NOT INJURED,0,1822,0,2017,SATURDAY,17.718,0,MOTOR VEHICLE IN TRANSPORT,TWO-WAY,18:00 - 18:59,,UNKNOWN,INTERSECTION,27.82817809,DAYLIGHT,YES,-97.06701784,ANGLE - BOTH GOING STRAIGHT,NO MEDIAN,FOUR ENTERING ROADS,2,NOT APPLICABLE,True,NOT APPLICABLE,"2,500 - 4,999 POP",NO,0622,-0.01,US & STATE HIGHWAYS,"STRAIGHT, LEVEL",MINOR ARTERIAL,ON ROADWAY,"2 LANE, 2 WAY",True,30,SH0361,DRY,STOP SIGN,CLEAR
15942700,6181,False,6181,2023,ARANSAS PASS,DRIVER INATTENTION; FAILED TO PASS TO RIGHT SAFELY,226302,1.646,2017-08-19,0,8,0,0,N - NOT INJURED,0,0956,0,2017,SATURDAY,12.083,0,MOTOR VEHICLE IN TRANSPORT,TWO-WAY,09:00 - 09:59,,N/A,NON INTERSECTION,27.89109274,DAYLIGHT,YES,-97.11490681,SAME DIRECTION - BOTH GOING STRAIGHT-SIDESWIPE,NO MEDIAN,NOT APPLICABLE,2,NOT APPLICABLE,True,VEHICLE PASSING OR ATTEMPTING TO PASS ON RIGHT,"5,000 - 9,999 POP",NO,0616,-0.225,US & STATE HIGHWAYS,"STRAIGHT, LEVEL",MINOR ARTERIAL,ON ROADWAY,"2 LANE, 2 WAY",False,55,SH0361,DRY,NONE,CLEAR
15953337,9764,False,9764,2023,PORT ARANSAS,CHANGED LANE WHEN UNSAFE; FAILED TO PASS TO LEFT SAFELY,226302,6.964,2017-08-23,0,8,0,0,N - NOT INJURED,0,1330,0,2017,WEDNESDAY,17.416,0,MOTOR VEHICLE IN TRANSPORT,TWO-WAY,13:00 - 13:59,,N/A,DRIVEWAY ACCESS,27.8309415,DAYLIGHT,YES,-97.07084941,SAME DIRECTION - ONE STRAIGHT-ONE LEFT TURN,NO MEDIAN,FOUR ENTERING ROADS,2,NOT APPLICABLE,True,SLOWING/STOPPING-TO MAKE LEFT TURN,"2,500 - 4,999 POP",NO,0622,-0.312,US & STATE HIGHWAYS,"STRAIGHT, LEVEL",MINOR ARTERIAL,ON ROADWAY,"2 LANE, 2 WAY",True,35,SH0361,DRY,NONE,CLEAR
15958427,,False,,,CORPUS CHRISTI,FAILED TO CONTROL SPEED,,,2017-08-24,0,8,0,0,N - NOT INJURED,0,1443,0,2017,THURSDAY,,0,MOTOR VEHICLE IN TRANSPORT,,14:00 - 14:59,,N/A,NON INTERSECTION,,DAYLIGHT,?0,,SAME DIRECTION - BOTH GOING STRAIGHT-REAR END,,NOT APPLICABLE,,NOT APPLICABLE,True,SLOWING/STOPPING-FOR TRAFFIC,"250,000 POP AND OVER",NO,,,US & STATE HIGHWAYS,"STRAIGHT, LEVEL",,ON ROADWAY,,False,60,SH0361,DRY,CENTER STRIPE/DIVIDER,CLOUDY
15946290,10439,False,10439,2023,CORPUS CHRISTI,FAILED TO YIELD RIGHT OF WAY - PRIVATE DRIVE,226303,27.46,2017-09-02,0,9,0,0,N - NOT INJURED,0,0955,0,2017,SATURDAY,35.179,0,MOTOR VEHICLE IN TRANSPORT,TWO-WAY,09:00 - 09:59,,N/A,DRIVEWAY ACCESS,27.61788081,DAYLIGHT,YES,-97.22115549,ANGLE - ONE STRAIGHT-ONE LEFT TURN,NO MEDIAN,NOT APPLICABLE,5,NOT APPLICABLE,True,ONE VEHICLE LEAVING DRIVEWAY,"250,000 POP AND OVER",NO,0638,1.497,US & STATE HIGHWAYS,"STRAIGHT, LEVEL",MINOR ARTERIAL,ON ROADWAY,"4 OR MORE LANES, UNDIVIDED",False,55,SH0361,DRY,CENTER STRIPE/DIVIDER,CLOUDY
15948262,10439,False,10439,2023,CORPUS CHRISTI,FAILED TO YIELD RIGHT OF WAY - TURNING LEFT,226303,26.624,2017-09-02,0,9,0,0,N - NOT INJURED,0,2020,0,2017,SATURDAY,34.343,0,MOTOR VEHICLE IN TRANSPORT,TWO-WAY,20:00 - 20:59,,N/A,NON INTERSECTION,27.62324216,"DARK, NOT LIGHTED",YES,-97.20992454,OPPOSITE DIRECTION - ONE STRAIGHT-ONE LEFT TURN,NO MEDIAN,NOT APPLICABLE,5,NOT APPLICABLE,True,NOT APPLICABLE,"250,000 POP AND OVER",NO,0638,0.661,US & STATE HIGHWAYS,"STRAIGHT, LEVEL",MINOR ARTERIAL,ON ROADWAY,"4 OR MORE LANES, UNDIVIDED",False,60,SH0361,DRY,CENTER STRIPE/DIVIDER,CLEAR
15968424,12050,False,12050,2023,OUTSIDE CITY LIMITS,FAILED TO CONTROL SPEED,226303,13.493,2017-09-12,0,9,0,2,A - SUSPECTED SERIOUS INJURY,1,0906,3,2017,TUESDAY,21.212,0,MOTOR VEHICLE IN TRANSPORT,TWO-WAY,09:00 - 09:59,,N/A,NON INTERSECTION,27.78646538,DAYLIGHT,YES,-97.09921272,SAME DIRECTION - ONE STRAIGHT-ONE STOPPED,NO MEDIAN,THREE ENTERING ROADS - T,5,NOT APPLICABLE,True,CONSTRUCTION - WITHIN POSTED ROAD CONSTRUCTION ZONE (NOT RELATED TO CRASH),RURAL,NO,0626,-0.5,US & STATE HIGHWAYS,"STRAIGHT, LEVEL",MINOR ARTERIAL,ON ROADWAY,"4 OR MORE LANES, UNDIVIDED",True,60,SH0361,DRY,STOP SIGN,CLEAR
16011821,5888,False,5888,2023,PORT ARANSAS,OTHER (EXPLAIN IN NARRATIVE),226302,6.407,2017-09-21,0,9,0,0,N - NOT INJURED,0,2056,0,2017,THURSDAY,16.859,0,FIXED OBJECT,TWO-WAY,20:00 - 20:59,,N/A,NON INTERSECTION,27.83799778,"DARK, LIGHTED",YES,-97.06799611,ONE MOTOR VEHICLE - GOING STRAIGHT,NO MEDIAN,NOT APPLICABLE,2,"HIT OVERHEAD SIGNAL LIGHT, WIRES, SIGNS, ETC",True,NOT APPLICABLE,"2,500 - 4,999 POP",NO,0620,0.592,US & STATE HIGHWAYS,"STRAIGHT, LEVEL",MINOR ARTERIAL,ON ROADWAY,"2 LANE, 2 WAY",True,35,SH0361,DRY,NO PASSING ZONE,CLEAR
15984031,9764,True,9764,2023,PORT ARANSAS,TURNED IMPROPERLY - WIDE RIGHT,226302,7.266,2017-09-25,0,9,0,0,N - NOT INJURED,0,1245,0,2017,MONDAY,17.718,0,FIXED OBJECT,TWO-WAY,12:00 - 12:59,,S ALISTER ST,INTERSECTION RELATED,27.82817809,DAYLIGHT,YES,-97.06701784,ONE MOTOR VEHICLE - TURNING RIGHT,NO MEDIAN,FOUR ENTERING ROADS,2,HIT TRAFFIC SIGNAL POLE OR POST,True,NOT APPLICABLE,"2,500 - 4,999 POP",NO,0622,-0.01,US & STATE HIGHWAYS,"STRAIGHT, LEVEL",MINOR ARTERIAL,OFF ROADWAY,"2 LANE, 2 WAY",True,30,SH0361,DRY,SIGNAL LIGHT,CLEAR
15998246,10439,True,10439,2023,CORPUS CHRISTI,DISREGARD STOP AND GO SIGNAL; DRIVER INATTENTION; FAULTY EVASIVE ACTION; TURNED WHEN UNSAFE,226303,27.498,2017-09-29,0,9,0,0,N - NOT INJURED,0,2035,0,2017,FRIDAY,35.217,0,MOTOR VEHICLE IN TRANSPORT,TWO-WAY,20:00 - 20:59,0022,PR0022,INTERSECTION,27.6178894,"DARK, LIGHTED",YES,-97.22177124,OPPOSITE DIRECTION - ONE STRAIGHT-ONE LEFT TURN,NO MEDIAN,NOT APPLICABLE,5,NOT APPLICABLE,True,NOT APPLICABLE,"250,000 POP AND OVER",NO,0638,1.535,US & STATE HIGHWAYS,"STRAIGHT, LEVEL",MINOR ARTERIAL,ON ROADWAY,"4 OR MORE LANES, UNDIVIDED",False,55,SH0361,DRY,SIGNAL LIGHT,CLEAR
16017351,6181,False,6181,2023,ARANSAS PASS,DRIVER INATTENTION,226302,2.105,2017-10-04,1,10,0,0,K - FATAL INJURY,0,0827,0,2017,WEDNESDAY,12.542,1,FIXED OBJECT,TWO-WAY,08:00 - 08:59,,N/A,NON INTERSECTION,27.88779627,DAYLIGHT,YES,-97.10847877,ONE MOTOR VEHICLE - GOING STRAIGHT,NO MEDIAN,NOT APPLICABLE,2,HIT GUARDRAIL,True,ATTENTION DIVERTED FROM DRIVING,"5,000 - 9,999 POP",NO,0616,0.234,US & STATE HIGHWAYS,"CURVE, LEVEL",MINOR ARTERIAL,OFF ROADWAY,"2 LANE, 2 WAY",False,55,SH0361,DRY,NONE,CLEAR
16032256,12050,False,12050,2023,CORPUS CHRISTI,ANIMAL ON ROAD - WILD,226303,14.673,2017-10-08,0,10,0,0,N - NOT INJURED,0,2300,0,2017,SUNDAY,22.392,0,ANIMAL,TWO-WAY,23:00 - 23:59,,N/A,NON INTERSECTION,27.77211706,"DARK, NOT LIGHTED",YES,-97.10970678,ONE MOTOR VEHICLE - GOING STRAIGHT,NO MEDIAN,THREE ENTERING ROADS - T,5,NOT APPLICABLE,True,NOT APPLICABLE,"250,000 POP AND OVER",NO,0626,0.68,US & STATE HIGHWAYS,"STRAIGHT, LEVEL",MINOR ARTERIAL,ON ROADWAY,"4 OR MORE LANES, UNDIVIDED",False,60,SH0361,DRY,NONE,CLEAR
16025136,9764,True,9764,2023,PORT ARANSAS,DRIVER INATTENTION;FAILED TO YIELD RIGHT OF WAY - TURNING LEFT,226302,7.266,2017-10-11,0,10,0,0,N - NOT INJURED,0,0635,0,2017,WEDNESDAY,17.718,0,MOTOR VEHICLE IN TRANSPORT,TWO-WAY,06:00 - 06:59,,UNKNOWN,INTERSECTION,27.82817762,"DARK, LIGHTED",YES,-97.06701719,OPPOSITE DIRECTION - ONE STRAIGHT-ONE LEFT TURN,NO MEDIAN,FOUR ENTERING ROADS,2,NOT APPLICABLE,True,ATTENTION DIVERTED FROM DRIVING,"2,500 - 4,999 POP",NO,0622,-0.01,US & STATE HIGHWAYS,"STRAIGHT, LEVEL",MINOR ARTERIAL,ON ROADWAY,"2 LANE, 2 WAY",True,35,SH0361,DRY,SIGNAL LIGHT,CLEAR
16026402,12050,False,12050,2023,CORPUS CHRISTI,FAILED TO CONTROL SPEED,226303,17.364,2017-10-13,0,10,0,1,C - POSSIBLE INJURY,0,1310,1,2017,FRIDAY,25.083,0,MOTOR VEHICLE IN TRANSPORT,TWO-WAY,13:00 - 13:59,,N/A,NON INTERSECTION,27.73860792,DAYLIGHT,YES,-97.13229865,SAME DIRECTION - BOTH GOING STRAIGHT-REAR END,NO MEDIAN,NOT APPLICABLE,5,NOT APPLICABLE,True,SLOWING/STOPPING-FOR TRAFFIC,"250,000 POP AND OVER",NO,0630,-0.649,US & STATE HIGHWAYS,"STRAIGHT, LEVEL",MINOR ARTERIAL,ON ROADWAY,"4 OR MORE LANES, UNDIVIDED",False,60,SH0361,DRY,MARKED LANES,CLEAR
16054949,,False,,,PORT ARANSAS,DRIVER INATTENTION;OTHER (EXPLAIN IN NARRATIVE),,,2017-10-19,0,10,0,1,C - POSSIBLE INJURY,0,0855,1,2017,THURSDAY,,0,PARKED CAR,,08:00 - 08:59,,N/A,NON INTERSECTION,,DAYLIGHT,?0,,ONE MOTOR VEHICLE - GOING STRAIGHT,,OTHER (EXPLAIN IN NARRATIVE),,NOT APPLICABLE,True,CONSTRUCTION - WITHIN POSTED ROAD CONSTRUCTION ZONE (NOT RELATED TO CRASH),"2,500 - 4,999 POP",YES,,,NON TRAFFICWAY,OTHER (EXPLAIN IN NARRATIVE),,NOT APPLICABLE,,True,55,SH0361,DRY,NONE,CLEAR
16049551,,False,,,PORT ARANSAS,DRIVER INATTENTION,,,2017-10-29,0,10,0,0,N - NOT INJURED,0,1015,0,2017,SUNDAY,,0,MOTOR VEHICLE IN TRANSPORT,,10:00 - 10:59,,N/A,NON INTERSECTION,,DAYLIGHT,?0,,OPPOSITE DIRECTION - ONE STRAIGHT-ONE BACKING,,NOT APPLICABLE,,NOT APPLICABLE,True,ATTENTION DIVERTED FROM DRIVING,"2,500 - 4,999 POP",NO,,,NON TRAFFICWAY,OTHER (EXPLAIN IN NARRATIVE),,ON ROADWAY,,True,-1,SH0361,DRY,FLAGMAN,CLEAR
16066716,15893,False,15893,2023,PORT ARANSAS,FAILED TO CONTROL SPEED; FAULTY EVASIVE ACTION,226303,11.488,2017-10-31,0,10,0,0,N - NOT INJURED,0,1613,0,2017,TUESDAY,19.207,0,MOTOR VEHICLE IN TRANSPORT,BOULEVARD,16:00 - 16:59,,N/A,DRIVEWAY ACCESS,27.8097177,DAYLIGHT,YES,-97.07949588,SAME DIRECTION - ONE STRAIGHT-ONE LEFT TURN,CURBED,THREE ENTERING ROADS - T,4,NOT APPLICABLE,True,ONE VEHICLE ENTERING DRIVEWAY,"2,500 - 4,999 POP",NO,0624,-0.543,US & STATE HIGHWAYS,"STRAIGHT, LEVEL",MINOR ARTERIAL,ON ROADWAY,"4 OR MORE LANES, DIVIDED",True,35,SH0361,DRY,NONE,CLEAR
16083290,10439,False,10439,2023,CORPUS CHRISTI,CHANGED LANE WHEN UNSAFE,226303,26.498,2017-11-05,0,11,0,1,C - POSSIBLE INJURY,0,1212,1,2017,SUNDAY,34.217,0,MOTOR VEHICLE IN TRANSPORT,TWO-WAY,12:00 - 12:59,,N/A,NON INTERSECTION,27.62479077,DAYLIGHT,YES,-97.20884991,OPPOSITE DIRECTION - BOTH GOING STRAIGHT,NO MEDIAN,NOT APPLICABLE,5,NOT APPLICABLE,True,VEHICLE CHANGING LANES,"250,000 POP AND OVER",NO,0638,0.535,US & STATE HIGHWAYS,"STRAIGHT, LEVEL",MINOR ARTERIAL,ON ROADWAY,"4 OR MORE LANES, UNDIVIDED",False,65,SH0361,DRY,CENTER STRIPE/DIVIDER,CLEAR
16066805,9764,True,9764,2023,PORT ARANSAS,FAILED TO DRIVE IN SINGLE LANE; HAD BEEN DRINKING,226302,7.266,2017-11-07,0,11,0,0,N - NOT INJURED,0,1707,0,2017,TUESDAY,17.718,0,FIXED OBJECT,TWO-WAY,17:00 - 17:59,,CUT OFF RD,INTERSECTION RELATED,27.82817809,DAYLIGHT,YES,-97.06701784,ONE MOTOR VEHICLE - TURNING LEFT,NO MEDIAN,FOUR ENTERING ROADS,2,HIT HIGHWAY SIGN,True,NOT APPLICABLE,"2,500 - 4,999 POP",NO,0622,-0.01,US & STATE HIGHWAYS,"STRAIGHT, LEVEL",MINOR ARTERIAL,OFF ROADWAY,"2 LANE, 2 WAY",True,30,SH0361,DRY,MARKED LANES,CLEAR
16090598,14248,False,14248,2023,PORT ARANSAS,DISTRACTION IN VEHICLE; DRIVER INATTENTION; FAILED TO CONTROL SPEED,226303,10.045,2017-11-09,0,11,0,0,N - NOT INJURED,0,1205,0,2017,THURSDAY,17.764,0,MOTOR VEHICLE IN TRANSPORT,TWO-WAY,12:00 - 12:59,,N/A,NON INTERSECTION,27.82765998,DAYLIGHT,YES,-97.0674678,SAME DIRECTION - BOTH GOING STRAIGHT-REAR END,NO MEDIAN,FOUR ENTERING ROADS,2,NOT APPLICABLE,True,SLOWING/STOPPING-FOR TRAFFIC,"2,500 - 4,999 POP",NO,0622,0.036,US & STATE HIGHWAYS,"STRAIGHT, LEVEL",MINOR ARTERIAL,ON ROADWAY,"2 LANE, 2 WAY",True,35,SH0361,WET,NONE,CLOUDY
16102754,9764,True,9764,2023,PORT ARANSAS,FAULTY EVASIVE ACTION; TURNED WHEN UNSAFE,226302,7.266,2017-11-16,0,11,0,0,N - NOT INJURED,0,1630,0,2017,THURSDAY,17.718,0,FIXED OBJECT,TWO-WAY,16:00 - 16:59,,S ALISTER ST,INTERSECTION RELATED,27.82817809,DAYLIGHT,YES,-97.06701784,ONE MOTOR VEHICLE - TURNING RIGHT,NO MEDIAN,FOUR ENTERING ROADS,2,HIT OTHER FIXED OBJECT,True,CONSTRUCTION - WITHIN POSTED ROAD CONSTRUCTION ZONE (NOT RELATED TO CRASH),"2,500 - 4,999 POP",NO,0622,-0.01,US & STATE HIGHWAYS,"STRAIGHT, LEVEL",MINOR ARTERIAL,ON ROADWAY,"2 LANE, 2 WAY",True,30,SH0361,DRY,SIGNAL LIGHT,CLEAR
16125025,10439,False,10439,2023,CORPUS CHRISTI,ANIMAL ON ROAD - WILD,226303,24.392,2017-11-25,0,11,0,0,N - NOT INJURED,0,1812,0,2017,SATURDAY,32.111,0,ANIMAL,TWO-WAY,18:00 - 18:59,,N/A,NON INTERSECTION,27.65103206,"DARK, NOT LIGHTED",YES,-97.19121206,ONE MOTOR VEHICLE - GOING STRAIGHT,NO MEDIAN,NOT APPLICABLE,5,NOT APPLICABLE,True,NOT APPLICABLE,"250,000 POP AND OVER",NO,0636,0.428,US & STATE HIGHWAYS,"STRAIGHT, LEVEL",MINOR ARTERIAL,ON ROADWAY,"4 OR MORE LANES, UNDIVIDED",False,60,SH0361,DRY,CENTER STRIPE/DIVIDER,CLEAR
16130531,15893,False,15893,2023,PORT ARANSAS,DRIVER INATTENTION; FAILED TO CONTROL SPEED,226303,12.051,2017-12-01,0,12,0,0,N - NOT INJURED,0,0910,0,2017,FRIDAY,19.77,0,MOTOR VEHICLE IN TRANSPORT,BOULEVARD,09:00 - 09:59,,N/A,NON INTERSECTION,27.80324249,DAYLIGHT,YES,-97.08511111,SAME DIRECTION - ONE STRAIGHT-ONE STOPPED,CURBED,NOT APPLICABLE,4,NOT APPLICABLE,True,CONSTRUCTION - WITHIN POSTED ROAD CONSTRUCTION ZONE (NOT RELATED TO CRASH),"2,500 - 4,999 POP",NO,0624,0.02,US & STATE HIGHWAYS,"STRAIGHT, LEVEL",MINOR ARTERIAL,ON ROADWAY,"4 OR MORE LANES, DIVIDED",True,55,SH0361,DRY,NO PASSING ZONE,CLEAR
16116939,15893,False,15893,2023,PORT ARANSAS,FAILED TO CONTROL SPEED; TURNED WHEN UNSAFE,226303,10.256,2017-12-02,0,12,0,0,N - NOT INJURED,0,1345,0,2017,SATURDAY,17.975,0,MOTOR VEHICLE IN TRANSPORT,TWO-WAY,13:00 - 13:59,,N/A,DRIVEWAY ACCESS,27.82525563,DAYLIGHT,YES,-97.06958082,OPPOSITE DIRECTION - ONE STRAIGHT-ONE LEFT TURN,NO MEDIAN,NOT APPLICABLE,2,NOT APPLICABLE,True,ONE VEHICLE ENTERING DRIVEWAY,"2,500 - 4,999 POP",NO,0622,0.247,US & STATE HIGHWAYS,"STRAIGHT, LEVEL",MINOR ARTERIAL,ON ROADWAY,"2 LANE, 2 WAY",True,45,SH0361,DRY,MARKED LANES,CLEAR
16130822,15893,False,15893,2023,PORT ARANSAS,FAILED TO CONTROL SPEED; FOLLOWED TOO CLOSELY,226303,12.084,2017-12-05,0,12,0,1,C - POSSIBLE INJURY,0,1234,1,2017,TUESDAY,19.803,0,MOTOR VEHICLE IN TRANSPORT,BOULEVARD,12:00 - 12:59,,N/A,NON INTERSECTION,27.80285272,DAYLIGHT,YES,-97.08543876,SAME DIRECTION - BOTH GOING STRAIGHT-REAR END,CURBED,THREE ENTERING ROADS - T,4,NOT APPLICABLE,True,CONSTRUCTION - WITHIN POSTED ROAD CONSTRUCTION ZONE (NOT RELATED TO CRASH),"2,500 - 4,999 POP",NO,0624,0.053,US & STATE HIGHWAYS,"STRAIGHT, LEVEL",MINOR ARTERIAL,ON ROADWAY,"4 OR MORE LANES, DIVIDED",True,55,SH0361,WET,NONE,RAIN
16180211,10439,True,10439,2023,CORPUS CHRISTI,PEDESTRIAN FAILED TO YIELD RIGHT OF WAY TO VEHICLE,226303,27.498,2017-12-23,0,12,0,0,A - SUSPECTED SERIOUS INJURY,1,1632,1,2017,SATURDAY,35.217,0,PEDESTRIAN,TWO-WAY,16:00 - 16:59,0022,PR0022,INTERSECTION,27.6178894,DAYLIGHT,YES,-97.22177124,ONE MOTOR VEHICLE - GOING STRAIGHT,NO MEDIAN,FOUR ENTERING ROADS,5,NOT APPLICABLE,True,NOT APPLICABLE,"250,000 POP AND OVER",NO,0638,1.535,US & STATE HIGHWAYS,"STRAIGHT, LEVEL",MINOR ARTERIAL,ON ROADWAY,"4 OR MORE LANES, UNDIVIDED",False,45,SH0361,DRY,SIGNAL LIGHT,CLEAR
16183286,14248,False,14248,2023,PORT ARANSAS,FAILED TO DRIVE IN SINGLE LANE,226303,10.056,2018-01-05,0,1,0,0,N - NOT INJURED,0,1012,0,2018,FRIDAY,17.775,0,MOTOR VEHICLE IN TRANSPORT,TWO-WAY,10:00 - 10:59,,N/A,DRIVEWAY ACCESS,27.82753947,DAYLIGHT,YES,-97.0675757,ANGLE - ONE STRAIGHT-ONE RIGHT TURN,NO MEDIAN,NOT APPLICABLE,2,NOT APPLICABLE,True,ONE VEHICLE LEAVING DRIVEWAY,"2,500 - 4,999 POP",NO,0622,0.047,US & STATE HIGHWAYS,"STRAIGHT, LEVEL",MINOR ARTERIAL,ON ROADWAY,"2 LANE, 2 WAY",True,35,SH0361,DRY,NONE,CLOUDY
16183544,9764,False,9764,2023,PORT ARANSAS,OTHER (EXPLAIN IN NARRATIVE),226302,7.173,2018-01-06,0,1,0,1,C - POSSIBLE INJURY,0,1831,1,2018,SATURDAY,17.625,0,PEDALCYCLIST,TWO-WAY,18:00 - 18:59,,N/A,NON INTERSECTION,27.82902984,"DARK, NOT LIGHTED",YES,-97.06821105,ONE MOTOR VEHICLE - GOING STRAIGHT,NO MEDIAN,NOT APPLICABLE,2,NOT APPLICABLE,True,NOT APPLICABLE,"2,500 - 4,999 POP",NO,0622,-0.103,US & STATE HIGHWAYS,"STRAIGHT, LEVEL",MINOR ARTERIAL,ON ROADWAY,"2 LANE, 2 WAY",True,30,SH0361,DRY,MARKED LANES,CLEAR
16186906,12050,False,12050,2023,CORPUS CHRISTI,FAILED TO CONTROL SPEED; FAULTY EVASIVE ACTION,226303,14.521,2018-01-07,0,1,1,0,B - SUSPECTED MINOR INJURY,0,2137,1,2018,SUNDAY,22.24,0,OVERTURNED,TWO-WAY,21:00 - 21:59,,N/A,NON INTERSECTION,27.77401136,"DARK, LIGHTED",YES,-97.10842676,ONE MOTOR VEHICLE - GOING STRAIGHT,NO MEDIAN,NOT APPLICABLE,5,OVERTURNED,True,NOT APPLICABLE,"250,000 POP AND OVER",NO,0626,0.528,US & STATE HIGHWAYS,"STRAIGHT, LEVEL",MINOR ARTERIAL,OFF ROADWAY,"4 OR MORE LANES, UNDIVIDED",False,55,SH0361,DRY,MARKED LANES,CLEAR
16193516,10439,False,10439,2023,CORPUS CHRISTI,FAILED TO DRIVE IN SINGLE LANE,226303,27.46,2018-01-11,0,1,0,0,N - NOT INJURED,0,1046,0,2018,THURSDAY,35.179,0,FIXED OBJECT,TWO-WAY,10:00 - 10:59,,N/A,NON INTERSECTION,27.61788081,DAYLIGHT,YES,-97.22115549,ONE MOTOR VEHICLE - GOING STRAIGHT,NO MEDIAN,NOT APPLICABLE,5,HIT OTHER FIXED OBJECT,True,SWERVED OR VEERED-REASON NOT SPECIFIED,"250,000 POP AND OVER",NO,0638,1.497,US & STATE HIGHWAYS,"STRAIGHT, LEVEL",MINOR ARTERIAL,OFF ROADWAY,"4 OR MORE LANES, UNDIVIDED",False,55,SH0361,DRY,MARKED LANES,CLEAR
16197493,5888,False,5888,2023,PORT ARANSAS,DRIVER INATTENTION;FAILED TO YIELD RIGHT OF WAY - PRIVATE DRIVE,226302,6.426,2018-01-15,0,1,0,0,N - NOT INJURED,0,1206,0,2018,MONDAY,16.878,0,MOTOR VEHICLE IN TRANSPORT,TWO-WAY,12:00 - 12:59,,N/A,DRIVEWAY ACCESS,27.83778077,DAYLIGHT,YES,-97.06818762,ANGLE - ONE STRAIGHT-ONE LEFT TURN,NO MEDIAN,THREE ENTERING ROADS - T,2,NOT APPLICABLE,True,ONE VEHICLE LEAVING DRIVEWAY,"2,500 - 4,999 POP",NO,0620,0.611,US & STATE HIGHWAYS,"STRAIGHT, LEVEL",MINOR ARTERIAL,ON ROADWAY,"2 LANE, 2 WAY",True,30,SH0361,DRY,NONE,CLOUDY
16218158,15893,False,15893,2023,PORT ARANSAS,FAILED TO CONTROL SPEED; FAILED TO DRIVE IN SINGLE LANE; UNDER INFLUENCE - ALCOHOL,226303,12.277,2018-01-21,0,1,0,1,C - POSSIBLE INJURY,0,1703,1,2018,SUNDAY,19.996,0,FIXED OBJECT,BOULEVARD,17:00 - 17:59,,N/A,NON INTERSECTION,27.8006038,DAYLIGHT,YES,-97.08732929,ONE MOTOR VEHICLE - GOING STRAIGHT,CURBED,THREE ENTERING ROADS - T,4,HIT HIGHWAY SIGN,True,CONSTRUCTION - WITHIN POSTED ROAD CONSTRUCTION ZONE (NOT RELATED TO CRASH),"2,500 - 4,999 POP",NO,0624,0.246,US & STATE HIGHWAYS,"STRAIGHT, LEVEL",MINOR ARTERIAL,OFF ROADWAY,"4 OR MORE LANES, DIVIDED",True,45,SH0361,DRY,MARKED LANES,CLEAR
16211891,5888,False,5888,2023,PORT ARANSAS,DRIVER INATTENTION,226302,6.407,2018-01-23,0,1,0,0,N - NOT INJURED,0,1354,0,2018,TUESDAY,16.859,0,FIXED OBJECT,TWO-WAY,13:00 - 13:59,,N/A,NON INTERSECTION,27.83799778,DAYLIGHT,YES,-97.06799611,ONE MOTOR VEHICLE - GOING STRAIGHT,NO MEDIAN,NOT APPLICABLE,2,"HIT OVERHEAD SIGNAL LIGHT, WIRES, SIGNS, ETC",True,ATTENTION DIVERTED FROM DRIVING,"2,500 - 4,999 POP",NO,0620,0.592,US & STATE HIGHWAYS,"STRAIGHT, LEVEL",MINOR ARTERIAL,ON ROADWAY,"2 LANE, 2 WAY",True,30,SH0361,DRY,CENTER STRIPE/DIVIDER,CLEAR
16221692,15893,True,15893,2023,PORT ARANSAS,DRIVER INATTENTION;FAILED TO YIELD RIGHT OF WAY - TURNING LEFT;IMPAIRED VISIBILITY (EXPLAIN IN NARRATIVE),226303,11.782,2018-01-29,0,1,0,0,N - NOT INJURED,0,1707,0,2018,MONDAY,19.501,0,MOTOR VEHICLE IN TRANSPORT,BOULEVARD,17:00 - 17:59,,ACCESS ROAD 1 A,INTERSECTION,27.80637738,DAYLIGHT,YES,-97.0824751,OPPOSITE DIRECTION - ONE STRAIGHT-ONE LEFT TURN,CURBED,FOUR ENTERING ROADS,4,NOT APPLICABLE,True,CONSTRUCTION - WITHIN POSTED ROAD CONSTRUCTION ZONE (NOT RELATED TO CRASH),"2,500 - 4,999 POP",NO,0624,-0.249,US & STATE HIGHWAYS,"STRAIGHT, LEVEL",MINOR ARTERIAL,ON ROADWAY,"4 OR MORE LANES, DIVIDED",True,55,SH0361,DRY,SIGNAL LIGHT,CLEAR
16236424,12050,False,12050,2023,CORPUS CHRISTI,FAILED TO CONTROL SPEED,226303,19.152,2018-02-05,0,2,0,1,C - POSSIBLE INJURY,0,1017,1,2018,MONDAY,26.871,0,OVERTURNED,TWO-WAY,10:00 - 10:59,,N/A,NON INTERSECTION,27.71633285,DAYLIGHT,YES,-97.14731206,ONE MOTOR VEHICLE - GOING STRAIGHT,NO MEDIAN,NOT APPLICABLE,5,OVERTURNED,True,SWERVED OR VEERED-AVOIDING VEHICLE STOPPED OR MOVING SLOWLY IN TRAFFIC LANE,"250,000 POP AND OVER",NO,0632,-0.812,US & STATE HIGHWAYS,"STRAIGHT, LEVEL",MINOR ARTERIAL,OFF ROADWAY,"4 OR MORE LANES, UNDIVIDED",False,60,SH0361,DRY,CENTER STRIPE/DIVIDER,CLEAR
16265568,5888,True,5888,2023,PORT ARANSAS,TURNED IMPROPERLY - WIDE RIGHT; TURNED WHEN UNSAFE,226302,6.404,2018-02-12,0,2,0,0,99 - UNKNOWN,0,0922,0,2018,MONDAY,16.856,0,FIXED OBJECT,TWO-WAY,09:00 - 09:59,,CUT OFF RD,INTERSECTION RELATED,27.838021,DAYLIGHT,YES,-97.06803525,ONE MOTOR VEHICLE - TURNING RIGHT,NO MEDIAN,FOUR ENTERING ROADS,4,HIT UTILITY POLE,True,NOT APPLICABLE,"2,500 - 4,999 POP",NO,0620,0.589,US & STATE HIGHWAYS,"STRAIGHT, LEVEL",MINOR ARTERIAL,OFF ROADWAY,"4 OR MORE LANES, UNDIVIDED",True,30,SH0361,DRY,SIGNAL LIGHT,CLOUDY
16250046,10439,False,10439,2023,CORPUS CHRISTI,TURNED WHEN UNSAFE,226303,27.398,2018-02-14,0,2,0,0,N - NOT INJURED,0,0707,0,2018,WEDNESDAY,35.117,0,FIXED OBJECT,TWO-WAY,07:00 - 07:59,,N/A,NON INTERSECTION,27.61786638,DAWN,YES,-97.22013958,ONE MOTOR VEHICLE - GOING STRAIGHT,NO MEDIAN,NOT APPLICABLE,5,HIT MEDIAN BARRIER (CONCRETE OR CABLE),True,"LOST CONTROL OR SKIDDED (ICY OR SLICK ROAD, ETC.)","250,000 POP AND OVER",NO,0638,1.435,US & STATE HIGHWAYS,"STRAIGHT, GRADE",MINOR ARTERIAL,MEDIAN,"4 OR MORE LANES, UNDIVIDED",False,55,SH0361,WET,CENTER STRIPE/DIVIDER,FOG
16261616,10439,False,10439,2023,CORPUS CHRISTI,TURNED WHEN UNSAFE,226303,25.838,2018-02-18,0,2,2,3,B - SUSPECTED MINOR INJURY,0,1630,5,2018,SUNDAY,33.557,0,MOTOR VEHICLE IN TRANSPORT,TWO-WAY,16:00 - 16:59,,N/A,NON INTERSECTION,27.63302133,DAYLIGHT,YES,-97.20332975,SAME DIRECTION - ONE STRAIGHT-ONE LEFT TURN,NO MEDIAN,NOT APPLICABLE,5,NOT APPLICABLE,True,NOT APPLICABLE,"250,000 POP AND OVER",NO,0638,-0.125,US & STATE HIGHWAYS,"STRAIGHT, LEVEL",MINOR ARTERIAL,ON ROADWAY,"4 OR MORE LANES, UNDIVIDED",False,60,SH0361,DRY,CENTER STRIPE/DIVIDER,CLEAR
16265603,5888,False,5888,2023,PORT ARANSAS,NONE,226302,6.31,2018-02-21,0,2,0,0,N - NOT INJURED,0,1815,0,2018,WEDNESDAY,16.762,0,MOTOR VEHICLE IN TRANSPORT,TWO-WAY,18:00 - 18:59,,N/A,NON INTERSECTION,27.83912224,"DARK, LIGHTED",YES,-97.06880445,SAME DIRECTION - ONE STRAIGHT-ONE STOPPED,NO MEDIAN,NOT APPLICABLE,4,NOT APPLICABLE,True,SLOWING/STOPPING-REASON NOT SPECIFIED,"2,500 - 4,999 POP",NO,0620,0.495,US & STATE HIGHWAYS,"STRAIGHT, LEVEL",MINOR ARTERIAL,ON ROADWAY,"4 OR MORE LANES, UNDIVIDED",True,15,SH0361,WET,NONE,CLOUDY
16266814,15893,True,15893,2023,PORT ARANSAS,FAILED TO CONTROL SPEED; HAD BEEN DRINKING; TURNED IMPROPERLY - WIDE RIGHT,226303,11.059,2018-02-25,0,2,0,0,N - NOT INJURED,0,1740,0,2018,SUNDAY,18.778,0,FIXED OBJECT,TWO-WAY,17:00 - 17:59,,SEA ISLE DR,INTERSECTION RELATED,27.81503448,DAYLIGHT,YES,-97.07589137,ONE MOTOR VEHICLE - TURNING LEFT,NO MEDIAN,THREE ENTERING ROADS - T,2,HIT CURB,True,NOT APPLICABLE,"2,500 - 4,999 POP",NO,0624,-0.972,US & STATE HIGHWAYS,"STRAIGHT, LEVEL",MINOR ARTERIAL,OFF ROADWAY,"2 LANE, 2 WAY",True,45,SH0361,DRY,MARKED LANES,CLEAR
16268869,15893,True,15893,2023,PORT ARANSAS,DRIVER INATTENTION;UNSAFE SPEED,226303,12.62,2018-02-25,0,2,1,0,B - SUSPECTED MINOR INJURY,0,0630,1,2018,SUNDAY,20.339,0,FIXED OBJECT,BOULEVARD,06:00 - 06:59,,UNKNOWN,INTERSECTION RELATED,27.79662567,"DARK, LIGHTED",YES,-97.09066748,ONE MOTOR VEHICLE - GOING STRAIGHT,CURBED,THREE ENTERING ROADS - T,4,HIT OTHER FIXED OBJECT,True,CONSTRUCTION - WITHIN POSTED ROAD CONSTRUCTION ZONE (NOT RELATED TO CRASH),"2,500 - 4,999 POP",NO,0624,0.589,US & STATE HIGHWAYS,"STRAIGHT, LEVEL",MINOR ARTERIAL,OFF ROADWAY,"4 OR MORE LANES, DIVIDED",True,55,SH0361,WET,INOPERATIVE (EXPLAIN IN NARRATIVE),FOG
16269536,10439,False,10439,2023,CORPUS CHRISTI,CHANGED LANE WHEN UNSAFE,226303,26.498,2018-02-25,0,2,2,0,B - SUSPECTED MINOR INJURY,0,1044,2,2018,SUNDAY,34.217,0,MOTOR VEHICLE IN TRANSPORT,TWO-WAY,10:00 - 10:59,,N/A,NON INTERSECTION,27.62479077,DAYLIGHT,YES,-97.20884991,SAME DIRECTION - ONE STRAIGHT-ONE LEFT TURN,NO MEDIAN,NOT APPLICABLE,5,NOT APPLICABLE,True,NOT APPLICABLE,"250,000 POP AND OVER",NO,0638,0.535,US & STATE HIGHWAYS,"STRAIGHT, LEVEL",MINOR ARTERIAL,ON ROADWAY,"4 OR MORE LANES, UNDIVIDED",False,55,SH0361,DRY,MARKED LANES,CLOUDY
16279046,14248,False,14248,2023,PORT ARANSAS,DRIVER INATTENTION;FAILED TO YIELD RIGHT OF WAY - OPEN INTERSECTION,226303,10.035,2018-03-02,0,3,0,0,N - NOT INJURED,0,1205,0,2018,FRIDAY,17.754,0,MOTOR VEHICLE IN TRANSPORT,TWO-WAY,12:00 - 12:59,,N/A,DRIVEWAY ACCESS,27.82777743,DAYLIGHT,YES,-97.06736263,ANGLE - ONE STRAIGHT-ONE LEFT TURN,NO MEDIAN,OTHER (EXPLAIN IN NARRATIVE),2,NOT APPLICABLE,True,ONE VEHICLE LEAVING DRIVEWAY,"2,500 - 4,999 POP",NO,0622,0.026,US & STATE HIGHWAYS,"STRAIGHT, LEVEL",MINOR ARTERIAL,ON ROADWAY,"2 LANE, 2 WAY",True,35,SH0361,DRY,MARKED LANES,CLEAR
16284736,,False,,,PORT ARANSAS,NONE,,,2018-03-04,0,3,0,0,99 - UNKNOWN,0,1230,0,2018,SUNDAY,,0,PARKED CAR,,12:00 - 12:59,,N/A,NON INTERSECTION,,DAYLIGHT,?0,,ONE MOTOR VEHICLE - OTHER,,NOT APPLICABLE,,NOT APPLICABLE,True,NOT APPLICABLE,"2,500 - 4,999 POP",YES,,,NON TRAFFICWAY,"STRAIGHT, GRADE",,NOT APPLICABLE,,True,5,SH0361,DRY,MARKED LANES,CLEAR
16298648,10439,False,10439,2023,CORPUS CHRISTI,FAILED TO CONTROL SPEED,226303,27.46,2018-03-10,0,3,0,3,C - POSSIBLE INJURY,0,1403,3,2018,SATURDAY,35.179,0,MOTOR VEHICLE IN TRANSPORT,TWO-WAY,14:00 - 14:59,,N/A,NON INTERSECTION,27.61788081,DAYLIGHT,YES,-97.22115549,SAME DIRECTION - ONE STRAIGHT-ONE STOPPED,NO MEDIAN,NOT APPLICABLE,5,NOT APPLICABLE,True,SLOWING/STOPPING-FOR TRAFFIC,"250,000 POP AND OVER",NO,0638,1.497,US & STATE HIGHWAYS,"STRAIGHT, LEVEL",MINOR ARTERIAL,ON ROADWAY,"4 OR MORE LANES, UNDIVIDED",False,55,SH0361,DRY,CENTER STRIPE/DIVIDER,CLEAR
16306455,12050,False,12050,2023,CORPUS CHRISTI,FAILED TO DRIVE IN SINGLE LANE;IMPAIRED VISIBILITY (EXPLAIN IN NARRATIVE);TAKING MEDICATION (EXPLAIN IN NARRATIVE);UNDER INFLUENCE - DRUG,226303,15.469,2018-03-17,1,3,0,0,K - FATAL INJURY,0,0229,0,2018,SATURDAY,23.188,1,PEDESTRIAN,TWO-WAY,02:00 - 02:59,,N/A,NON INTERSECTION,27.76220648,"DARK, NOT LIGHTED",YES,-97.1164036,ONE MOTOR VEHICLE - GOING STRAIGHT,NO MEDIAN,NOT APPLICABLE,5,NOT APPLICABLE,True,NOT APPLICABLE,"250,000 POP AND OVER",NO,0628,-0.513,US & STATE HIGHWAYS,"STRAIGHT, LEVEL",MINOR ARTERIAL,SHOULDER,"4 OR MORE LANES, UNDIVIDED",False,60,SH0361,WET,MARKED LANES,FOG
16306612,12050,False,12050,2023,OUTSIDE CITY LIMITS,FAILED TO CONTROL SPEED,226303,13.395,2018-03-17,0,3,0,1,C - POSSIBLE INJURY,0,1933,1,2018,SATURDAY,21.114,0,MOTOR VEHICLE IN TRANSPORT,TWO-WAY,19:00 - 19:59,,N/A,NON INTERSECTION,27.78760026,DAYLIGHT,YES,-97.09825212,SAME DIRECTION - BOTH GOING STRAIGHT-REAR END,NO MEDIAN,THREE ENTERING ROADS - T,5,NOT APPLICABLE,True,SLOWING/STOPPING-FOR TRAFFIC,RURAL,NO,0626,-0.598,US & STATE HIGHWAYS,"STRAIGHT, LEVEL",MINOR ARTERIAL,ON ROADWAY,"4 OR MORE LANES, UNDIVIDED",True,60,SH0361,DRY,STOP SIGN,CLOUDY
16309389,15893,True,15893,2023,PORT ARANSAS,FAILED TO YIELD RIGHT OF WAY - STOP SIGN;FAILED TO YIELD RIGHT OF WAY - TURNING LEFT;LOAD NOT SECURED,226303,10.885,2018-03-19,0,3,0,2,C - POSSIBLE INJURY,0,0812,2,2018,MONDAY,18.604,0,MOTOR VEHICLE IN TRANSPORT,TWO-WAY,08:00 - 08:59,,UNKNOWN,INTERSECTION,27.81728109,DAYLIGHT,YES,-97.0745991,ANGLE - ONE STRAIGHT-ONE LEFT TURN,NO MEDIAN,THREE ENTERING ROADS - T,2,NOT APPLICABLE,True,NOT APPLICABLE,"2,500 - 4,999 POP",NO,0622,0.876,US & STATE HIGHWAYS,"STRAIGHT, LEVEL",MINOR ARTERIAL,ON ROADWAY,"2 LANE, 2 WAY",True,45,SH0361,DRY,MARKED LANES,CLEAR
16316525,15893,True,15893,2023,PORT ARANSAS,FAILED TO CONTROL SPEED; FOLLOWED TOO CLOSELY,226303,12.309,2018-03-19,0,3,0,0,N - NOT INJURED,0,1215,0,2018,MONDAY,20.028,0,MOTOR VEHICLE IN TRANSPORT,BOULEVARD,12:00 - 12:59,,MUSTANG BLVD,INTERSECTION RELATED,27.80023347,DAYLIGHT,YES,-97.08764061,SAME DIRECTION - BOTH GOING STRAIGHT-REAR END,CURBED,THREE ENTERING ROADS - T,4,NOT APPLICABLE,True,CONSTRUCTION - WITHIN POSTED ROAD CONSTRUCTION ZONE (NOT RELATED TO CRASH),"2,500 - 4,999 POP",NO,0624,0.278,US & STATE HIGHWAYS,"STRAIGHT, LEVEL",MINOR ARTERIAL,ON ROADWAY,"4 OR MORE LANES, DIVIDED",True,45,SH0361,DRY,CENTER STRIPE/DIVIDER,CLEAR
16316626,5888,False,5888,2023,PORT ARANSAS,FAILED TO YIELD RIGHT OF WAY - PRIVATE DRIVE,226302,6.522,2018-03-22,0,3,0,0,N - NOT INJURED,0,1016,0,2018,THURSDAY,16.974,0,MOTOR VEHICLE IN TRANSPORT,TWO-WAY,10:00 - 10:59,,N/A,DRIVEWAY ACCESS,27.83667572,DAYLIGHT,YES,-97.06916314,ANGLE - BOTH GOING STRAIGHT,NO MEDIAN,THREE ENTERING ROADS - T,2,NOT APPLICABLE,True,ONE VEHICLE LEAVING DRIVEWAY,"2,500 - 4,999 POP",NO,0620,0.707,US & STATE HIGHWAYS,"STRAIGHT, LEVEL",MINOR ARTERIAL,ON ROADWAY,"2 LANE, 2 WAY",True,40,SH0361,DRY,CENTER STRIPE/DIVIDER,CLEAR
16330773,6181,False,6181,2023,ARANSAS PASS,DRIVER INATTENTION; FAILED TO CONTROL SPEED,226302,5.182,2018-03-27,0,3,1,0,B - SUSPECTED MINOR INJURY,0,0601,1,2018,TUESDAY,15.619,0,OVERTURNED,TWO-WAY,06:00 - 06:59,,N/A,NON INTERSECTION,27.85287021,"DARK, NOT LIGHTED",YES,-97.07861663,ONE MOTOR VEHICLE - GOING STRAIGHT,NO MEDIAN,NOT APPLICABLE,2,OVERTURNED,True,ATTENTION DIVERTED FROM DRIVING,"5,000 - 9,999 POP",NO,0620,-0.648,CITY STREET,"CURVE, LEVEL",MINOR ARTERIAL,OFF ROADWAY,"2 LANE, 2 WAY",False,30,SH0361,DRY,STOP SIGN,CLEAR
16356679,15893,True,15893,2023,PORT ARANSAS,FAILED TO CONTROL SPEED; FAILED TO PASS TO RIGHT SAFELY,226303,11.778,2018-04-14,0,4,0,3,C - POSSIBLE INJURY,0,1827,3,2018,SATURDAY,19.497,0,MOTOR VEHICLE IN TRANSPORT,BOULEVARD,18:00 - 18:59,,UNKNOWN,INTERSECTION RELATED,27.80641795,DAYLIGHT,YES,-97.08243892,SAME DIRECTION - ONE STRAIGHT-ONE STOPPED,CURBED,FOUR ENTERING ROADS,4,NOT APPLICABLE,True,"SLOWING/STOPPING - FOR OFFICER, FLAGMAN, OR TRAFFIC CONTROL","2,500 - 4,999 POP",NO,0624,-0.253,US & STATE HIGHWAYS,"STRAIGHT, LEVEL",MINOR ARTERIAL,ON ROADWAY,"4 OR MORE LANES, DIVIDED",True,55,SH0361,DRY,SIGNAL LIGHT,CLEAR
16389134,10439,False,10439,2023,CORPUS CHRISTI,FAILED TO CONTROL SPEED; IMPAIRED VISIBILITY (EXPLAIN IN NARRATIVE),226303,26.978,2018-04-14,0,4,1,0,B - SUSPECTED MINOR INJURY,0,0305,1,2018,SATURDAY,34.697,0,FIXED OBJECT,TWO-WAY,03:00 - 03:59,,N/A,NON INTERSECTION,27.61936454,"DARK, NOT LIGHTED",YES,-97.21362714,ONE MOTOR VEHICLE - GOING STRAIGHT,NO MEDIAN,NOT APPLICABLE,5,"HIT TREE, SHRUB, LANDSCAPING",True,CRASH OCCURRED ON A BEACH,"250,000 POP AND OVER",NO,0638,1.015,US & STATE HIGHWAYS,OTHER (EXPLAIN IN NARRATIVE),MINOR ARTERIAL,OFF ROADWAY,"4 OR MORE LANES, UNDIVIDED",False,15,SH0361,"SAND, MUD, DIRT",NONE,BLOWING SAND/SNOW
16376987,,False,,,PORT ARANSAS,FAILED TO CONTROL SPEED; HAD BEEN DRINKING,,,2018-04-24,0,4,0,0,N - NOT INJURED,0,1822,0,2018,TUESDAY,,0,MOTOR VEHICLE IN TRANSPORT,,18:00 - 18:59,,N/A,NON INTERSECTION,,DAYLIGHT,?0,,SAME DIRECTION - BOTH GOING STRAIGHT-REAR END,,NOT APPLICABLE,,NOT APPLICABLE,True,SLOWING/STOPPING-REASON NOT SPECIFIED,"2,500 - 4,999 POP",NO,,,US & STATE HIGHWAYS,"STRAIGHT, LEVEL",,ON ROADWAY,,True,5,SH0361,DRY,NONE,CLEAR
16377056,15893,True,15893,2023,PORT ARANSAS,FAILED TO YIELD RIGHT OF WAY - YIELD SIGN;TURNED WHEN UNSAFE,226303,11.782,2018-04-24,0,4,0,0,N - NOT INJURED,0,1617,0,2018,TUESDAY,19.501,0,MOTOR VEHICLE IN TRANSPORT,BOULEVARD,16:00 - 16:59,,PIPER BLVD,INTERSECTION,27.80637738,DAYLIGHT,YES,-97.0824751,OPPOSITE DIRECTION - ONE STRAIGHT-ONE LEFT TURN,CURBED,FOUR ENTERING ROADS,4,NOT APPLICABLE,True,NOT APPLICABLE,"2,500 - 4,999 POP",NO,0624,-0.249,US & STATE HIGHWAYS,"STRAIGHT, LEVEL",MINOR ARTERIAL,ON ROADWAY,"4 OR MORE LANES, DIVIDED",True,55,SH0361,DRY,SIGNAL LIGHT,CLEAR
16377586,15893,False,15893,2023,PORT ARANSAS,ANIMAL ON ROAD - WILD;FAULTY EVASIVE ACTION,226303,11.853,2018-04-25,0,4,0,0,N - NOT INJURED,0,0738,0,2018,WEDNESDAY,19.572,0,FIXED OBJECT,BOULEVARD,07:00 - 07:59,,N/A,NON INTERSECTION,27.80555314,DAYLIGHT,YES,-97.08316869,ONE MOTOR VEHICLE - GOING STRAIGHT,CURBED,NOT APPLICABLE,4,HIT GUARDRAIL,True,SWERVED OR VEERED-AVOIDING ANIMAL IN ROAD,"2,500 - 4,999 POP",NO,0624,-0.178,US & STATE HIGHWAYS,"STRAIGHT, LEVEL",MINOR ARTERIAL,OFF ROADWAY,"4 OR MORE LANES, DIVIDED",True,55,SH0361,DRY,CENTER STRIPE/DIVIDER,CLOUDY
16404815,6181,False,6181,2023,ARANSAS PASS,FAILED TO CONTROL SPEED; PASSED IN NO PASSING LANE,226302,3.497,2018-04-26,0,4,0,0,N - NOT INJURED,0,1743,0,2018,THURSDAY,13.934,0,MOTOR VEHICLE IN TRANSPORT,TWO-WAY,17:00 - 17:59,8000,SH8000,INTERSECTION RELATED,27.87339174,DAYLIGHT,YES,-97.09249907,SAME DIRECTION - ONE STRAIGHT-ONE STOPPED,NO MEDIAN,OTHER (EXPLAIN IN NARRATIVE),2,NOT APPLICABLE,True,SLOWING/STOPPING-FOR VEHICLE FROM OPPOSITE DIRECTION IN WRONG LANE,"5,000 - 9,999 POP",NO,0618,-0.445,US & STATE HIGHWAYS,"CURVE, LEVEL",MINOR ARTERIAL,ON ROADWAY,"2 LANE, 2 WAY",False,55,SH0361,DRY,NO PASSING ZONE,CLEAR
16384359,14248,False,14248,2023,PORT ARANSAS,DRIVER INATTENTION,226303,10.146,2018-04-28,0,4,0,0,N - NOT INJURED,0,1838,0,2018,SATURDAY,17.865,0,FIXED OBJECT,TWO-WAY,18:00 - 18:59,,N/A,NON INTERSECTION,27.82651908,DAYLIGHT,YES,-97.06848941,ONE MOTOR VEHICLE - GOING STRAIGHT,NO MEDIAN,NOT APPLICABLE,2,HIT GUARDRAIL,True,ATTENTION DIVERTED FROM DRIVING,"2,500 - 4,999 POP",NO,0622,0.137,US & STATE HIGHWAYS,"CURVE, LEVEL",MINOR ARTERIAL,OFF ROADWAY,"2 LANE, 2 WAY",True,5,SH0361,DRY,FLAGMAN,CLEAR
16395459,12050,False,12050,2023,CORPUS CHRISTI,FAILED TO CONTROL SPEED,226303,18.303,2018-04-28,0,4,0,0,N - NOT INJURED,0,1450,0,2018,SATURDAY,26.022,0,MOTOR VEHICLE IN TRANSPORT,TWO-WAY,14:00 - 14:59,,N/A,NON INTERSECTION,27.72690811,DAYLIGHT,YES,-97.14019132,SAME DIRECTION - BOTH GOING STRAIGHT-REAR END,NO MEDIAN,NOT APPLICABLE,5,NOT APPLICABLE,True,NOT APPLICABLE,"250,000 POP AND OVER",NO,0630,0.29,US & STATE HIGHWAYS,"STRAIGHT, LEVEL",MINOR ARTERIAL,ON ROADWAY,"4 OR MORE LANES, UNDIVIDED",False,65,SH0361,DRY,MARKED LANES,CLEAR
16409719,10439,False,10439,2023,CORPUS CHRISTI,OTHER (EXPLAIN IN NARRATIVE),226303,22.353,2018-05-12,0,5,0,0,N - NOT INJURED,0,0656,0,2018,SATURDAY,30.072,0,FIXED OBJECT,TWO-WAY,06:00 - 06:59,,N/A,NON INTERSECTION,27.6764554,"DARK, NOT LIGHTED",YES,-97.17412652,ONE MOTOR VEHICLE - GOING STRAIGHT,NO MEDIAN,NOT APPLICABLE,5,HIT UTILITY POLE,True,NOT APPLICABLE,"250,000 POP AND OVER",NO,0634,0.389,US & STATE HIGHWAYS,"STRAIGHT, LEVEL",MINOR ARTERIAL,OFF ROADWAY,"4 OR MORE LANES, UNDIVIDED",False,60,SH0361,DRY,CENTER STRIPE/DIVIDER,CLEAR
16440546,12050,False,12050,2023,CORPUS CHRISTI,FAILED TO CONTROL SPEED,226303,18.351,2018-05-14,0,5,0,1,A - SUSPECTED SERIOUS INJURY,1,1332,2,2018,MONDAY,26.07,0,MOTOR VEHICLE IN TRANSPORT,TWO-WAY,13:00 - 13:59,,N/A,DRIVEWAY ACCESS,27.72630923,DAYLIGHT,YES,-97.1405936,SAME DIRECTION - ONE STRAIGHT-ONE STOPPED,NO MEDIAN,NOT APPLICABLE,5,NOT APPLICABLE,True,SLOWING/STOPPING-TO MAKE LEFT TURN,"250,000 POP AND OVER",NO,0630,0.338,US & STATE HIGHWAYS,"STRAIGHT, LEVEL",MINOR ARTERIAL,ON ROADWAY,"4 OR MORE LANES, UNDIVIDED",False,60,SH0361,DRY,CENTER STRIPE/DIVIDER,CLEAR
16442932,15893,False,15893,2023,PORT ARANSAS,FAILED TO CONTROL SPEED; HAD BEEN DRINKING,226303,10.742,2018-06-01,0,6,0,0,N - NOT INJURED,0,1954,0,2018,FRIDAY,18.461,0,MOTOR VEHICLE IN TRANSPORT,TWO-WAY,19:00 - 19:59,,N/A,NON INTERSECTION,27.81912831,DAYLIGHT,YES,-97.07354413,SAME DIRECTION - BOTH GOING STRAIGHT-SIDESWIPE,NO MEDIAN,NOT APPLICABLE,2,NOT APPLICABLE,True,VEHICLE CHANGING LANES,"2,500 - 4,999 POP",NO,0622,0.733,CITY STREET,"STRAIGHT, LEVEL",MINOR ARTERIAL,ON ROADWAY,"2 LANE, 2 WAY",True,30,SH0361,DRY,SIGNAL LIGHT,CLEAR
16469263,10439,True,10439,2023,CORPUS CHRISTI,FAILED TO YIELD RIGHT OF WAY - TURNING LEFT,226303,27.498,2018-06-03,0,6,0,0,N - NOT INJURED,0,0716,0,2018,SUNDAY,35.217,0,MOTOR VEHICLE IN TRANSPORT,TWO-WAY,07:00 - 07:59,0022,PR0022,INTERSECTION,27.6178894,DAYLIGHT,YES,-97.22177124,OPPOSITE DIRECTION - ONE STRAIGHT-ONE LEFT TURN,NO MEDIAN,FOUR ENTERING ROADS,5,NOT APPLICABLE,True,NOT APPLICABLE,"250,000 POP AND OVER",NO,0638,1.535,US & STATE HIGHWAYS,"STRAIGHT, LEVEL",MINOR ARTERIAL,ON ROADWAY,"4 OR MORE LANES, UNDIVIDED",False,55,SH0361,DRY,SIGNAL LIGHT,CLEAR
16496773,10439,False,10439,2023,CORPUS CHRISTI,TURNED WHEN UNSAFE,226303,22.431,2018-06-19,0,6,0,0,N - NOT INJURED,0,1818,0,2018,TUESDAY,30.15,0,OVERTURNED,TWO-WAY,18:00 - 18:59,,N/A,NON INTERSECTION,27.67548086,DAYLIGHT,YES,-97.17477725,ONE MOTOR VEHICLE - GOING STRAIGHT,NO MEDIAN,NOT APPLICABLE,5,OVERTURNED,True,"LOST CONTROL OR SKIDDED (ICY OR SLICK ROAD, ETC.)","250,000 POP AND OVER",NO,0634,0.467,US & STATE HIGHWAYS,"STRAIGHT, LEVEL",MINOR ARTERIAL,OFF ROADWAY,"4 OR MORE LANES, UNDIVIDED",False,60,SH0361,STANDING WATER,MARKED LANES,RAIN
16488226,5888,False,5888,2023,PORT ARANSAS,DRIVER INATTENTION,226302,6.535,2018-06-20,0,6,0,0,N - NOT INJURED,0,0834,0,2018,WEDNESDAY,16.987,0,FIXED OBJECT,TWO-WAY,08:00 - 08:59,,N/A,NON INTERSECTION,27.8365258,DAYLIGHT,YES,-97.06929677,ONE MOTOR VEHICLE - GOING STRAIGHT,NO MEDIAN,NOT APPLICABLE,2,"HIT OVERHEAD SIGNAL LIGHT, WIRES, SIGNS, ETC",True,ATTENTION DIVERTED FROM DRIVING,"2,500 - 4,999 POP",NO,0620,0.72,US & STATE HIGHWAYS,"STRAIGHT, LEVEL",MINOR ARTERIAL,ON ROADWAY,"2 LANE, 2 WAY",True,30,SH0361,STANDING WATER,STOP SIGN,RAIN
16485560,5888,False,5888,2023,PORT ARANSAS,BACKED WITHOUT SAFETY,226302,6.663,2018-06-23,0,6,0,0,N - NOT INJURED,0,2116,0,2018,SATURDAY,17.115,0,PARKED CAR,TWO-WAY,21:00 - 21:59,,N/A,DRIVEWAY ACCESS,27.83506789,"DARK, LIGHTED",YES,-97.07056675,ONE MOTOR VEHICLE - BACKING,NO MEDIAN,NOT APPLICABLE,2,NOT APPLICABLE,True,ONE VEHICLE LEAVING DRIVEWAY,"2,500 - 4,999 POP",NO,0622,-0.613,US & STATE HIGHWAYS,"STRAIGHT, LEVEL",MINOR ARTERIAL,ON ROADWAY,"2 LANE, 2 WAY",True,5,SH0361,DRY,NONE,CLEAR
16486321,,False,,,PORT ARANSAS,BACKED WITHOUT SAFETY,,,2018-06-23,0,6,0,0,99 - UNKNOWN,0,2021,0,2018,SATURDAY,,0,PARKED CAR,,20:00 - 20:59,,N/A,NON INTERSECTION,,DAYLIGHT,?0,,ONE MOTOR VEHICLE - OTHER,,NOT APPLICABLE,,NOT APPLICABLE,True,NOT APPLICABLE,"2,500 - 4,999 POP",YES,,,NON TRAFFICWAY,OTHER (EXPLAIN IN NARRATIVE),,NOT APPLICABLE,,True,5,SH0361,DRY,OTHER (EXPLAIN IN NARRATIVE),CLEAR
16486476,15893,True,15893,2023,PORT ARANSAS,FAILED TO YIELD RIGHT OF WAY - TURNING LEFT,226303,11.782,2018-06-25,0,6,0,0,N - NOT INJURED,0,1253,0,2018,MONDAY,19.501,0,MOTOR VEHICLE IN TRANSPORT,BOULEVARD,12:00 - 12:59,,ACCESS ROAD 1 A,INTERSECTION,27.80637738,DAYLIGHT,YES,-97.0824751,OPPOSITE DIRECTION - ONE STRAIGHT-ONE LEFT TURN,CURBED,FOUR ENTERING ROADS,4,NOT APPLICABLE,True,NOT APPLICABLE,"2,500 - 4,999 POP",NO,0624,-0.249,US & STATE HIGHWAYS,"STRAIGHT, LEVEL",MINOR ARTERIAL,ON ROADWAY,"4 OR MORE LANES, DIVIDED",True,45,SH0361,DRY,SIGNAL LIGHT,CLEAR
16503125,10439,False,10439,2023,CORPUS CHRISTI,FAILED TO CONTROL SPEED,226303,27.479,2018-07-04,0,7,0,0,N - NOT INJURED,0,1830,0,2018,WEDNESDAY,35.198,0,MOTOR VEHICLE IN TRANSPORT,TWO-WAY,18:00 - 18:59,,N/A,NON INTERSECTION,27.61788517,DAYLIGHT,YES,-97.22146329,SAME DIRECTION - BOTH GOING STRAIGHT-REAR END,NO MEDIAN,NOT APPLICABLE,5,NOT APPLICABLE,True,SLOWING/STOPPING-FOR TRAFFIC,"250,000 POP AND OVER",NO,0638,1.516,US & STATE HIGHWAYS,"STRAIGHT, LEVEL",MINOR ARTERIAL,ON ROADWAY,"4 OR MORE LANES, UNDIVIDED",False,55,SH0361,DRY,MARKED LANES,CLOUDY
16513219,9764,False,9764,2023,PORT ARANSAS,DISTRACTION IN VEHICLE,226302,7.257,2018-07-06,0,7,1,0,B - SUSPECTED MINOR INJURY,0,1914,1,2018,FRIDAY,17.709,0,OTHER NON COLLISION,TWO-WAY,19:00 - 19:59,,N/A,NON INTERSECTION,27.82826423,DAYLIGHT,YES,-97.06713852,ONE MOTOR VEHICLE - GOING STRAIGHT,NO MEDIAN,NOT APPLICABLE,2,PERSON FELL OR JUMPED FROM VEHICLE,True,ATTENTION DIVERTED FROM DRIVING,"2,500 - 4,999 POP",NO,0622,-0.019,US & STATE HIGHWAYS,"STRAIGHT, LEVEL",MINOR ARTERIAL,ON ROADWAY,"2 LANE, 2 WAY",True,30,SH0361,DRY,SIGNAL LIGHT,CLEAR
16513345,15893,True,15893,2023,PORT ARANSAS,DISTRACTION IN VEHICLE,226303,12.309,2018-07-06,0,7,0,0,N - NOT INJURED,0,2018,0,2018,FRIDAY,20.028,0,FIXED OBJECT,BOULEVARD,20:00 - 20:59,,MUSTANG BLVD,INTERSECTION RELATED,27.80023347,DUSK,YES,-97.08764061,ONE MOTOR VEHICLE - TURNING RIGHT,CURBED,THREE ENTERING ROADS - T,4,HIT HIGHWAY SIGN,True,"SWERVED OR VEERED-AVOIDING VEHICLE PASSING, CHANGING LANES","2,500 - 4,999 POP",NO,0624,0.278,US & STATE HIGHWAYS,"STRAIGHT, LEVEL",MINOR ARTERIAL,OFF ROADWAY,"4 OR MORE LANES, DIVIDED",True,60,SH0361,DRY,STOP SIGN,CLEAR
16509322,10439,False,10439,2023,CORPUS CHRISTI,DISTRACTION IN VEHICLE; TURNED WHEN UNSAFE,226303,22.293,2018-07-07,0,7,0,0,N - NOT INJURED,0,1550,0,2018,SATURDAY,30.012,0,FIXED OBJECT,TWO-WAY,15:00 - 15:59,,N/A,NON INTERSECTION,27.67720269,DAYLIGHT,YES,-97.17362753,ONE MOTOR VEHICLE - GOING STRAIGHT,NO MEDIAN,NOT APPLICABLE,5,HIT FENCE,True,ATTENTION DIVERTED FROM DRIVING,"250,000 POP AND OVER",NO,0634,0.329,US & STATE HIGHWAYS,"STRAIGHT, GRADE",MINOR ARTERIAL,OFF ROADWAY,"4 OR MORE LANES, UNDIVIDED",False,60,SH0361,DRY,MARKED LANES,CLEAR
16512783,12050,False,12050,2023,CORPUS CHRISTI,FAULTY EVASIVE ACTION; FOLLOWED TOO CLOSELY,226303,18.044,2018-07-09,0,7,0,1,C - POSSIBLE INJURY,0,1734,1,2018,MONDAY,25.763,0,MOTOR VEHICLE IN TRANSPORT,TWO-WAY,17:00 - 17:59,,N/A,NON INTERSECTION,27.73013354,DAYLIGHT,YES,-97.13801545,SAME DIRECTION - BOTH GOING STRAIGHT-REAR END,NO MEDIAN,NOT APPLICABLE,5,NOT APPLICABLE,True,SWERVED OR VEERED-AVOIDING VEHICLE STOPPED OR MOVING SLOWLY IN TRAFFIC LANE,"250,000 POP AND OVER",NO,0630,0.031,US & STATE HIGHWAYS,"STRAIGHT, LEVEL",MINOR ARTERIAL,ON ROADWAY,"4 OR MORE LANES, UNDIVIDED",False,60,SH0361,DRY,NONE,CLEAR
16515096,10439,False,10439,2023,CORPUS CHRISTI,CHANGED LANE WHEN UNSAFE;UNSAFE SPEED,226303,20.035,2018-07-11,0,7,0,0,N - NOT INJURED,0,1739,0,2018,WEDNESDAY,27.754,0,MOTOR VEHICLE IN TRANSPORT,TWO-WAY,17:00 - 17:59,,N/A,NON INTERSECTION,27.70533594,DAYLIGHT,YES,-97.15472343,SAME DIRECTION - BOTH GOING STRAIGHT-SIDESWIPE,NO MEDIAN,NOT APPLICABLE,5,NOT APPLICABLE,True,VEHICLE CHANGING LANES,"250,000 POP AND OVER",NO,0632,0.071,US & STATE HIGHWAYS,"STRAIGHT, LEVEL",MINOR ARTERIAL,ON ROADWAY,"4 OR MORE LANES, UNDIVIDED",False,60,SH0361,DRY,MARKED LANES,CLEAR
16525334,9764,False,9764,2023,PORT ARANSAS,DRIVER INATTENTION; FAILED TO CONTROL SPEED,226302,7.12,2018-07-14,0,7,0,1,C - POSSIBLE INJURY,0,1714,1,2018,SATURDAY,17.572,0,MOTOR VEHICLE IN TRANSPORT,TWO-WAY,17:00 - 17:59,,N/A,NON INTERSECTION,27.82951766,DAYLIGHT,YES,-97.06889442,SAME DIRECTION - ONE STRAIGHT-ONE STOPPED,NO MEDIAN,NOT APPLICABLE,2,NOT APPLICABLE,True,SLOWING/STOPPING-FOR TRAFFIC,"2,500 - 4,999 POP",NO,0622,-0.156,US & STATE HIGHWAYS,"STRAIGHT, LEVEL",MINOR ARTERIAL,ON ROADWAY,"2 LANE, 2 WAY",True,35,SH0361,DRY,CENTER STRIPE/DIVIDER,CLEAR
16525536,10439,False,10439,2023,CORPUS CHRISTI,CHANGED LANE WHEN UNSAFE,226303,27.384,2018-07-14,0,7,1,1,A - SUSPECTED SERIOUS INJURY,1,1910,3,2018,SATURDAY,35.103,0,MOTOR VEHICLE IN TRANSPORT,TWO-WAY,19:00 - 19:59,,N/A,NON INTERSECTION,27.61786271,DAYLIGHT,YES,-97.21991765,SAME DIRECTION - ONE STRAIGHT-ONE LEFT TURN,NO MEDIAN,NOT APPLICABLE,5,NOT APPLICABLE,True,NOT APPLICABLE,"250,000 POP AND OVER",NO,0638,1.421,US & STATE HIGHWAYS,"STRAIGHT, GRADE",MINOR ARTERIAL,ON ROADWAY,"4 OR MORE LANES, UNDIVIDED",False,50,SH0361,DRY,MARKED LANES,CLEAR
16532695,10439,True,10439,2023,CORPUS CHRISTI,FAILED TO YIELD RIGHT OF WAY - TURN ON RED,226303,27.498,2018-07-15,0,7,0,0,N - NOT INJURED,0,2206,0,2018,SUNDAY,35.217,0,MOTOR VEHICLE IN TRANSPORT,TWO-WAY,22:00 - 22:59,0022,PR0022,INTERSECTION,27.6178894,"DARK, LIGHTED",YES,-97.22177124,OPPOSITE DIRECTION - ONE STRAIGHT-ONE LEFT TURN,NO MEDIAN,NOT APPLICABLE,5,NOT APPLICABLE,True,NOT APPLICABLE,"250,000 POP AND OVER",NO,0638,1.535,US & STATE HIGHWAYS,"STRAIGHT, LEVEL",MINOR ARTERIAL,ON ROADWAY,"4 OR MORE LANES, UNDIVIDED",False,55,SH0361,DRY,SIGNAL LIGHT,CLEAR
16537228,12050,False,12050,2023,CORPUS CHRISTI,FAILED TO CONTROL SPEED,226303,18.017,2018-07-19,0,7,0,0,N - NOT INJURED,0,1620,0,2018,THURSDAY,25.736,0,MOTOR VEHICLE IN TRANSPORT,TWO-WAY,16:00 - 16:59,,N/A,NON INTERSECTION,27.73047247,DAYLIGHT,YES,-97.13778681,SAME DIRECTION - BOTH GOING STRAIGHT-REAR END,NO MEDIAN,NOT APPLICABLE,5,NOT APPLICABLE,True,SLOWING/STOPPING-FOR TRAFFIC,"250,000 POP AND OVER",NO,0630,0.004,US & STATE HIGHWAYS,"STRAIGHT, LEVEL",MINOR ARTERIAL,ON ROADWAY,"4 OR MORE LANES, UNDIVIDED",False,65,SH0361,DRY,MARKED LANES,CLEAR
16566933,10439,False,10439,2023,CORPUS CHRISTI,FAILED TO YIELD RIGHT OF WAY - STOP SIGN,226303,26.719,2018-07-21,0,7,0,2,C - POSSIBLE INJURY,0,2057,2,2018,SATURDAY,34.438,0,MOTOR VEHICLE IN TRANSPORT,TWO-WAY,20:00 - 20:59,,ZAHN RD,INTERSECTION RELATED,27.62206646,"DARK, NOT LIGHTED",YES,-97.21074535,ANGLE - ONE STRAIGHT-ONE LEFT TURN,NO MEDIAN,NOT APPLICABLE,5,NOT APPLICABLE,True,NOT APPLICABLE,"250,000 POP AND OVER",NO,0638,0.756,US & STATE HIGHWAYS,"STRAIGHT, LEVEL",MINOR ARTERIAL,ON ROADWAY,"4 OR MORE LANES, UNDIVIDED",False,55,SH0361,DRY,STOP SIGN,CLEAR
16538056,15893,True,15893,2023,PORT ARANSAS,FAILED TO YIELD RIGHT OF WAY - TURNING LEFT,226303,12.309,2018-07-23,0,7,0,0,N - NOT INJURED,0,1650,0,2018,MONDAY,20.028,0,MOTOR VEHICLE IN TRANSPORT,BOULEVARD,16:00 - 16:59,,MUSTANG BLVD,INTERSECTION,27.80023347,DAYLIGHT,YES,-97.08764061,ANGLE - ONE STRAIGHT-ONE LEFT TURN,CURBED,THREE ENTERING ROADS - T,4,NOT APPLICABLE,True,NOT APPLICABLE,"2,500 - 4,999 POP",NO,0624,0.278,US & STATE HIGHWAYS,"STRAIGHT, LEVEL",MINOR ARTERIAL,ON ROADWAY,"4 OR MORE LANES, DIVIDED",True,55,SH0361,DRY,MARKED LANES,CLEAR
16540180,6181,False,6181,2023,ARANSAS PASS,DRIVER INATTENTION; HAD BEEN DRINKING,226302,4.992,2018-07-25,0,7,1,0,B - SUSPECTED MINOR INJURY,0,0154,1,2018,WEDNESDAY,15.429,0,FIXED OBJECT,TWO-WAY,01:00 - 01:59,,N/A,NON INTERSECTION,27.85535368,"DARK, NOT LIGHTED",YES,-97.0799622,ONE MOTOR VEHICLE - GOING STRAIGHT,NO MEDIAN,THREE ENTERING ROADS - T,2,HIT OTHER FIXED OBJECT,True,ATTENTION DIVERTED FROM DRIVING,"5,000 - 9,999 POP",NO,0620,-0.838,US & STATE HIGHWAYS,"STRAIGHT, LEVEL",MINOR ARTERIAL,OFF ROADWAY,"2 LANE, 2 WAY",False,30,SH0361,DRY,STOP SIGN,CLOUDY
16540241,5888,False,5888,2023,PORT ARANSAS,DRIVER INATTENTION; FAILED TO CONTROL SPEED,226302,6.261,2018-07-26,0,7,0,0,N - NOT INJURED,0,1704,0,2018,THURSDAY,16.713,0,MOTOR VEHICLE IN TRANSPORT,TWO-WAY,17:00 - 17:59,,N/A,NON INTERSECTION,27.83983662,DAYLIGHT,YES,-97.06894726,SAME DIRECTION - ONE STRAIGHT-ONE STOPPED,NO MEDIAN,NOT APPLICABLE,4,NOT APPLICABLE,True,"SLOWING/STOPPING - FOR OFFICER, FLAGMAN, OR TRAFFIC CONTROL","2,500 - 4,999 POP",NO,0620,0.446,US & STATE HIGHWAYS,"CURVE, LEVEL",MINOR ARTERIAL,ON ROADWAY,"4 OR MORE LANES, UNDIVIDED",True,5,SH0361,DRY,FLAGMAN,CLEAR
16541623,6181,False,6181,2023,PORT ARANSAS,DRIVER INATTENTION; FOLLOWED TOO CLOSELY,226302,5.555,2018-07-28,0,7,0,0,N - NOT INJURED,0,1431,0,2018,SATURDAY,15.992,0,MOTOR VEHICLE IN TRANSPORT,TWO-WAY,14:00 - 14:59,,N/A,NON INTERSECTION,27.84847305,DAYLIGHT,YES,-97.07504664,SAME DIRECTION - BOTH GOING STRAIGHT-REAR END,NO MEDIAN,OTHER (EXPLAIN IN NARRATIVE),2,NOT APPLICABLE,True,ATTENTION DIVERTED FROM DRIVING,"2,500 - 4,999 POP",NO,0620,-0.275,US & STATE HIGHWAYS,"STRAIGHT, LEVEL",MINOR ARTERIAL,ON ROADWAY,"2 LANE, 2 WAY",True,55,SH0361,DRY,CENTER STRIPE/DIVIDER,CLEAR
16546676,10439,False,10439,2023,CORPUS CHRISTI,DRIVER INATTENTION; FAILED TO CONTROL SPEED,226303,21.002,2018-07-28,0,7,0,0,N - NOT INJURED,0,1414,0,2018,SATURDAY,28.721,0,MOTOR VEHICLE IN TRANSPORT,TWO-WAY,14:00 - 14:59,,UNKNOWN,INTERSECTION RELATED,27.69329198,DAYLIGHT,YES,-97.16280354,SAME DIRECTION - ONE STRAIGHT-ONE STOPPED,NO MEDIAN,NOT APPLICABLE,5,NOT APPLICABLE,True,SLOWING/STOPPING-TO MAKE LEFT TURN,"250,000 POP AND OVER",NO,0634,-0.962,US & STATE HIGHWAYS,"STRAIGHT, LEVEL",MINOR ARTERIAL,ON ROADWAY,"4 OR MORE LANES, UNDIVIDED",False,60,SH0361,DRY,MARKED LANES,CLEAR
16548015,10439,True,10439,2023,CORPUS CHRISTI,FAILED TO YIELD RIGHT OF WAY - STOP SIGN,226303,26.723,2018-07-30,0,7,0,1,C - POSSIBLE INJURY,0,0614,1,2018,MONDAY,34.442,0,MOTOR VEHICLE IN TRANSPORT,TWO-WAY,06:00 - 06:59,,ZAHN RD,INTERSECTION,27.62201986,DAWN,YES,-97.21077788,ANGLE - ONE STRAIGHT-ONE LEFT TURN,NO MEDIAN,THREE ENTERING ROADS - T,5,NOT APPLICABLE,True,NOT APPLICABLE,"250,000 POP AND OVER",NO,0638,0.76,US & STATE HIGHWAYS,"STRAIGHT, LEVEL",MINOR ARTERIAL,ON ROADWAY,"4 OR MORE LANES, UNDIVIDED",False,55,SH0361,DRY,CENTER STRIPE/DIVIDER,CLEAR
16552793,15893,False,15893,2023,PORT ARANSAS,DRIVER INATTENTION; FAULTY EVASIVE ACTION; TURNED WHEN UNSAFE,226303,10.437,2018-08-03,0,8,0,0,N - NOT INJURED,0,2128,0,2018,FRIDAY,18.156,0,MOTOR VEHICLE IN TRANSPORT,TWO-WAY,21:00 - 21:59,,N/A,NON INTERSECTION,27.823046,"DARK, LIGHTED",YES,-97.07120285,SAME DIRECTION - BOTH GOING STRAIGHT-SIDESWIPE,NO MEDIAN,NOT APPLICABLE,2,NOT APPLICABLE,True,VEHICLE CHANGING LANES,"2,500 - 4,999 POP",NO,0622,0.428,US & STATE HIGHWAYS,"STRAIGHT, LEVEL",MINOR ARTERIAL,ON ROADWAY,"2 LANE, 2 WAY",True,45,SH0361,DRY,MARKED LANES,CLEAR
16566449,15893,False,15893,2023,PORT ARANSAS,DRIVER INATTENTION;FAILED TO YIELD RIGHT OF WAY - STOP SIGN,226303,10.496,2018-08-08,0,8,0,0,N - NOT INJURED,0,1003,0,2018,WEDNESDAY,18.215,0,MOTOR VEHICLE IN TRANSPORT,TWO-WAY,10:00 - 10:59,,N/A,DRIVEWAY ACCESS,27.82230462,DAYLIGHT,YES,-97.07167977,ANGLE - ONE STRAIGHT-ONE LEFT TURN,NO MEDIAN,THREE ENTERING ROADS - T,2,NOT APPLICABLE,True,ONE VEHICLE LEAVING DRIVEWAY,"2,500 - 4,999 POP",NO,0622,0.487,US & STATE HIGHWAYS,"STRAIGHT, LEVEL",MINOR ARTERIAL,ON ROADWAY,"2 LANE, 2 WAY",True,45,SH0361,DRY,NONE,CLEAR
16571810,10439,True,10439,2023,CORPUS CHRISTI,DISREGARD STOP AND GO SIGNAL,226303,27.498,2018-08-13,0,8,0,1,C - POSSIBLE INJURY,0,2044,1,2018,MONDAY,35.217,0,MOTOR VEHICLE IN TRANSPORT,TWO-WAY,20:00 - 20:59,0022,PR0022,INTERSECTION,27.6178894,"DARK, LIGHTED",YES,-97.22177124,OPPOSITE DIRECTION - ONE STRAIGHT-ONE LEFT TURN,NO MEDIAN,FOUR ENTERING ROADS,5,NOT APPLICABLE,True,NOT APPLICABLE,"250,000 POP AND OVER",NO,0638,1.535,US & STATE HIGHWAYS,"STRAIGHT, LEVEL",MINOR ARTERIAL,ON ROADWAY,"4 OR MORE LANES, UNDIVIDED",False,55,SH0361,DRY,SIGNAL LIGHT,CLEAR
16578731,15893,True,15893,2023,PORT ARANSAS,FAILED TO CONTROL SPEED;OTHER (EXPLAIN IN NARRATIVE),226303,11.782,2018-08-15,0,8,2,0,B - SUSPECTED MINOR INJURY,0,1817,2,2018,WEDNESDAY,19.501,0,MOTOR VEHICLE IN TRANSPORT,BOULEVARD,18:00 - 18:59,,PIPER BLVD,INTERSECTION,27.80637738,DAYLIGHT,YES,-97.0824751,ANGLE - BOTH GOING STRAIGHT,CURBED,FOUR ENTERING ROADS,4,NOT APPLICABLE,True,NOT APPLICABLE,"2,500 - 4,999 POP",NO,0624,-0.249,US & STATE HIGHWAYS,"STRAIGHT, LEVEL",MINOR ARTERIAL,ON ROADWAY,"4 OR MORE LANES, DIVIDED",True,55,SH0361,DRY,SIGNAL LIGHT,CLEAR
16583919,5888,False,5888,2023,PORT ARANSAS,DROVE WITHOUT HEADLIGHTS; FAILED TO DRIVE IN SINGLE LANE,226302,6.407,2018-08-21,0,8,1,0,B - SUSPECTED MINOR INJURY,0,2137,1,2018,TUESDAY,16.859,0,PEDALCYCLIST,TWO-WAY,21:00 - 21:59,,N/A,NON INTERSECTION,27.83799778,"DARK, LIGHTED",YES,-97.06799611,ONE MOTOR VEHICLE - GOING STRAIGHT,NO MEDIAN,NOT APPLICABLE,2,NOT APPLICABLE,True,NOT APPLICABLE,"2,500 - 4,999 POP",NO,0620,0.592,US & STATE HIGHWAYS,"STRAIGHT, LEVEL",MINOR ARTERIAL,ON ROADWAY,"2 LANE, 2 WAY",True,30,SH0361,DRY,CENTER STRIPE/DIVIDER,CLEAR
16621267,10439,False,10439,2023,CORPUS CHRISTI,TURNED WHEN UNSAFE; UNDER INFLUENCE - ALCOHOL,226303,27.471,2018-08-25,0,8,0,0,N - NOT INJURED,0,1730,0,2018,SATURDAY,35.19,0,FIXED OBJECT,TWO-WAY,17:00 - 17:59,,N/A,NON INTERSECTION,27.61788326,DAYLIGHT,YES,-97.22132825,ONE MOTOR VEHICLE - GOING STRAIGHT,NO MEDIAN,NOT APPLICABLE,5,HIT HIGHWAY SIGN,True,NOT APPLICABLE,"250,000 POP AND OVER",NO,0638,1.508,US & STATE HIGHWAYS,"STRAIGHT, LEVEL",MINOR ARTERIAL,OFF ROADWAY,"4 OR MORE LANES, UNDIVIDED",False,60,SH0361,DRY,NONE,CLEAR
16621552,14248,False,14248,2023,PORT ARANSAS,DRIVER INATTENTION; FAILED TO CONTROL SPEED,226303,10.009,2018-09-02,0,9,0,0,N - NOT INJURED,0,1049,0,2018,SUNDAY,17.728,0,MOTOR VEHICLE IN TRANSPORT,TWO-WAY,10:00 - 10:59,,W AVENUE G,INTERSECTION RELATED,27.82807026,DAYLIGHT,YES,-97.06710042,SAME DIRECTION - ONE STRAIGHT-ONE STOPPED,NO MEDIAN,FOUR ENTERING ROADS,2,NOT APPLICABLE,True,"SLOWING/STOPPING - FOR OFFICER, FLAGMAN, OR TRAFFIC CONTROL","2,500 - 4,999 POP",NO,0622,0.0,US & STATE HIGHWAYS,"STRAIGHT, LEVEL",MINOR ARTERIAL,ON ROADWAY,"2 LANE, 2 WAY",True,35,SH0361,DRY,SIGNAL LIGHT,CLOUDY
16620834,10439,False,10439,2023,CORPUS CHRISTI,FAILED TO CONTROL SPEED;OTHER (EXPLAIN IN NARRATIVE),226303,26.998,2018-09-03,0,9,0,0,N - NOT INJURED,0,1435,0,2018,MONDAY,34.717,0,MOTOR VEHICLE IN TRANSPORT,TWO-WAY,14:00 - 14:59,,N/A,NON INTERSECTION,27.61920691,DAYLIGHT,YES,-97.21390573,SAME DIRECTION - BOTH GOING STRAIGHT-REAR END,NO MEDIAN,NOT APPLICABLE,5,NOT APPLICABLE,True,NOT APPLICABLE,"250,000 POP AND OVER",NO,0638,1.035,US & STATE HIGHWAYS,"CURVE, GRADE",MINOR ARTERIAL,ON ROADWAY,"4 OR MORE LANES, UNDIVIDED",False,65,SH0361,DRY,MARKED LANES,CLEAR
16640156,10439,False,10439,2023,CORPUS CHRISTI,FAILED TO CONTROL SPEED,226303,20.458,2018-09-13,0,9,0,1,C - POSSIBLE INJURY,0,0706,1,2018,THURSDAY,28.177,0,FIXED OBJECT,TWO-WAY,07:00 - 07:59,,N/A,NON INTERSECTION,27.700063,DAYLIGHT,YES,-97.15824205,ONE MOTOR VEHICLE - GOING STRAIGHT,NO MEDIAN,NOT APPLICABLE,5,DITCH,True,NOT APPLICABLE,"250,000 POP AND OVER",NO,0632,0.494,US & STATE HIGHWAYS,"STRAIGHT, LEVEL",MINOR ARTERIAL,OFF ROADWAY,"4 OR MORE LANES, UNDIVIDED",False,60,SH0361,DRY,CENTER STRIPE/DIVIDER,CLEAR
16642528,10439,False,10439,2023,CORPUS CHRISTI,FAILED TO CONTROL SPEED,226303,27.493,2018-09-14,0,9,0,0,N - NOT INJURED,0,1241,0,2018,FRIDAY,35.212,0,MOTOR VEHICLE IN TRANSPORT,TWO-WAY,12:00 - 12:59,0022,PR0022,INTERSECTION RELATED,27.61788845,DAYLIGHT,YES,-97.22169414,SAME DIRECTION - ONE STRAIGHT-ONE STOPPED,NO MEDIAN,NOT APPLICABLE,5,NOT APPLICABLE,True,"SLOWING/STOPPING - FOR OFFICER, FLAGMAN, OR TRAFFIC CONTROL","250,000 POP AND OVER",NO,0638,1.53,US & STATE HIGHWAYS,"STRAIGHT, LEVEL",MINOR ARTERIAL,ON ROADWAY,"4 OR MORE LANES, UNDIVIDED",False,55,SH0361,WET,SIGNAL LIGHT,CLOUDY
16642813,12050,True,12050,2023,CORPUS CHRISTI,DROVE WITHOUT HEADLIGHTS;FAILED TO YIELD RIGHT OF WAY - OPEN INTERSECTION;IMPAIRED VISIBILITY (EXPLAIN IN NARRATIVE),226303,15.567,2018-09-15,0,9,0,0,N - NOT INJURED,0,0848,0,2018,SATURDAY,23.286,0,MOTOR VEHICLE IN TRANSPORT,TWO-WAY,08:00 - 08:59,,UNKNOWN,INTERSECTION,27.76098981,DAYLIGHT,YES,-97.11722573,SAME DIRECTION - ONE STRAIGHT-ONE LEFT TURN,NO MEDIAN,THREE ENTERING ROADS - T,5,NOT APPLICABLE,True,NOT APPLICABLE,"250,000 POP AND OVER",NO,0628,-0.415,US & STATE HIGHWAYS,"STRAIGHT, LEVEL",MINOR ARTERIAL,ON ROADWAY,"4 OR MORE LANES, UNDIVIDED",False,60,SH0361,STANDING WATER,NONE,RAIN
16656247,9764,True,9764,2023,PORT ARANSAS,DISTRACTION IN VEHICLE; FAILED TO CONTROL SPEED,226302,7.162,2018-09-26,0,9,0,0,N - NOT INJURED,0,1424,0,2018,WEDNESDAY,17.614,0,FIXED OBJECT,TWO-WAY,14:00 - 14:59,,N/A,NON INTERSECTION,27.82913242,DAYLIGHT,YES,-97.06835475,ONE MOTOR VEHICLE - GOING STRAIGHT,NO MEDIAN,THREE ENTERING ROADS - T,2,HIT UTILITY POLE,True,ATTENTION DIVERTED FROM DRIVING,"2,500 - 4,999 POP",NO,0622,-0.114,US & STATE HIGHWAYS,"CURVE, LEVEL",MINOR ARTERIAL,OFF ROADWAY,"2 LANE, 2 WAY",True,30,SH0361,DRY,NONE,CLEAR
16662937,9764,True,9764,2023,PORT ARANSAS,FAILED TO STOP AT PROPER PLACE; HAD BEEN DRINKING,226302,7.266,2018-10-01,0,10,0,0,N - NOT INJURED,0,1913,0,2018,MONDAY,17.718,0,MOTOR VEHICLE IN TRANSPORT,TWO-WAY,19:00 - 19:59,,N/A,DRIVEWAY ACCESS,27.82817809,DAYLIGHT,YES,-97.06701784,OPPOSITE DIRECTION - ONE STRAIGHT-ONE LEFT TURN,NO MEDIAN,FOUR ENTERING ROADS,2,NOT APPLICABLE,True,ONE VEHICLE ENTERING DRIVEWAY,"2,500 - 4,999 POP",NO,0622,-0.01,US & STATE HIGHWAYS,"STRAIGHT, LEVEL",MINOR ARTERIAL,ON ROADWAY,"2 LANE, 2 WAY",True,30,SH0361,DRY,STOP SIGN,CLOUDY
16686862,10439,False,10439,2023,CORPUS CHRISTI,FAILED TO YIELD RIGHT OF WAY - PRIVATE DRIVE,226303,27.479,2018-10-03,0,10,0,0,N - NOT INJURED,0,1434,0,2018,WEDNESDAY,35.198,0,MOTOR VEHICLE IN TRANSPORT,TWO-WAY,14:00 - 14:59,,N/A,DRIVEWAY ACCESS,27.61788517,DAYLIGHT,YES,-97.22146329,ANGLE - ONE STRAIGHT-ONE LEFT TURN,NO MEDIAN,NOT APPLICABLE,5,NOT APPLICABLE,True,ONE VEHICLE LEAVING DRIVEWAY,"250,000 POP AND OVER",NO,0638,1.516,US & STATE HIGHWAYS,"STRAIGHT, LEVEL",MINOR ARTERIAL,ON ROADWAY,"4 OR MORE LANES, UNDIVIDED",False,55,SH0361,DRY,MARKED LANES,CLEAR
16734561,6181,False,6181,2023,ARANSAS PASS,OTHER (EXPLAIN IN NARRATIVE),226302,3.986,2018-10-25,0,10,0,0,N - NOT INJURED,0,2219,0,2018,THURSDAY,14.423,0,OTHER OBJECT,TWO-WAY,22:00 - 22:59,,N/A,NON INTERSECTION,27.86831962,"DARK, NOT LIGHTED",YES,-97.08691537,ONE MOTOR VEHICLE - GOING STRAIGHT,NO MEDIAN,NOT APPLICABLE,2,OTHER,True,NOT APPLICABLE,"5,000 - 9,999 POP",NO,0618,0.044,US & STATE HIGHWAYS,"STRAIGHT, LEVEL",MINOR ARTERIAL,ON ROADWAY,"2 LANE, 2 WAY",False,50,SH0361,DRY,MARKED LANES,CLEAR
16727513,10439,False,10439,2023,CORPUS CHRISTI,FAILED TO YIELD RIGHT OF WAY - PRIVATE DRIVE,226303,27.46,2018-10-27,0,10,0,0,N - NOT INJURED,0,0737,0,2018,SATURDAY,35.179,0,MOTOR VEHICLE IN TRANSPORT,TWO-WAY,07:00 - 07:59,,N/A,DRIVEWAY ACCESS,27.61788081,DAWN,YES,-97.22115549,ANGLE - BOTH GOING STRAIGHT,NO MEDIAN,NOT APPLICABLE,5,NOT APPLICABLE,True,ONE VEHICLE LEAVING DRIVEWAY,"250,000 POP AND OVER",NO,0638,1.497,US & STATE HIGHWAYS,"STRAIGHT, LEVEL",MINOR ARTERIAL,ON ROADWAY,"4 OR MORE LANES, UNDIVIDED",False,40,SH0361,DRY,CENTER STRIPE/DIVIDER,CLEAR
16737469,12050,False,12050,2023,CORPUS CHRISTI,TURNED WHEN UNSAFE,226303,18.161,2018-10-29,0,10,0,1,C - POSSIBLE INJURY,0,0852,1,2018,MONDAY,25.88,0,OVERTURNED,TWO-WAY,08:00 - 08:59,,N/A,NON INTERSECTION,27.72868387,DAYLIGHT,YES,-97.13899339,ONE MOTOR VEHICLE - GOING STRAIGHT,NO MEDIAN,NOT APPLICABLE,5,OVERTURNED,True,NOT APPLICABLE,"250,000 POP AND OVER",NO,0630,0.148,US & STATE HIGHWAYS,"STRAIGHT, LEVEL",MINOR ARTERIAL,OFF ROADWAY,"4 OR MORE LANES, UNDIVIDED",False,60,SH0361,DRY,CENTER STRIPE/DIVIDER,CLEAR
16749719,10439,False,10439,2023,CORPUS CHRISTI,FAILED TO DRIVE IN SINGLE LANE; HAD BEEN DRINKING,226303,26.722,2018-11-03,0,11,0,0,N - NOT INJURED,0,2115,0,2018,SATURDAY,34.441,0,MOTOR VEHICLE IN TRANSPORT,TWO-WAY,21:00 - 21:59,,N/A,NON INTERSECTION,27.62203335,"DARK, NOT LIGHTED",YES,-97.21076847,OPPOSITE DIRECTION - BOTH GOING STRAIGHT,NO MEDIAN,NOT APPLICABLE,5,NOT APPLICABLE,True,NOT APPLICABLE,"250,000 POP AND OVER",NO,0638,0.759,CITY STREET,"STRAIGHT, LEVEL",MINOR ARTERIAL,ON ROADWAY,"4 OR MORE LANES, UNDIVIDED",False,15,SH0361,"SAND, MUD, DIRT",NONE,CLEAR
16734565,6181,False,6181,2023,PORT ARANSAS,FATIGUED OR ASLEEP,226302,5.293,2018-11-11,0,11,0,0,A - SUSPECTED SERIOUS INJURY,1,0524,1,2018,SUNDAY,15.73,0,PARKED CAR,TWO-WAY,05:00 - 05:59,,N/A,NON INTERSECTION,27.85151089,"DARK, NOT LIGHTED",YES,-97.07761654,ONE MOTOR VEHICLE - GOING STRAIGHT,NO MEDIAN,NOT APPLICABLE,2,NOT APPLICABLE,True,NOT APPLICABLE,"2,500 - 4,999 POP",NO,0620,-0.537,US & STATE HIGHWAYS,"CURVE, LEVEL",MINOR ARTERIAL,OFF ROADWAY,"2 LANE, 2 WAY",True,55,SH0361,DRY,CENTER STRIPE/DIVIDER,CLOUDY
16746740,15893,True,15893,2023,PORT ARANSAS,FAILED TO YIELD RIGHT OF WAY - STOP SIGN,226303,12.038,2018-11-14,0,11,1,0,B - SUSPECTED MINOR INJURY,0,0745,1,2018,WEDNESDAY,19.757,0,PEDALCYCLIST,BOULEVARD,07:00 - 07:59,,PALMILLA WAY,INTERSECTION,27.80338938,DAYLIGHT,YES,-97.08498763,ONE MOTOR VEHICLE - GOING STRAIGHT,CURBED,THREE ENTERING ROADS - T,4,NOT APPLICABLE,True,NOT APPLICABLE,"2,500 - 4,999 POP",NO,0624,0.007,US & STATE HIGHWAYS,"STRAIGHT, LEVEL",MINOR ARTERIAL,ON ROADWAY,"4 OR MORE LANES, DIVIDED",True,55,SH0361,DRY,CENTER STRIPE/DIVIDER,CLEAR
16763128,6181,False,6181,2023,ARANSAS PASS,FAULTY EVASIVE ACTION,226302,2.089,2018-11-23,0,11,0,0,N - NOT INJURED,0,1232,0,2018,FRIDAY,12.526,0,FIXED OBJECT,TWO-WAY,12:00 - 12:59,,N/A,NON INTERSECTION,27.88794579,DAYLIGHT,YES,-97.10867438,ONE MOTOR VEHICLE - GOING STRAIGHT,NO MEDIAN,NOT APPLICABLE,2,HIT GUARDRAIL,True,NOT APPLICABLE,"5,000 - 9,999 POP",NO,0616,0.218,US & STATE HIGHWAYS,"STRAIGHT, LEVEL",MINOR ARTERIAL,OFF ROADWAY,"2 LANE, 2 WAY",False,55,SH0361,DRY,CENTER STRIPE/DIVIDER,CLEAR
16796396,10439,False,10439,2023,CORPUS CHRISTI,DISREGARD TURN MARKS AT INTERSECTION,226303,26.737,2018-11-29,0,11,0,2,C - POSSIBLE INJURY,0,1751,2,2018,THURSDAY,34.456,0,MOTOR VEHICLE IN TRANSPORT,TWO-WAY,17:00 - 17:59,,ZAHN RD,INTERSECTION RELATED,27.62184474,DUSK,YES,-97.21090015,SAME DIRECTION - ONE STRAIGHT-ONE STOPPED,NO MEDIAN,NOT APPLICABLE,5,NOT APPLICABLE,True,SLOWING/STOPPING-TO MAKE LEFT TURN,"250,000 POP AND OVER",NO,0638,0.774,US & STATE HIGHWAYS,"STRAIGHT, LEVEL",MINOR ARTERIAL,ON ROADWAY,"4 OR MORE LANES, UNDIVIDED",False,60,SH0361,DRY,MARKED LANES,CLOUDY
16803136,10439,False,10439,2023,CORPUS CHRISTI,ANIMAL ON ROAD - WILD,226303,24.754,2018-12-05,0,12,0,0,N - NOT INJURED,0,1810,0,2018,WEDNESDAY,32.473,0,ANIMAL,TWO-WAY,18:00 - 18:59,,N/A,NON INTERSECTION,27.64652074,"DARK, NOT LIGHTED",YES,-97.19422785,ONE MOTOR VEHICLE - GOING STRAIGHT,NO MEDIAN,NOT APPLICABLE,5,NOT APPLICABLE,True,NOT APPLICABLE,"250,000 POP AND OVER",NO,0636,0.79,US & STATE HIGHWAYS,"STRAIGHT, LEVEL",MINOR ARTERIAL,ON ROADWAY,"4 OR MORE LANES, UNDIVIDED",False,65,SH0361,DRY,MARKED LANES,CLEAR
16889447,12050,True,12050,2023,CORPUS CHRISTI,TURNED WHEN UNSAFE,226303,19.216,2019-01-25,1,1,0,0,K - FATAL INJURY,0,0248,0,2019,FRIDAY,26.935,1,OVERTURNED,TWO-WAY,02:00 - 02:59,,UNKNOWN,INTERSECTION RELATED,27.71554328,"DARK, NOT LIGHTED",YES,-97.14784459,ONE MOTOR VEHICLE - GOING STRAIGHT,NO MEDIAN,THREE ENTERING ROADS - T,5,OVERTURNED,True,SWERVED OR VEERED-REASON NOT SPECIFIED,"250,000 POP AND OVER",NO,0632,-0.748,US & STATE HIGHWAYS,"STRAIGHT, LEVEL",MINOR ARTERIAL,OFF ROADWAY,"4 OR MORE LANES, UNDIVIDED",False,65,SH0361,DRY,MARKED LANES,CLEAR
16917566,10439,False,10439,2023,CORPUS CHRISTI,FAILED TO CONTROL SPEED,226303,27.479,2019-02-04,0,2,0,0,N - NOT INJURED,0,1716,0,2019,MONDAY,35.198,0,MOTOR VEHICLE IN TRANSPORT,TWO-WAY,17:00 - 17:59,0022,PR0022,INTERSECTION RELATED,27.61788517,DAYLIGHT,YES,-97.22146329,SAME DIRECTION - BOTH GOING STRAIGHT-REAR END,NO MEDIAN,NOT APPLICABLE,5,NOT APPLICABLE,True,SLOWING/STOPPING-FOR TRAFFIC,"250,000 POP AND OVER",NO,0638,1.516,US & STATE HIGHWAYS,"STRAIGHT, LEVEL",MINOR ARTERIAL,ON ROADWAY,"4 OR MORE LANES, UNDIVIDED",False,65,SH0361,WET,MARKED LANES,FOG
16919607,12050,False,12050,2023,CORPUS CHRISTI,NONE,226303,19.464,2019-02-09,0,2,0,0,N - NOT INJURED,0,1841,0,2019,SATURDAY,27.183,0,ANIMAL,TWO-WAY,18:00 - 18:59,,N/A,NON INTERSECTION,27.71245411,"DARK, NOT LIGHTED",YES,-97.14992811,ONE MOTOR VEHICLE - GOING STRAIGHT,NO MEDIAN,NOT APPLICABLE,5,NOT APPLICABLE,True,NOT APPLICABLE,"250,000 POP AND OVER",NO,0632,-0.5,US & STATE HIGHWAYS,"STRAIGHT, LEVEL",MINOR ARTERIAL,ON ROADWAY,"4 OR MORE LANES, UNDIVIDED",False,65,SH0361,DRY,MARKED LANES,CLOUDY
16917635,6181,False,6181,2023,ARANSAS PASS,FAILED TO CONTROL SPEED,226302,0.334,2019-02-16,0,2,0,0,N - NOT INJURED,0,1448,0,2019,SATURDAY,10.771,0,MOTOR VEHICLE IN TRANSPORT,TWO-WAY,14:00 - 14:59,,N/A,NON INTERSECTION,27.89652923,DAYLIGHT,YES,-97.13545564,SAME DIRECTION - BOTH GOING STRAIGHT-REAR END,NO MEDIAN,NOT APPLICABLE,2,NOT APPLICABLE,True,SLOWING/STOPPING-FOR TRAFFIC,"5,000 - 9,999 POP",NO,0614,0.346,US & STATE HIGHWAYS,"STRAIGHT, LEVEL",MINOR ARTERIAL,ON ROADWAY,"2 LANE, 2 WAY",False,45,SH0361,DRY,NONE,CLEAR
16915724,6181,False,6181,2023,ARANSAS PASS,OTHER (EXPLAIN IN NARRATIVE),226302,4.626,2019-02-23,0,2,0,0,N - NOT INJURED,0,1426,0,2019,SATURDAY,15.063,0,MOTOR VEHICLE IN TRANSPORT,TWO-WAY,14:00 - 14:59,,N/A,NON INTERSECTION,27.86048363,DAYLIGHT,YES,-97.08142435,OPPOSITE DIRECTION - ONE STRAIGHT-ONE LEFT TURN,NO MEDIAN,NOT APPLICABLE,2,NOT APPLICABLE,True,NOT APPLICABLE,"5,000 - 9,999 POP",NO,0618,0.684,US & STATE HIGHWAYS,"STRAIGHT, LEVEL",MINOR ARTERIAL,ON ROADWAY,"2 LANE, 2 WAY",False,55,SH0361,DRY,MARKED LANES,CLEAR
16918309,15893,True,15893,2023,PORT ARANSAS,DRIVER INATTENTION;FAILED TO YIELD RIGHT OF WAY - STOP SIGN,226303,12.309,2019-02-25,0,2,0,0,N - NOT INJURED,0,1139,0,2019,MONDAY,20.028,0,MOTOR VEHICLE IN TRANSPORT,BOULEVARD,11:00 - 11:59,,MUSTANG BLVD,INTERSECTION,27.80023347,DAYLIGHT,YES,-97.08764061,ANGLE - BOTH GOING STRAIGHT,CURBED,THREE ENTERING ROADS - T,4,NOT APPLICABLE,True,ATTENTION DIVERTED FROM DRIVING,"2,500 - 4,999 POP",NO,0624,0.278,US & STATE HIGHWAYS,"STRAIGHT, LEVEL",MINOR ARTERIAL,ON ROADWAY,"4 OR MORE LANES, DIVIDED",True,55,SH0361,DRY,STOP SIGN,CLOUDY
16923744,10439,False,10439,2023,CORPUS CHRISTI,FAILED TO YIELD RIGHT OF WAY - STOP SIGN;IMPAIRED VISIBILITY (EXPLAIN IN NARRATIVE),226303,22.533,2019-02-27,0,2,0,0,N - NOT INJURED,0,0812,0,2019,WEDNESDAY,30.252,0,FIXED OBJECT,TWO-WAY,08:00 - 08:59,0022,PR0022,INTERSECTION RELATED,27.67419962,DAYLIGHT,YES,-97.17563277,ONE MOTOR VEHICLE - GOING STRAIGHT,NO MEDIAN,THREE ENTERING ROADS - T,5,"HIT WORK ZONE BARRICADE, CONES, SIGNS OR MATERIAL",True,CONSTRUCTION-IN OTHER CONSTRUCTION MAINTENANCE AREA (RELATED TO CRASH),"250,000 POP AND OVER",NO,0634,0.569,US & STATE HIGHWAYS,"STRAIGHT, LEVEL",MINOR ARTERIAL,OFF ROADWAY,"4 OR MORE LANES, UNDIVIDED",False,60,SH0361,DRY,STOP SIGN,FOG
16930412,12050,False,12050,2023,CORPUS CHRISTI,UNSAFE SPEED;OTHER (EXPLAIN IN NARRATIVE),226303,16.335,2019-03-03,0,3,0,0,N - NOT INJURED,0,0939,0,2019,SUNDAY,24.054,0,FIXED OBJECT,TWO-WAY,09:00 - 09:59,,MARINERS DR,INTERSECTION RELATED,27.75143298,DAYLIGHT,YES,-97.12368351,ONE MOTOR VEHICLE - GOING STRAIGHT,NO MEDIAN,NOT APPLICABLE,5,HIT UTILITY POLE,True,"LOST CONTROL OR SKIDDED (ICY OR SLICK ROAD, ETC.)","250,000 POP AND OVER",NO,0628,0.353,US & STATE HIGHWAYS,"STRAIGHT, LEVEL",MINOR ARTERIAL,OFF ROADWAY,"4 OR MORE LANES, UNDIVIDED",False,65,SH0361,WET,MARKED LANES,FOG
16930113,12050,False,12050,2023,CORPUS CHRISTI,FAILED TO CONTROL SPEED,226303,17.314,2019-03-04,0,3,0,3,C - POSSIBLE INJURY,0,0738,3,2019,MONDAY,25.033,0,MOTOR VEHICLE IN TRANSPORT,TWO-WAY,07:00 - 07:59,,N/A,DRIVEWAY ACCESS,27.7392332,DAYLIGHT,YES,-97.13187683,SAME DIRECTION - BOTH GOING STRAIGHT-REAR END,NO MEDIAN,NOT APPLICABLE,5,NOT APPLICABLE,True,SLOWING/STOPPING-TO MAKE RIGHT TURN,"250,000 POP AND OVER",NO,0630,-0.699,US & STATE HIGHWAYS,"STRAIGHT, LEVEL",MINOR ARTERIAL,ON ROADWAY,"4 OR MORE LANES, UNDIVIDED",False,60,SH0361,WET,CENTER STRIPE/DIVIDER,RAIN
16950422,12050,False,12050,2023,CORPUS CHRISTI,DRIVER INATTENTION; FAILED TO CONTROL SPEED,226303,19.235,2019-03-10,0,3,0,0,99 - UNKNOWN,0,0806,0,2019,SUNDAY,26.954,0,OVERTURNED,TWO-WAY,08:00 - 08:59,,N/A,NON INTERSECTION,27.71530758,DAWN,YES,-97.14800356,ONE MOTOR VEHICLE - GOING STRAIGHT,NO MEDIAN,NOT APPLICABLE,5,OVERTURNED,True,ATTENTION DIVERTED FROM DRIVING,"250,000 POP AND OVER",NO,0632,-0.729,US & STATE HIGHWAYS,"STRAIGHT, LEVEL",MINOR ARTERIAL,OFF ROADWAY,"4 OR MORE LANES, UNDIVIDED",False,-1,SH0361,WET,CENTER STRIPE/DIVIDER,FOG
16948382,10439,True,10439,2023,CORPUS CHRISTI,FAILED TO YIELD RIGHT OF WAY - TURNING LEFT,226303,27.498,2019-03-13,0,3,0,0,A - SUSPECTED SERIOUS INJURY,1,2129,1,2019,WEDNESDAY,35.217,0,MOTOR VEHICLE IN TRANSPORT,TWO-WAY,21:00 - 21:59,0022,PR0022,INTERSECTION,27.61788953,"DARK, LIGHTED",YES,-97.22177054,OPPOSITE DIRECTION - ONE STRAIGHT-ONE LEFT TURN,NO MEDIAN,FOUR ENTERING ROADS,5,NOT APPLICABLE,True,NOT APPLICABLE,"250,000 POP AND OVER",NO,0638,1.535,US & STATE HIGHWAYS,"STRAIGHT, LEVEL",MINOR ARTERIAL,ON ROADWAY,"4 OR MORE LANES, UNDIVIDED",False,55,SH0361,DRY,SIGNAL LIGHT,CLEAR
16957545,15893,True,15893,2023,PORT ARANSAS,DRIVER INATTENTION;FAILED TO CONTROL SPEED;FAILED TO YIELD RIGHT OF WAY - OPEN INTERSECTION,226303,10.885,2019-03-14,0,3,0,0,N - NOT INJURED,0,1958,0,2019,THURSDAY,18.604,0,MOTOR VEHICLE IN TRANSPORT,TWO-WAY,19:00 - 19:59,,UNKNOWN,INTERSECTION,27.81728299,"DARK, NOT LIGHTED",YES,-97.07459801,ANGLE - ONE STRAIGHT-ONE LEFT TURN,NO MEDIAN,THREE ENTERING ROADS - T,2,NOT APPLICABLE,True,ATTENTION DIVERTED FROM DRIVING,"2,500 - 4,999 POP",NO,0622,0.876,US & STATE HIGHWAYS,"STRAIGHT, LEVEL",MINOR ARTERIAL,ON ROADWAY,"2 LANE, 2 WAY",True,30,SH0361,DRY,STOP SIGN,CLOUDY
16964079,10439,False,10439,2023,CORPUS CHRISTI,CHANGED LANE WHEN UNSAFE,226303,26.779,2019-03-15,0,3,0,1,C - POSSIBLE INJURY,0,1844,1,2019,FRIDAY,34.498,0,MOTOR VEHICLE IN TRANSPORT,TWO-WAY,18:00 - 18:59,,N/A,NON INTERSECTION,27.62135591,DAYLIGHT,YES,-97.2113118,SAME DIRECTION - BOTH GOING STRAIGHT-SIDESWIPE,NO MEDIAN,NOT APPLICABLE,5,NOT APPLICABLE,True,VEHICLE CHANGING LANES,"250,000 POP AND OVER",NO,0638,0.816,US & STATE HIGHWAYS,"STRAIGHT, GRADE",MINOR ARTERIAL,ON ROADWAY,"4 OR MORE LANES, UNDIVIDED",False,50,SH0361,DRY,MARKED LANES,CLOUDY
16955077,10439,True,10439,2023,CORPUS CHRISTI,CHANGED LANE WHEN UNSAFE,226303,27.498,2019-03-16,0,3,0,0,N - NOT INJURED,0,0742,0,2019,SATURDAY,35.217,0,MOTOR VEHICLE IN TRANSPORT,TWO-WAY,07:00 - 07:59,0022,PR0022,INTERSECTION RELATED,27.6178894,DAWN,YES,-97.22177124,SAME DIRECTION - BOTH GOING STRAIGHT-SIDESWIPE,NO MEDIAN,FOUR ENTERING ROADS,5,HIT CONCRETE TRAFFIC BARRIER (NOT IN MEDIAN),True,VEHICLE CHANGING LANES,"250,000 POP AND OVER",NO,0638,1.535,US & STATE HIGHWAYS,"STRAIGHT, LEVEL",MINOR ARTERIAL,ON ROADWAY,"4 OR MORE LANES, UNDIVIDED",False,55,SH0361,WET,SIGNAL LIGHT,RAIN
16965187,10439,False,10439,2023,CORPUS CHRISTI,FAILED TO DRIVE IN SINGLE LANE; UNDER INFLUENCE - ALCOHOL,226303,27.398,2019-03-23,0,3,0,0,A - SUSPECTED SERIOUS INJURY,1,1840,1,2019,SATURDAY,35.117,0,PARKED CAR,TWO-WAY,18:00 - 18:59,,N/A,NON INTERSECTION,27.61786638,DAYLIGHT,YES,-97.22013958,ONE MOTOR VEHICLE - GOING STRAIGHT,NO MEDIAN,NOT APPLICABLE,5,NOT APPLICABLE,True,NOT APPLICABLE,"250,000 POP AND OVER",NO,0638,1.435,US & STATE HIGHWAYS,"CURVE, GRADE",MINOR ARTERIAL,SHOULDER,"4 OR MORE LANES, UNDIVIDED",False,55,SH0361,DRY,MARKED LANES,CLOUDY
16969505,10439,True,10439,2023,CORPUS CHRISTI,DISREGARD STOP AND GO SIGNAL,226303,27.498,2019-03-24,0,3,2,0,B - SUSPECTED MINOR INJURY,0,1647,2,2019,SUNDAY,35.217,0,MOTOR VEHICLE IN TRANSPORT,TWO-WAY,16:00 - 16:59,0022,PR0022,INTERSECTION,27.6178894,DAYLIGHT,YES,-97.22177124,OPPOSITE DIRECTION - ONE STRAIGHT-ONE LEFT TURN,NO MEDIAN,FOUR ENTERING ROADS,5,NOT APPLICABLE,True,NOT APPLICABLE,"250,000 POP AND OVER",NO,0638,1.535,US & STATE HIGHWAYS,"STRAIGHT, LEVEL",MINOR ARTERIAL,ON ROADWAY,"4 OR MORE LANES, UNDIVIDED",False,35,SH0361,DRY,SIGNAL LIGHT,CLEAR
16978082,15893,True,15893,2023,PORT ARANSAS,DRIVER INATTENTION;FAILED TO YIELD RIGHT OF WAY - TURNING LEFT,226303,11.782,2019-03-29,0,3,1,0,B - SUSPECTED MINOR INJURY,0,1837,1,2019,FRIDAY,19.501,0,MOTOR VEHICLE IN TRANSPORT,BOULEVARD,18:00 - 18:59,,PIPER BLVD,INTERSECTION,27.80637738,DAYLIGHT,YES,-97.0824751,OPPOSITE DIRECTION - ONE STRAIGHT-ONE LEFT TURN,CURBED,THREE ENTERING ROADS - T,4,NOT APPLICABLE,True,ATTENTION DIVERTED FROM DRIVING,"2,500 - 4,999 POP",NO,0624,-0.249,US & STATE HIGHWAYS,"STRAIGHT, LEVEL",MINOR ARTERIAL,ON ROADWAY,"4 OR MORE LANES, DIVIDED",True,55,SH0361,DRY,SIGNAL LIGHT,CLEAR
16985873,10439,False,10439,2023,CORPUS CHRISTI,OVERTAKE AND PASS INSUFFICIENT CLEARANCE,226303,25.588,2019-04-02,0,4,0,2,C - POSSIBLE INJURY,0,1604,2,2019,TUESDAY,33.307,0,MOTOR VEHICLE IN TRANSPORT,TWO-WAY,16:00 - 16:59,,N/A,NON INTERSECTION,27.63613378,DAYLIGHT,YES,-97.20121447,SAME DIRECTION - BOTH GOING STRAIGHT-REAR END,NO MEDIAN,NOT APPLICABLE,5,NOT APPLICABLE,True,VEHICLE PASSING OR ATTEMPTING TO PASS ON LEFT,"250,000 POP AND OVER",NO,0638,-0.375,US & STATE HIGHWAYS,"STRAIGHT, LEVEL",MINOR ARTERIAL,ON ROADWAY,"4 OR MORE LANES, UNDIVIDED",False,60,SH0361,DRY,MARKED LANES,CLEAR
16999350,14248,True,14248,2023,PORT ARANSAS,FAILED TO YIELD RIGHT OF WAY - TURNING LEFT,226303,10.186,2019-04-03,0,4,0,2,C - POSSIBLE INJURY,0,1355,2,2019,WEDNESDAY,17.905,0,MOTOR VEHICLE IN TRANSPORT,TWO-WAY,13:00 - 13:59,,UNKNOWN,INTERSECTION,27.82605698,DAYLIGHT,YES,-97.06890131,OPPOSITE DIRECTION - ONE STRAIGHT-ONE LEFT TURN,NO MEDIAN,THREE ENTERING ROADS - T,2,NOT APPLICABLE,True,ONE VEHICLE ENTERING DRIVEWAY,"2,500 - 4,999 POP",NO,0622,0.177,US & STATE HIGHWAYS,"STRAIGHT, LEVEL",MINOR ARTERIAL,ON ROADWAY,"2 LANE, 2 WAY",True,35,SH0361,DRY,MARKED LANES,CLOUDY
16999639,15893,False,15893,2023,PORT ARANSAS,OTHER (EXPLAIN IN NARRATIVE),226303,11.744,2019-04-06,0,4,1,0,B - SUSPECTED MINOR INJURY,0,2342,1,2019,SATURDAY,19.463,0,FIXED OBJECT,BOULEVARD,23:00 - 23:59,,N/A,NON INTERSECTION,27.80680739,"DARK, LIGHTED",YES,-97.08209157,ONE MOTOR VEHICLE - GOING STRAIGHT,CURBED,THREE ENTERING ROADS - T,4,HIT MEDIAN BARRIER (CONCRETE OR CABLE),True,NOT APPLICABLE,"2,500 - 4,999 POP",NO,0624,-0.287,US & STATE HIGHWAYS,"STRAIGHT, LEVEL",MINOR ARTERIAL,MEDIAN,"4 OR MORE LANES, DIVIDED",True,55,SH0361,DRY,FLASHING YELLOW LIGHT,CLOUDY
17022527,9764,True,9764,2023,PORT ARANSAS,FAILED TO YIELD RIGHT OF WAY - TURNING LEFT;CELL/MOBILE DEVICE USE - TALKING,226302,7.266,2019-04-18,0,4,0,0,N - NOT INJURED,0,2143,0,2019,THURSDAY,17.718,0,MOTOR VEHICLE IN TRANSPORT,TWO-WAY,21:00 - 21:59,,S ALISTER ST,INTERSECTION,27.82817809,"DARK, LIGHTED",YES,-97.06701784,OPPOSITE DIRECTION - ONE STRAIGHT-ONE LEFT TURN,NO MEDIAN,FOUR ENTERING ROADS,2,NOT APPLICABLE,True,ATTENTION DIVERTED FROM DRIVING,"2,500 - 4,999 POP",NO,0622,-0.01,CITY STREET,"STRAIGHT, LEVEL",MINOR ARTERIAL,ON ROADWAY,"2 LANE, 2 WAY",True,-1,SH0361,DRY,SIGNAL LIGHT,CLEAR
17023070,9764,False,9764,2023,PORT ARANSAS,DRIVER INATTENTION; FAILED TO CONTROL SPEED; FAILED TO STOP AT PROPER PLACE; HAD BEEN DRINKING,226302,7.116,2019-04-18,0,4,2,0,B - SUSPECTED MINOR INJURY,0,1733,2,2019,THURSDAY,17.568,0,MOTOR VEHICLE IN TRANSPORT,TWO-WAY,17:00 - 17:59,,S 7TH ST,INTERSECTION RELATED,27.82954695,DAYLIGHT,YES,-97.06893546,SAME DIRECTION - ONE STRAIGHT-ONE STOPPED,NO MEDIAN,NOT APPLICABLE,2,NOT APPLICABLE,True,"SLOWING/STOPPING - FOR OFFICER, FLAGMAN, OR TRAFFIC CONTROL","2,500 - 4,999 POP",NO,0622,-0.16,CITY STREET,"STRAIGHT, LEVEL",MINOR ARTERIAL,ON ROADWAY,"2 LANE, 2 WAY",True,35,SH0361,DRY,MARKED LANES,CLEAR
17025716,5888,True,5888,2023,PORT ARANSAS,FAILED TO YIELD RIGHT OF WAY - TURNING LEFT,226302,6.524,2019-04-21,0,4,0,1,C - POSSIBLE INJURY,0,1232,1,2019,SUNDAY,16.976,0,MOTOR VEHICLE IN TRANSPORT,TWO-WAY,12:00 - 12:59,,UNKNOWN,INTERSECTION,27.83665295,DAYLIGHT,YES,-97.06918344,OPPOSITE DIRECTION - ONE STRAIGHT-ONE LEFT TURN,NO MEDIAN,FOUR ENTERING ROADS,2,NOT APPLICABLE,True,NOT APPLICABLE,"2,500 - 4,999 POP",NO,0620,0.709,US & STATE HIGHWAYS,"STRAIGHT, LEVEL",MINOR ARTERIAL,ON ROADWAY,"2 LANE, 2 WAY",True,35,SH0361,DRY,MARKED LANES,CLEAR
17035583,9764,False,9764,2023,PORT ARANSAS,DISTRACTION IN VEHICLE; DRIVER INATTENTION,226302,7.097,2019-04-27,0,4,0,0,N - NOT INJURED,0,0855,0,2019,SATURDAY,17.549,0,MOTOR VEHICLE IN TRANSPORT,TWO-WAY,08:00 - 08:59,,S 7TH ST,INTERSECTION RELATED,27.82972354,DAYLIGHT,YES,-97.06917351,SAME DIRECTION - ONE STRAIGHT-ONE STOPPED,NO MEDIAN,NOT APPLICABLE,2,NOT APPLICABLE,True,"SLOWING/STOPPING - FOR OFFICER, FLAGMAN, OR TRAFFIC CONTROL","2,500 - 4,999 POP",NO,0622,-0.179,CITY STREET,"STRAIGHT, LEVEL",MINOR ARTERIAL,ON ROADWAY,"2 LANE, 2 WAY",True,35,SH0361,DRY,MARKED LANES,CLEAR
17050192,9764,False,9764,2023,PORT ARANSAS,DRIVER INATTENTION,226302,7.164,2019-04-27,0,4,0,0,N - NOT INJURED,0,1019,0,2019,SATURDAY,17.616,0,MOTOR VEHICLE IN TRANSPORT,TWO-WAY,10:00 - 10:59,,N/A,DRIVEWAY ACCESS,27.8291119,DAYLIGHT,YES,-97.068326,ANGLE - BOTH GOING STRAIGHT,NO MEDIAN,NOT APPLICABLE,2,NOT APPLICABLE,True,ONE VEHICLE LEAVING DRIVEWAY,"2,500 - 4,999 POP",NO,0622,-0.112,CITY STREET,"STRAIGHT, LEVEL",MINOR ARTERIAL,ON ROADWAY,"2 LANE, 2 WAY",True,35,SH0361,DRY,NONE,CLEAR
17063756,10439,False,10439,2023,CORPUS CHRISTI,TURNED WHEN UNSAFE,226303,20.26,2019-04-30,0,4,0,1,C - POSSIBLE INJURY,0,1349,1,2019,TUESDAY,27.979,0,MOTOR VEHICLE IN TRANSPORT,TWO-WAY,13:00 - 13:59,,N/A,NON INTERSECTION,27.70251894,DAYLIGHT,YES,-97.15658585,SAME DIRECTION - ONE STRAIGHT-ONE LEFT TURN,NO MEDIAN,NOT APPLICABLE,5,NOT APPLICABLE,True,NOT APPLICABLE,"250,000 POP AND OVER",NO,0632,0.296,US & STATE HIGHWAYS,"STRAIGHT, LEVEL",MINOR ARTERIAL,ON ROADWAY,"4 OR MORE LANES, UNDIVIDED",False,65,SH0361,DRY,MARKED LANES,CLEAR
17074886,10439,True,10439,2023,CORPUS CHRISTI,DRIVER INATTENTION,226303,27.498,2019-05-17,0,5,0,0,N - NOT INJURED,0,1611,0,2019,FRIDAY,35.217,0,MOTOR VEHICLE IN TRANSPORT,TWO-WAY,16:00 - 16:59,0022,PR0022,INTERSECTION,27.6178894,DAYLIGHT,YES,-97.22177124,OPPOSITE DIRECTION - ONE STRAIGHT-ONE LEFT TURN,NO MEDIAN,FOUR ENTERING ROADS,5,NOT APPLICABLE,True,ATTENTION DIVERTED FROM DRIVING,"250,000 POP AND OVER",NO,0638,1.535,US & STATE HIGHWAYS,"STRAIGHT, LEVEL",MINOR ARTERIAL,ON ROADWAY,"4 OR MORE LANES, UNDIVIDED",False,50,SH0361,DRY,SIGNAL LIGHT,CLEAR
17082542,12050,False,12050,2023,CORPUS CHRISTI,FAILED TO DRIVE IN SINGLE LANE;CELL/MOBILE DEVICE USE - TEXTING,226303,16.074,2019-05-17,0,5,0,0,A - SUSPECTED SERIOUS INJURY,1,1241,1,2019,FRIDAY,23.793,0,OVERTURNED,TWO-WAY,12:00 - 12:59,,N/A,NON INTERSECTION,27.75467715,DAYLIGHT,YES,-97.12149134,ONE MOTOR VEHICLE - GOING STRAIGHT,NO MEDIAN,NOT APPLICABLE,5,OVERTURNED,True,ATTENTION DIVERTED FROM DRIVING,"250,000 POP AND OVER",NO,0628,0.092,US & STATE HIGHWAYS,"STRAIGHT, LEVEL",MINOR ARTERIAL,OFF ROADWAY,"4 OR MORE LANES, UNDIVIDED",False,55,SH0361,DRY,MARKED LANES,CLOUDY
17083337,10439,False,10439,2023,CORPUS CHRISTI,FAILED TO CONTROL SPEED,226303,27.483,2019-05-21,0,5,0,0,N - NOT INJURED,0,1621,0,2019,TUESDAY,35.202,0,MOTOR VEHICLE IN TRANSPORT,TWO-WAY,16:00 - 16:59,,N/A,DRIVEWAY ACCESS,27.61788605,DAYLIGHT,YES,-97.22152485,SAME DIRECTION - ONE STRAIGHT-ONE STOPPED,NO MEDIAN,NOT APPLICABLE,5,NOT APPLICABLE,True,SLOWING/STOPPING-FOR TRAFFIC,"250,000 POP AND OVER",NO,0638,1.52,US & STATE HIGHWAYS,"STRAIGHT, LEVEL",MINOR ARTERIAL,ON ROADWAY,"4 OR MORE LANES, UNDIVIDED",False,55,SH0361,DRY,MARKED LANES,CLEAR
17086528,5888,False,5888,2023,PORT ARANSAS,OTHER (EXPLAIN IN NARRATIVE),226302,6.644,2019-05-21,0,5,0,0,A - SUSPECTED SERIOUS INJURY,1,1556,1,2019,TUESDAY,17.096,0,PEDESTRIAN,TWO-WAY,15:00 - 15:59,,N/A,NON INTERSECTION,27.83529705,DAYLIGHT,YES,-97.07039199,ONE MOTOR VEHICLE - GOING STRAIGHT,NO MEDIAN,THREE ENTERING ROADS - T,2,NOT APPLICABLE,True,OPEN DOOR OR OBJECT PROJECTING FROM VEHICLE,"2,500 - 4,999 POP",NO,0622,-0.632,CITY STREET,"STRAIGHT, LEVEL",MINOR ARTERIAL,OFF ROADWAY,"2 LANE, 2 WAY",True,30,SH0361,DRY,NONE,CLEAR
17096117,10439,False,10439,2023,CORPUS CHRISTI,FAILED TO CONTROL SPEED,226303,27.487,2019-05-24,0,5,0,0,N - NOT INJURED,0,1255,0,2019,FRIDAY,35.206,0,MOTOR VEHICLE IN TRANSPORT,TWO-WAY,12:00 - 12:59,,N/A,NON INTERSECTION,27.61788692,DAYLIGHT,YES,-97.22158641,SAME DIRECTION - ONE STRAIGHT-ONE STOPPED,NO MEDIAN,NOT APPLICABLE,5,NOT APPLICABLE,True,SLOWING/STOPPING-FOR TRAFFIC,"250,000 POP AND OVER",NO,0638,1.524,US & STATE HIGHWAYS,"STRAIGHT, LEVEL",MINOR ARTERIAL,ON ROADWAY,"4 OR MORE LANES, UNDIVIDED",False,45,SH0361,DRY,SIGNAL LIGHT,CLEAR
17106760,10439,False,10439,2023,CORPUS CHRISTI,FAILED TO CONTROL SPEED,226303,27.479,2019-05-26,0,5,0,0,N - NOT INJURED,0,1525,0,2019,SUNDAY,35.198,0,MOTOR VEHICLE IN TRANSPORT,TWO-WAY,15:00 - 15:59,,N/A,DRIVEWAY ACCESS,27.61788517,DAYLIGHT,YES,-97.22146329,SAME DIRECTION - ONE STRAIGHT-ONE STOPPED,NO MEDIAN,NOT APPLICABLE,5,NOT APPLICABLE,True,SLOWING/STOPPING-TO MAKE LEFT TURN,"250,000 POP AND OVER",NO,0638,1.516,US & STATE HIGHWAYS,"STRAIGHT, LEVEL",MINOR ARTERIAL,ON ROADWAY,"4 OR MORE LANES, UNDIVIDED",False,45,SH0361,DRY,MARKED LANES,CLEAR
17107046,12050,False,12050,2023,CORPUS CHRISTI,FAILED TO DRIVE IN SINGLE LANE,226303,18.469,2019-05-27,0,5,0,0,N - NOT INJURED,0,2253,0,2019,MONDAY,26.188,0,FIXED OBJECT,TWO-WAY,22:00 - 22:59,,N/A,NON INTERSECTION,27.7248354,"DARK, NOT LIGHTED",YES,-97.14157775,ONE MOTOR VEHICLE - GOING STRAIGHT,NO MEDIAN,NOT APPLICABLE,5,DITCH,True,NOT APPLICABLE,"250,000 POP AND OVER",NO,0630,0.456,US & STATE HIGHWAYS,"STRAIGHT, LEVEL",MINOR ARTERIAL,OFF ROADWAY,"4 OR MORE LANES, UNDIVIDED",False,60,SH0361,DRY,CENTER STRIPE/DIVIDER,CLEAR
17104737,10439,False,10439,2023,CORPUS CHRISTI,BACKED WITHOUT SAFETY,226303,26.555,2019-06-02,0,6,0,0,N - NOT INJURED,0,1904,0,2019,SUNDAY,34.274,0,PARKED CAR,TWO-WAY,19:00 - 19:59,,N/A,NON INTERSECTION,27.62408716,DAYLIGHT,YES,-97.20933461,ONE MOTOR VEHICLE - BACKING,NO MEDIAN,NOT APPLICABLE,5,NOT APPLICABLE,True,NOT APPLICABLE,"250,000 POP AND OVER",NO,0638,0.592,CITY STREET,OTHER (EXPLAIN IN NARRATIVE),MINOR ARTERIAL,ON ROADWAY,"4 OR MORE LANES, UNDIVIDED",False,15,SH0361,"SAND, MUD, DIRT",NONE,CLEAR
17117214,15893,False,15893,2023,PORT ARANSAS,UNDER INFLUENCE - ALCOHOL,226303,10.785,2019-06-04,0,6,0,0,N - NOT INJURED,0,0128,0,2019,TUESDAY,18.504,0,FIXED OBJECT,TWO-WAY,01:00 - 01:59,,N/A,DRIVEWAY ACCESS,27.81857257,"DARK, LIGHTED",YES,-97.07386148,ONE MOTOR VEHICLE - TURNING LEFT,NO MEDIAN,NOT APPLICABLE,2,DITCH,True,ONE VEHICLE ENTERING DRIVEWAY,"2,500 - 4,999 POP",NO,0622,0.776,US & STATE HIGHWAYS,"STRAIGHT, LEVEL",MINOR ARTERIAL,OFF ROADWAY,"2 LANE, 2 WAY",True,45,SH0361,DRY,NONE,CLEAR
17121980,9764,True,9764,2023,PORT ARANSAS,DRIVER INATTENTION;FAILED TO YIELD RIGHT OF WAY - STOP SIGN,226302,7.136,2019-06-08,0,6,0,0,N - NOT INJURED,0,2355,0,2019,SATURDAY,17.588,0,MOTOR VEHICLE IN TRANSPORT,TWO-WAY,23:00 - 23:59,,UNKNOWN,INTERSECTION,27.8293669,"DARK, LIGHTED",YES,-97.06868322,ANGLE - ONE STRAIGHT-ONE LEFT TURN,NO MEDIAN,THREE ENTERING ROADS - T,2,NOT APPLICABLE,True,ATTENTION DIVERTED FROM DRIVING,"2,500 - 4,999 POP",NO,0622,-0.14,CITY STREET,"CURVE, LEVEL",MINOR ARTERIAL,ON ROADWAY,"2 LANE, 2 WAY",True,35,SH0361,DRY,STOP SIGN,CLEAR
17119979,5888,True,5888,2023,PORT ARANSAS,HAD BEEN DRINKING;UNSAFE SPEED,226302,6.952,2019-06-09,0,6,0,0,N - NOT INJURED,0,0239,0,2019,SUNDAY,17.404,0,FIXED OBJECT,TWO-WAY,02:00 - 02:59,,N/A,NON INTERSECTION,27.83105279,"DARK, LIGHTED",YES,-97.07100138,ONE MOTOR VEHICLE - GOING STRAIGHT,NO MEDIAN,FIVE ENTERING ROADS,2,"HIT HOUSE, BUILDING, OR BUILDING FIXTURE",True,NOT APPLICABLE,"2,500 - 4,999 POP",NO,0622,-0.324,CITY STREET,"STRAIGHT, LEVEL",MINOR ARTERIAL,OFF ROADWAY,"2 LANE, 2 WAY",True,30,SH0361,DRY,MARKED LANES,CLEAR
17122001,9764,False,9764,2023,PORT ARANSAS,DRIVER INATTENTION,226302,7.017,2019-06-09,0,6,0,1,C - POSSIBLE INJURY,0,1056,1,2019,SUNDAY,17.469,0,MOTOR VEHICLE IN TRANSPORT,TWO-WAY,10:00 - 10:59,,N/A,NON INTERSECTION,27.83046893,DAYLIGHT,YES,-97.070178,SAME DIRECTION - ONE STRAIGHT-ONE STOPPED,NO MEDIAN,NOT APPLICABLE,2,NOT APPLICABLE,True,SLOWING/STOPPING-FOR TRAFFIC,"2,500 - 4,999 POP",NO,0622,-0.259,CITY STREET,"STRAIGHT, LEVEL",MINOR ARTERIAL,ON ROADWAY,"2 LANE, 2 WAY",True,35,SH0361,DRY,NONE,CLEAR
17137654,10439,False,10439,2023,CORPUS CHRISTI,TURNED WHEN UNSAFE,226303,26.628,2019-06-15,0,6,0,2,C - POSSIBLE INJURY,0,1744,2,2019,SATURDAY,34.347,0,MOTOR VEHICLE IN TRANSPORT,TWO-WAY,17:00 - 17:59,,N/A,NON INTERSECTION,27.62318435,DAYLIGHT,YES,-97.2099649,SAME DIRECTION - ONE STRAIGHT-ONE LEFT TURN,NO MEDIAN,NOT APPLICABLE,5,NOT APPLICABLE,True,NOT APPLICABLE,"250,000 POP AND OVER",NO,0638,0.665,US & STATE HIGHWAYS,"STRAIGHT, LEVEL",MINOR ARTERIAL,ON ROADWAY,"4 OR MORE LANES, UNDIVIDED",False,50,SH0361,DRY,CENTER STRIPE/DIVIDER,CLEAR
17141913,12050,False,12050,2023,OUTSIDE CITY LIMITS,FAILED TO CONTROL SPEED; FOLLOWED TOO CLOSELY,226303,13.499,2019-06-18,0,6,0,0,N - NOT INJURED,0,1009,0,2019,TUESDAY,21.218,0,MOTOR VEHICLE IN TRANSPORT,TWO-WAY,10:00 - 10:59,,ACCESS ROAD 1 A,INTERSECTION RELATED,27.78640038,DAYLIGHT,YES,-97.09926774,SAME DIRECTION - ONE STRAIGHT-ONE STOPPED,NO MEDIAN,THREE ENTERING ROADS - T,5,NOT APPLICABLE,True,SLOWING/STOPPING-TO MAKE RIGHT TURN,RURAL,NO,0626,-0.494,US & STATE HIGHWAYS,"STRAIGHT, LEVEL",MINOR ARTERIAL,ON ROADWAY,"4 OR MORE LANES, UNDIVIDED",True,60,SH0361,DRY,NONE,CLEAR
17142829,6181,False,6181,2023,ARANSAS PASS,FLEEING OR EVADING POLICE; HAD BEEN DRINKING,226302,4.292,2019-06-21,0,6,0,0,N - NOT INJURED,0,2029,0,2019,FRIDAY,14.729,0,MOTOR VEHICLE IN TRANSPORT,TWO-WAY,20:00 - 20:59,,N/A,NON INTERSECTION,27.86484354,DUSK,YES,-97.08385272,SAME DIRECTION - ONE STRAIGHT-ONE LEFT TURN,NO MEDIAN,NOT APPLICABLE,2,NOT APPLICABLE,True,CRASH OCCURRED ON A BEACH,"5,000 - 9,999 POP",NO,0618,0.35,OTHER ROADS,"STRAIGHT, LEVEL",MINOR ARTERIAL,ON ROADWAY,"2 LANE, 2 WAY",False,15,SH0361,"SAND, MUD, DIRT",NONE,CLOUDY
17141917,14248,False,14248,2023,PORT ARANSAS,FAILED TO YIELD RIGHT OF WAY - TURNING LEFT;UNSAFE SPEED,226303,10.052,2019-06-22,0,6,1,1,B - SUSPECTED MINOR INJURY,0,0847,2,2019,SATURDAY,17.771,0,MOTOR VEHICLE IN TRANSPORT,TWO-WAY,08:00 - 08:59,,N/A,DRIVEWAY ACCESS,27.82758455,DAYLIGHT,YES,-97.06753534,ANGLE - ONE STRAIGHT-ONE LEFT TURN,NO MEDIAN,OTHER (EXPLAIN IN NARRATIVE),2,NOT APPLICABLE,True,ONE VEHICLE LEAVING DRIVEWAY,"2,500 - 4,999 POP",NO,0622,0.043,US & STATE HIGHWAYS,"STRAIGHT, LEVEL",MINOR ARTERIAL,ON ROADWAY,"2 LANE, 2 WAY",True,35,SH0361,DRY,MARKED LANES,CLEAR
17157457,15893,True,15893,2023,PORT ARANSAS,FAILED TO YIELD RIGHT OF WAY - TURNING LEFT,226303,11.782,2019-06-29,0,6,0,1,C - POSSIBLE INJURY,0,1535,1,2019,SATURDAY,19.501,0,MOTOR VEHICLE IN TRANSPORT,BOULEVARD,15:00 - 15:59,,PIPER BLVD,INTERSECTION,27.80637738,DAYLIGHT,YES,-97.0824751,OPPOSITE DIRECTION - ONE STRAIGHT-ONE LEFT TURN,CURBED,FOUR ENTERING ROADS,4,NOT APPLICABLE,True,NOT APPLICABLE,"2,500 - 4,999 POP",NO,0624,-0.249,US & STATE HIGHWAYS,"STRAIGHT, LEVEL",MINOR ARTERIAL,ON ROADWAY,"4 OR MORE LANES, DIVIDED",True,55,SH0361,DRY,SIGNAL LIGHT,CLEAR
17171195,12050,False,12050,2023,CORPUS CHRISTI,FAILED TO CONTROL SPEED,226303,14.824,2019-07-06,0,7,0,0,N - NOT INJURED,0,1801,0,2019,SATURDAY,22.543,0,PARKED CAR,TWO-WAY,18:00 - 18:59,,N/A,NON INTERSECTION,27.7702409,DAYLIGHT,YES,-97.11097455,ONE MOTOR VEHICLE - GOING STRAIGHT,NO MEDIAN,NOT APPLICABLE,5,NOT APPLICABLE,True,CRASH OCCURRED ON A BEACH,"250,000 POP AND OVER",NO,0626,0.831,OTHER ROADS,OTHER (EXPLAIN IN NARRATIVE),MINOR ARTERIAL,ON ROADWAY,"4 OR MORE LANES, UNDIVIDED",False,15,SH0361,"SAND, MUD, DIRT",YIELD SIGN,CLOUDY
17180638,9764,False,9764,2023,PORT ARANSAS,FAILED TO CONTROL SPEED,226302,7.172,2019-07-09,0,7,0,0,N - NOT INJURED,0,1651,0,2019,TUESDAY,17.624,0,MOTOR VEHICLE IN TRANSPORT,TWO-WAY,16:00 - 16:59,,N/A,NON INTERSECTION,27.82903919,DAYLIGHT,YES,-97.06822415,SAME DIRECTION - ONE STRAIGHT-ONE STOPPED,NO MEDIAN,FOUR ENTERING ROADS,2,NOT APPLICABLE,True,SLOWING/STOPPING-FOR TRAFFIC,"2,500 - 4,999 POP",NO,0622,-0.104,CITY STREET,"STRAIGHT, LEVEL",MINOR ARTERIAL,ON ROADWAY,"2 LANE, 2 WAY",True,35,SH0361,DRY,SIGNAL LIGHT,CLEAR
17180649,15893,False,15893,2023,PORT ARANSAS,FAILED TO CONTROL SPEED,226303,11.245,2019-07-11,0,7,0,0,N - NOT INJURED,0,1936,0,2019,THURSDAY,18.964,0,OVERTURNED,TWO-WAY,19:00 - 19:59,,N/A,DRIVEWAY ACCESS,27.81263762,DAYLIGHT,YES,-97.07726588,ONE MOTOR VEHICLE - TURNING LEFT,NO MEDIAN,THREE ENTERING ROADS - T,2,OVERTURNED,True,ONE VEHICLE ENTERING DRIVEWAY,"2,500 - 4,999 POP",NO,0624,-0.786,US & STATE HIGHWAYS,"STRAIGHT, LEVEL",MINOR ARTERIAL,OFF ROADWAY,"2 LANE, 2 WAY",True,45,SH0361,DRY,NONE,CLEAR
17178956,10439,False,10439,2023,CORPUS CHRISTI,CHANGED LANE WHEN UNSAFE,226303,27.46,2019-07-13,0,7,0,0,N - NOT INJURED,0,1243,0,2019,SATURDAY,35.179,0,MOTOR VEHICLE IN TRANSPORT,TWO-WAY,12:00 - 12:59,,N/A,NON INTERSECTION,27.61788081,DAYLIGHT,YES,-97.22115549,SAME DIRECTION - BOTH GOING STRAIGHT-SIDESWIPE,NO MEDIAN,NOT APPLICABLE,5,NOT APPLICABLE,True,VEHICLE CHANGING LANES,"250,000 POP AND OVER",NO,0638,1.497,US & STATE HIGHWAYS,"STRAIGHT, LEVEL",MINOR ARTERIAL,ON ROADWAY,"4 OR MORE LANES, UNDIVIDED",False,45,SH0361,DRY,MARKED LANES,CLEAR
17186848,6181,False,6181,2023,ARANSAS PASS,DRIVER INATTENTION; HAD BEEN DRINKING,226302,4.791,2019-07-13,0,7,0,0,A - SUSPECTED SERIOUS INJURY,1,0237,1,2019,SATURDAY,15.228,0,PEDALCYCLIST,TWO-WAY,02:00 - 02:59,,N/A,NON INTERSECTION,27.85816674,"DARK, NOT LIGHTED",YES,-97.0807975,ONE MOTOR VEHICLE - GOING STRAIGHT,NO MEDIAN,NOT APPLICABLE,2,NOT APPLICABLE,True,ATTENTION DIVERTED FROM DRIVING,"5,000 - 9,999 POP",NO,0618,0.849,US & STATE HIGHWAYS,"STRAIGHT, LEVEL",MINOR ARTERIAL,ON ROADWAY,"2 LANE, 2 WAY",False,55,SH0361,DRY,NONE,CLEAR
17180835,6181,False,6181,2023,PORT ARANSAS,DRIVER INATTENTION; FAILED TO CONTROL SPEED,226302,5.973,2019-07-15,0,7,0,0,N - NOT INJURED,0,0730,0,2019,MONDAY,16.41,0,MOTOR VEHICLE IN TRANSPORT,TWO-WAY,07:00 - 07:59,,UNKNOWN,INTERSECTION RELATED,27.84403928,DAYLIGHT,YES,-97.07042125,SAME DIRECTION - ONE STRAIGHT-ONE STOPPED,NO MEDIAN,NOT APPLICABLE,2,NOT APPLICABLE,True,"SLOWING/STOPPING - FOR OFFICER, FLAGMAN, OR TRAFFIC CONTROL","2,500 - 4,999 POP",NO,0620,0.143,US & STATE HIGHWAYS,"STRAIGHT, LEVEL",MINOR ARTERIAL,ON ROADWAY,"2 LANE, 2 WAY",True,35,SH0361,DRY,STOP SIGN,CLEAR
17196409,6181,False,6181,2023,ARANSAS PASS,FAILED TO CONTROL SPEED,226302,0.543,2019-07-19,0,7,0,0,N - NOT INJURED,0,1153,0,2019,FRIDAY,10.98,0,MOTOR VEHICLE IN TRANSPORT,TWO-WAY,11:00 - 11:59,,N/A,NON INTERSECTION,27.89543819,DAYLIGHT,YES,-97.13226967,SAME DIRECTION - BOTH GOING STRAIGHT-REAR END,NO MEDIAN,NOT APPLICABLE,2,NOT APPLICABLE,True,SLOWING/STOPPING-FOR TRAFFIC,"5,000 - 9,999 POP",NO,0614,0.555,US & STATE HIGHWAYS,"STRAIGHT, LEVEL",MINOR ARTERIAL,ON ROADWAY,"2 LANE, 2 WAY",False,55,SH0361,DRY,NONE,CLEAR
17206474,9764,False,9764,2023,PORT ARANSAS,DRIVER INATTENTION; TURNED WHEN UNSAFE,226302,7.247,2019-07-20,0,7,0,0,N - NOT INJURED,0,1808,0,2019,SATURDAY,17.699,0,MOTOR VEHICLE IN TRANSPORT,TWO-WAY,18:00 - 18:59,,N/A,DRIVEWAY ACCESS,27.82835037,DAYLIGHT,YES,-97.06725919,ANGLE - ONE RIGHT TURN-ONE STOPPED,NO MEDIAN,THREE ENTERING ROADS - T,2,NOT APPLICABLE,True,ONE VEHICLE LEAVING DRIVEWAY,"2,500 - 4,999 POP",NO,0622,-0.029,CITY STREET,"STRAIGHT, LEVEL",MINOR ARTERIAL,ON ROADWAY,"2 LANE, 2 WAY",True,35,SH0361,DRY,NONE,CLEAR
17192457,5888,False,5888,2023,PORT ARANSAS,FAILED TO CONTROL SPEED; FAULTY EVASIVE ACTION,226302,6.407,2019-07-22,0,7,0,2,C - POSSIBLE INJURY,0,1256,2,2019,MONDAY,16.859,0,OVERTURNED,TWO-WAY,12:00 - 12:59,,N/A,NON INTERSECTION,27.83799778,DAYLIGHT,YES,-97.06799611,ONE MOTOR VEHICLE - GOING STRAIGHT,NO MEDIAN,THREE ENTERING ROADS - T,2,OVERTURNED,True,NOT APPLICABLE,"2,500 - 4,999 POP",NO,0620,0.592,CITY STREET,"CURVE, LEVEL",MINOR ARTERIAL,ON ROADWAY,"2 LANE, 2 WAY",True,15,SH0361,"SAND, MUD, DIRT",NONE,CLEAR
17200761,15893,True,15893,2023,PORT ARANSAS,FAILED TO YIELD RIGHT OF WAY - TURNING LEFT,226303,11.783,2019-07-27,0,7,0,0,N - NOT INJURED,0,1409,0,2019,SATURDAY,19.502,0,MOTOR VEHICLE IN TRANSPORT,BOULEVARD,14:00 - 14:59,,UNKNOWN,INTERSECTION,27.80636652,DAYLIGHT,YES,-97.08248479,OPPOSITE DIRECTION - ONE STRAIGHT-ONE LEFT TURN,CURBED,FOUR ENTERING ROADS,4,NOT APPLICABLE,True,NOT APPLICABLE,"2,500 - 4,999 POP",NO,0624,-0.248,US & STATE HIGHWAYS,"STRAIGHT, LEVEL",MINOR ARTERIAL,ON ROADWAY,"4 OR MORE LANES, DIVIDED",True,45,SH0361,DRY,SIGNAL LIGHT,CLEAR
17206485,14248,False,14248,2023,PORT ARANSAS,FAILED TO YIELD RIGHT OF WAY - TURNING LEFT,226303,10.095,2019-07-29,0,7,0,3,C - POSSIBLE INJURY,0,1247,3,2019,MONDAY,17.814,0,MOTOR VEHICLE IN TRANSPORT,TWO-WAY,12:00 - 12:59,,N/A,DRIVEWAY ACCESS,27.82710311,DAYLIGHT,YES,-97.06796643,ANGLE - ONE STRAIGHT-ONE LEFT TURN,NO MEDIAN,FOUR ENTERING ROADS,2,NOT APPLICABLE,True,ONE VEHICLE LEAVING DRIVEWAY,"2,500 - 4,999 POP",NO,0622,0.086,US & STATE HIGHWAYS,"STRAIGHT, LEVEL",MINOR ARTERIAL,ON ROADWAY,"2 LANE, 2 WAY",True,30,SH0361,DRY,SIGNAL LIGHT,CLEAR
17213870,12050,False,12050,2023,OUTSIDE CITY LIMITS,FAILED TO CONTROL SPEED,226303,13.963,2019-08-03,0,8,2,0,B - SUSPECTED MINOR INJURY,0,0958,2,2019,SATURDAY,21.682,0,OVERTURNED,TWO-WAY,09:00 - 09:59,,N/A,NON INTERSECTION,27.78095269,DAYLIGHT,YES,-97.10372696,ONE MOTOR VEHICLE - GOING STRAIGHT,NO MEDIAN,NOT APPLICABLE,5,OVERTURNED,True,NOT APPLICABLE,RURAL,NO,0626,-0.03,CITY STREET,"STRAIGHT, LEVEL",MINOR ARTERIAL,ON ROADWAY,"4 OR MORE LANES, UNDIVIDED",True,30,SH0361,DRY,NONE,CLEAR
17223473,10439,False,10439,2023,CORPUS CHRISTI,FAILED TO CONTROL SPEED,226303,27.479,2019-08-09,0,8,0,0,N - NOT INJURED,0,1614,0,2019,FRIDAY,35.198,0,MOTOR VEHICLE IN TRANSPORT,TWO-WAY,16:00 - 16:59,0022,PR0022,INTERSECTION RELATED,27.61788517,DAYLIGHT,YES,-97.22146329,SAME DIRECTION - ONE STRAIGHT-ONE STOPPED,NO MEDIAN,NOT APPLICABLE,5,NOT APPLICABLE,True,"SLOWING/STOPPING - FOR OFFICER, FLAGMAN, OR TRAFFIC CONTROL","250,000 POP AND OVER",NO,0638,1.516,US & STATE HIGHWAYS,"STRAIGHT, LEVEL",MINOR ARTERIAL,ON ROADWAY,"4 OR MORE LANES, UNDIVIDED",False,50,SH0361,DRY,SIGNAL LIGHT,CLEAR
17231668,10439,False,10439,2023,CORPUS CHRISTI,FAILED TO CONTROL SPEED,226303,22.706,2019-08-11,0,8,0,0,N - NOT INJURED,0,1121,0,2019,SUNDAY,30.425,0,MOTOR VEHICLE IN TRANSPORT,TWO-WAY,11:00 - 11:59,,N/A,NON INTERSECTION,27.67204847,DAYLIGHT,YES,-97.17708132,SAME DIRECTION - ONE STRAIGHT-ONE STOPPED,NO MEDIAN,NOT APPLICABLE,5,NOT APPLICABLE,True,SLOWING/STOPPING-FOR TRAFFIC,"250,000 POP AND OVER",NO,0634,0.742,US & STATE HIGHWAYS,"STRAIGHT, GRADE",MINOR ARTERIAL,ON ROADWAY,"4 OR MORE LANES, UNDIVIDED",False,60,SH0361,DRY,CENTER STRIPE/DIVIDER,CLEAR
17274652,10439,False,10439,2023,CORPUS CHRISTI,FAILED TO CONTROL SPEED,226303,26.713,2019-08-16,0,8,0,0,N - NOT INJURED,0,0245,0,2019,FRIDAY,34.432,0,MOTOR VEHICLE IN TRANSPORT,TWO-WAY,02:00 - 02:59,,N/A,NON INTERSECTION,27.62213636,"DARK, NOT LIGHTED",YES,-97.21069656,SAME DIRECTION - BOTH GOING STRAIGHT-REAR END,NO MEDIAN,NOT APPLICABLE,5,NOT APPLICABLE,True,NOT APPLICABLE,"250,000 POP AND OVER",NO,0638,0.75,US & STATE HIGHWAYS,"STRAIGHT, LEVEL",MINOR ARTERIAL,ON ROADWAY,"4 OR MORE LANES, UNDIVIDED",False,60,SH0361,DRY,MARKED LANES,CLEAR
17248724,6500,False,6500,2023,ARANSAS PASS,DRIVER INATTENTION,226302,0.073,2019-08-22,0,8,0,1,C - POSSIBLE INJURY,0,1022,1,2019,THURSDAY,10.51,0,MOTOR VEHICLE IN TRANSPORT,TWO-WAY,10:00 - 10:59,,N/A,NON INTERSECTION,27.89783003,DAYLIGHT,YES,-97.13945951,SAME DIRECTION - BOTH GOING STRAIGHT-REAR END,NO MEDIAN,NOT APPLICABLE,2,NOT APPLICABLE,True,CONSTRUCTION-WITHIN POSTED ROAD CONSTRUCTION ZONE (RELATED TO CRASH),"5,000 - 9,999 POP",NO,0614,0.085,US & STATE HIGHWAYS,"STRAIGHT, LEVEL",MINOR ARTERIAL,ON ROADWAY,"2 LANE, 2 WAY",False,35,SH0361,DRY,SIGNAL LIGHT,CLEAR
17251941,10439,False,10439,2023,CORPUS CHRISTI,FAILED TO CONTROL SPEED,226303,24.442,2019-08-23,0,8,0,0,N - NOT INJURED,0,1652,0,2019,FRIDAY,32.161,0,MOTOR VEHICLE IN TRANSPORT,TWO-WAY,16:00 - 16:59,,N/A,NON INTERSECTION,27.6504132,DAYLIGHT,YES,-97.19162694,SAME DIRECTION - BOTH GOING STRAIGHT-REAR END,NO MEDIAN,NOT APPLICABLE,5,NOT APPLICABLE,True,CONSTRUCTION-IN OTHER CONSTRUCTION MAINTENANCE AREA (RELATED TO CRASH),"250,000 POP AND OVER",NO,0636,0.478,US & STATE HIGHWAYS,"STRAIGHT, LEVEL",MINOR ARTERIAL,ON ROADWAY,"4 OR MORE LANES, UNDIVIDED",False,60,SH0361,DRY,CENTER STRIPE/DIVIDER,CLEAR
17254342,10439,False,10439,2023,CORPUS CHRISTI,DRIVER INATTENTION; FAILED TO CONTROL SPEED,226303,24.541,2019-08-23,0,8,1,1,B - SUSPECTED MINOR INJURY,0,1120,2,2019,FRIDAY,32.26,0,MOTOR VEHICLE IN TRANSPORT,TWO-WAY,11:00 - 11:59,,N/A,NON INTERSECTION,27.64917717,DAYLIGHT,YES,-97.19245626,SAME DIRECTION - BOTH GOING STRAIGHT-REAR END,NO MEDIAN,NOT APPLICABLE,5,NOT APPLICABLE,True,CONSTRUCTION-IN OTHER CONSTRUCTION MAINTENANCE AREA (RELATED TO CRASH),"250,000 POP AND OVER",NO,0636,0.577,US & STATE HIGHWAYS,"STRAIGHT, LEVEL",MINOR ARTERIAL,ON ROADWAY,"4 OR MORE LANES, UNDIVIDED",False,60,SH0361,DRY,OFFICER,CLEAR
17270093,10439,False,10439,2023,CORPUS CHRISTI,FAILED TO DRIVE IN SINGLE LANE,226303,20.345,2019-08-29,0,8,0,0,N - NOT INJURED,0,0810,0,2019,THURSDAY,28.064,0,FIXED OBJECT,TWO-WAY,08:00 - 08:59,,N/A,NON INTERSECTION,27.70145945,DAYLIGHT,YES,-97.15730011,ONE MOTOR VEHICLE - GOING STRAIGHT,NO MEDIAN,NOT APPLICABLE,5,HIT UTILITY POLE,True,NOT APPLICABLE,"250,000 POP AND OVER",NO,0632,0.381,US & STATE HIGHWAYS,"STRAIGHT, LEVEL",MINOR ARTERIAL,OFF ROADWAY,"4 OR MORE LANES, UNDIVIDED",False,55,SH0361,DRY,MARKED LANES,CLEAR
17272016,12050,False,12050,2023,CORPUS CHRISTI,DRIVER INATTENTION;UNSAFE SPEED,226303,17.315,2019-09-02,0,9,0,2,C - POSSIBLE INJURY,0,1237,2,2019,MONDAY,25.034,0,MOTOR VEHICLE IN TRANSPORT,TWO-WAY,12:00 - 12:59,,N/A,NON INTERSECTION,27.73922117,DAYLIGHT,YES,-97.13188495,SAME DIRECTION - ONE STRAIGHT-ONE STOPPED,NO MEDIAN,NOT APPLICABLE,5,NOT APPLICABLE,True,SLOWING/STOPPING-FOR TRAFFIC,"250,000 POP AND OVER",NO,0630,-0.698,US & STATE HIGHWAYS,"STRAIGHT, LEVEL",MINOR ARTERIAL,ON ROADWAY,"4 OR MORE LANES, UNDIVIDED",False,65,SH0361,DRY,MARKED LANES,CLEAR
17317964,10439,False,10439,2023,CORPUS CHRISTI,FAILED TO DRIVE IN SINGLE LANE; HAD BEEN DRINKING,226303,26.998,2019-09-29,0,9,0,0,N - NOT INJURED,0,0402,0,2019,SUNDAY,34.717,0,FIXED OBJECT,TWO-WAY,04:00 - 04:59,,N/A,NON INTERSECTION,27.61920691,"DARK, NOT LIGHTED",YES,-97.21390573,ONE MOTOR VEHICLE - GOING STRAIGHT,NO MEDIAN,NOT APPLICABLE,5,HIT GUARDRAIL,True,NOT APPLICABLE,"250,000 POP AND OVER",NO,0638,1.035,US & STATE HIGHWAYS,"CURVE, GRADE",MINOR ARTERIAL,OFF ROADWAY,"4 OR MORE LANES, UNDIVIDED",False,60,SH0361,DRY,MARKED LANES,CLEAR
17332129,12050,False,12050,2023,OUTSIDE CITY LIMITS,FAILED TO CONTROL SPEED; FOLLOWED TOO CLOSELY,226303,13.195,2019-10-08,0,10,0,0,N - NOT INJURED,0,0849,0,2019,TUESDAY,20.914,0,MOTOR VEHICLE IN TRANSPORT,TWO-WAY,08:00 - 08:59,,N/A,NON INTERSECTION,27.7899282,DAYLIGHT,YES,-97.09628165,SAME DIRECTION - ONE STRAIGHT-ONE STOPPED,NO MEDIAN,NOT APPLICABLE,5,NOT APPLICABLE,True,SLOWING/STOPPING-FOR TRAFFIC,RURAL,NO,0626,-0.798,US & STATE HIGHWAYS,"STRAIGHT, LEVEL",MINOR ARTERIAL,ON ROADWAY,"4 OR MORE LANES, UNDIVIDED",True,60,SH0361,DRY,CENTER STRIPE/DIVIDER,CLOUDY
17352465,14248,False,14248,2023,PORT ARANSAS,FAILED TO YIELD RIGHT OF WAY - TURNING LEFT,226303,10.05,2019-10-19,0,10,0,2,C - POSSIBLE INJURY,0,1127,2,2019,SATURDAY,17.769,0,MOTOR VEHICLE IN TRANSPORT,TWO-WAY,11:00 - 11:59,,N/A,NON INTERSECTION,27.82761092,DAYLIGHT,YES,-97.06751173,OPPOSITE DIRECTION - ONE STRAIGHT-ONE LEFT TURN,NO MEDIAN,NOT APPLICABLE,2,NOT APPLICABLE,True,NOT APPLICABLE,"2,500 - 4,999 POP",NO,0622,0.041,US & STATE HIGHWAYS,"STRAIGHT, LEVEL",MINOR ARTERIAL,ON ROADWAY,"2 LANE, 2 WAY",True,35,SH0361,DRY,NONE,CLEAR
17358303,6181,False,6181,2023,ARANSAS PASS,FAILED TO CONTROL SPEED,226302,4.212,2019-10-21,0,10,0,0,N - NOT INJURED,0,1006,0,2019,MONDAY,14.649,0,MOTOR VEHICLE IN TRANSPORT,TWO-WAY,10:00 - 10:59,,N/A,NON INTERSECTION,27.86587149,DAYLIGHT,YES,-97.08445908,SAME DIRECTION - ONE STRAIGHT-ONE STOPPED,NO MEDIAN,OTHER (EXPLAIN IN NARRATIVE),2,NOT APPLICABLE,True,SLOWING/STOPPING-REASON NOT SPECIFIED,"5,000 - 9,999 POP",NO,0618,0.27,US & STATE HIGHWAYS,"STRAIGHT, LEVEL",MINOR ARTERIAL,ON ROADWAY,"2 LANE, 2 WAY",False,30,SH0361,DRY,FLAGMAN,CLOUDY
17373225,12050,False,12050,2023,CORPUS CHRISTI,FAILED TO CONTROL SPEED,226303,18.056,2019-10-21,0,10,0,0,N - NOT INJURED,0,1714,0,2019,MONDAY,25.775,0,MOTOR VEHICLE IN TRANSPORT,TWO-WAY,17:00 - 17:59,,BEACH VIEW DR,INTERSECTION RELATED,27.72998113,DAYLIGHT,YES,-97.13811826,SAME DIRECTION - ONE STRAIGHT-ONE STOPPED,NO MEDIAN,NOT APPLICABLE,5,NOT APPLICABLE,True,SLOWING/STOPPING-TO MAKE LEFT TURN,"250,000 POP AND OVER",NO,0630,0.043,US & STATE HIGHWAYS,"STRAIGHT, GRADE",MINOR ARTERIAL,ON ROADWAY,"4 OR MORE LANES, UNDIVIDED",False,60,SH0361,DRY,CENTER STRIPE/DIVIDER,CLEAR
17367127,15893,False,15893,2023,PORT ARANSAS,FAILED TO CONTROL SPEED,226303,11.413,2019-10-22,0,10,0,0,N - NOT INJURED,0,1547,0,2019,TUESDAY,19.132,0,MOTOR VEHICLE IN TRANSPORT,BOULEVARD,15:00 - 15:59,,N/A,NON INTERSECTION,27.8105789,DAYLIGHT,YES,-97.07874544,SAME DIRECTION - ONE STRAIGHT-ONE STOPPED,CURBED,NOT APPLICABLE,4,NOT APPLICABLE,True,SCHOOL BUS RELATED CRASH,"2,500 - 4,999 POP",NO,0624,-0.618,US & STATE HIGHWAYS,"STRAIGHT, LEVEL",MINOR ARTERIAL,ON ROADWAY,"4 OR MORE LANES, DIVIDED",True,45,SH0361,DRY,CENTER STRIPE/DIVIDER,CLEAR
17383589,6181,False,6181,2023,ARANSAS PASS,DRIVER INATTENTION;WRONG SIDE - APPROACH OR INTERSECTION,226302,5.108,2019-10-23,0,10,0,0,N - NOT INJURED,0,1551,0,2019,WEDNESDAY,15.545,0,MOTOR VEHICLE IN TRANSPORT,TWO-WAY,15:00 - 15:59,,N/A,NON INTERSECTION,27.85379882,DAYLIGHT,YES,-97.07918547,OPPOSITE DIRECTION - BOTH GOING STRAIGHT,NO MEDIAN,NOT APPLICABLE,2,NOT APPLICABLE,True,ATTENTION DIVERTED FROM DRIVING,"5,000 - 9,999 POP",NO,0620,-0.722,US & STATE HIGHWAYS,"STRAIGHT, LEVEL",MINOR ARTERIAL,ON ROADWAY,"2 LANE, 2 WAY",False,15,SH0361,DRY,FLAGMAN,CLEAR
17372269,15893,False,15893,2023,PORT ARANSAS,DISREGARD TURN MARKS AT INTERSECTION;OTHER (EXPLAIN IN NARRATIVE),226303,10.248,2019-10-28,0,10,0,0,N - NOT INJURED,0,0957,0,2019,MONDAY,17.967,0,FIXED OBJECT,TWO-WAY,09:00 - 09:59,,CUT OFF RD,INTERSECTION RELATED,27.82534254,DAYLIGHT,YES,-97.06950484,ONE MOTOR VEHICLE - TURNING RIGHT,NO MEDIAN,NOT APPLICABLE,2,HIT OTHER FIXED OBJECT,True,NOT APPLICABLE,"2,500 - 4,999 POP",NO,0622,0.239,CITY STREET,"STRAIGHT, LEVEL",MINOR ARTERIAL,OFF ROADWAY,"2 LANE, 2 WAY",True,15,SH0361,DRY,MARKED LANES,CLEAR
17420961,15893,True,15893,2023,PORT ARANSAS,FAILED TO YIELD RIGHT OF WAY - TURNING LEFT,226303,11.782,2019-11-23,0,11,0,0,N - NOT INJURED,0,2048,0,2019,SATURDAY,19.501,0,MOTOR VEHICLE IN TRANSPORT,BOULEVARD,20:00 - 20:59,,UNKNOWN,INTERSECTION,27.80637694,"DARK, LIGHTED",YES,-97.0824755,OPPOSITE DIRECTION - ONE STRAIGHT-ONE LEFT TURN,CURBED,FOUR ENTERING ROADS,4,NOT APPLICABLE,True,NOT APPLICABLE,"2,500 - 4,999 POP",NO,0624,-0.249,US & STATE HIGHWAYS,"STRAIGHT, LEVEL",MINOR ARTERIAL,ON ROADWAY,"4 OR MORE LANES, DIVIDED",True,45,SH0361,DRY,SIGNAL LIGHT,CLEAR
17440705,12050,False,12050,2023,CORPUS CHRISTI,FAILED TO CONTROL SPEED,226303,17.574,2019-11-24,0,11,0,0,N - NOT INJURED,0,0029,0,2019,SUNDAY,25.293,0,MOTOR VEHICLE IN TRANSPORT,TWO-WAY,00:00 - 00:59,,N/A,NON INTERSECTION,27.73598943,"DARK, NOT LIGHTED",YES,-97.13406508,SAME DIRECTION - ONE STRAIGHT-ONE LEFT TURN,NO MEDIAN,NOT APPLICABLE,5,NOT APPLICABLE,True,NOT APPLICABLE,"250,000 POP AND OVER",NO,0630,-0.439,US & STATE HIGHWAYS,"STRAIGHT, LEVEL",MINOR ARTERIAL,ON ROADWAY,"4 OR MORE LANES, UNDIVIDED",False,60,SH0361,DRY,CENTER STRIPE/DIVIDER,CLEAR
17456486,10439,False,10439,2023,CORPUS CHRISTI,ANIMAL ON ROAD - WILD,226303,23.946,2019-12-04,0,12,0,0,N - NOT INJURED,0,1823,0,2019,WEDNESDAY,31.665,0,ANIMAL,TWO-WAY,18:00 - 18:59,,N/A,NON INTERSECTION,27.65660037,"DARK, NOT LIGHTED",YES,-97.18747911,ONE MOTOR VEHICLE - GOING STRAIGHT,NO MEDIAN,NOT APPLICABLE,5,NOT APPLICABLE,True,NOT APPLICABLE,"250,000 POP AND OVER",NO,0636,-0.018,US & STATE HIGHWAYS,"STRAIGHT, LEVEL",MINOR ARTERIAL,ON ROADWAY,"4 OR MORE LANES, UNDIVIDED",False,60,SH0361,DRY,MARKED LANES,CLEAR
17462329,6181,False,6181,2023,PORT ARANSAS,FAILED TO YIELD RIGHT OF WAY - OPEN INTERSECTION,226302,5.743,2019-12-11,0,12,0,0,N - NOT INJURED,0,1315,0,2019,WEDNESDAY,16.18,0,MOTOR VEHICLE IN TRANSPORT,TWO-WAY,13:00 - 13:59,,N/A,NON INTERSECTION,27.84650906,DAYLIGHT,YES,-97.07292948,SAME DIRECTION - ONE STRAIGHT-ONE LEFT TURN,NO MEDIAN,OTHER (EXPLAIN IN NARRATIVE),2,NOT APPLICABLE,True,NOT APPLICABLE,"2,500 - 4,999 POP",NO,0620,-0.087,US & STATE HIGHWAYS,"STRAIGHT, LEVEL",MINOR ARTERIAL,ON ROADWAY,"2 LANE, 2 WAY",True,40,SH0361,DRY,CENTER STRIPE/DIVIDER,CLOUDY
17489634,10439,False,10439,2023,CORPUS CHRISTI,FAILED TO CONTROL SPEED,226303,27.48,2019-12-29,0,12,0,0,N - NOT INJURED,0,1535,0,2019,SUNDAY,35.199,0,MOTOR VEHICLE IN TRANSPORT,TWO-WAY,15:00 - 15:59,,N/A,DRIVEWAY ACCESS,27.61788532,DAYLIGHT,YES,-97.22147368,SAME DIRECTION - ONE STRAIGHT-ONE STOPPED,NO MEDIAN,NOT APPLICABLE,5,NOT APPLICABLE,True,SLOWING/STOPPING-FOR VEHICLE ENTERING ROAD,"250,000 POP AND OVER",NO,0638,1.517,US & STATE HIGHWAYS,"STRAIGHT, LEVEL",MINOR ARTERIAL,ON ROADWAY,"4 OR MORE LANES, UNDIVIDED",False,60,SH0361,DRY,CENTER STRIPE/DIVIDER,CLOUDY
17520826,6181,False,6181,2023,ARANSAS PASS,DISTRACTION IN VEHICLE; DRIVER INATTENTION; TURNED WHEN UNSAFE,226302,0.711,2020-01-08,0,1,0,0,N - NOT INJURED,0,1800,0,2020,WEDNESDAY,11.148,0,MOTOR VEHICLE IN TRANSPORT,TWO-WAY,18:00 - 18:59,,N/A,NON INTERSECTION,27.89468256,"DARK, NOT LIGHTED",YES,-97.12964407,SAME DIRECTION - ONE STRAIGHT-ONE LEFT TURN,NO MEDIAN,OTHER (EXPLAIN IN NARRATIVE),2,NOT APPLICABLE,True,ATTENTION DIVERTED FROM DRIVING,"5,000 - 9,999 POP",NO,0614,0.723,US & STATE HIGHWAYS,"STRAIGHT, LEVEL",MINOR ARTERIAL,ON ROADWAY,"2 LANE, 2 WAY",False,55,SH0361,DRY,MARKED LANES,CLEAR
17531664,6181,False,6181,2023,ARANSAS PASS,IMPROPER START FROM PARKED POSITION,226302,0.719,2020-01-13,0,1,2,0,B - SUSPECTED MINOR INJURY,0,1337,2,2020,MONDAY,11.156,0,MOTOR VEHICLE IN TRANSPORT,TWO-WAY,13:00 - 13:59,,N/A,NON INTERSECTION,27.89465548,DAYLIGHT,YES,-97.12952805,SAME DIRECTION - ONE STRAIGHT-ONE STOPPED,NO MEDIAN,THREE ENTERING ROADS - T,2,NOT APPLICABLE,True,SLOWING/STOPPING-REASON NOT SPECIFIED,"5,000 - 9,999 POP",NO,0614,0.731,US & STATE HIGHWAYS,"STRAIGHT, LEVEL",MINOR ARTERIAL,ON ROADWAY,"2 LANE, 2 WAY",False,45,SH0361,WET,SIGNAL LIGHT,CLOUDY
17570305,9764,True,9764,2023,PORT ARANSAS,UNDER INFLUENCE - ALCOHOL,226302,7.266,2020-02-08,0,2,0,0,N - NOT INJURED,0,1959,0,2020,SATURDAY,17.718,0,MOTOR VEHICLE IN TRANSPORT,TWO-WAY,19:00 - 19:59,,S ALISTER ST,INTERSECTION RELATED,27.82817809,"DARK, LIGHTED",YES,-97.06701784,ANGLE - ONE STRAIGHT-ONE RIGHT TURN,NO MEDIAN,THREE ENTERING ROADS - T,2,NOT APPLICABLE,True,NOT APPLICABLE,"2,500 - 4,999 POP",NO,0622,-0.01,CITY STREET,"STRAIGHT, LEVEL",MINOR ARTERIAL,ON ROADWAY,"2 LANE, 2 WAY",True,5,SH0361,DRY,STOP SIGN,CLEAR
17593228,12050,False,12050,2023,CORPUS CHRISTI,CHANGED LANE WHEN UNSAFE; DRIVER INATTENTION,226303,15.47,2020-02-18,0,2,0,0,N - NOT INJURED,0,1431,0,2020,TUESDAY,23.189,0,MOTOR VEHICLE IN TRANSPORT,TWO-WAY,14:00 - 14:59,,N/A,NON INTERSECTION,27.76220031,DAYLIGHT,YES,-97.11640776,SAME DIRECTION - ONE STRAIGHT-ONE LEFT TURN,NO MEDIAN,NOT APPLICABLE,5,NOT APPLICABLE,True,ATTENTION DIVERTED FROM DRIVING,"250,000 POP AND OVER",NO,0628,-0.512,US & STATE HIGHWAYS,"STRAIGHT, LEVEL",MINOR ARTERIAL,ON ROADWAY,"4 OR MORE LANES, UNDIVIDED",False,60,SH0361,DRY,MARKED LANES,CLEAR
17592967,10439,False,10439,2023,CORPUS CHRISTI,FAILED TO CONTROL SPEED,226303,26.817,2020-02-20,0,2,0,1,C - POSSIBLE INJURY,0,1805,1,2020,THURSDAY,34.536,0,OVERTURNED,TWO-WAY,18:00 - 18:59,,N/A,NON INTERSECTION,27.62092836,DUSK,YES,-97.21170145,ONE MOTOR VEHICLE - GOING STRAIGHT,NO MEDIAN,NOT APPLICABLE,5,OVERTURNED,True,"LOST CONTROL OR SKIDDED (ICY OR SLICK ROAD, ETC.)","250,000 POP AND OVER",NO,0638,0.854,US & STATE HIGHWAYS,"CURVE, GRADE",MINOR ARTERIAL,OFF ROADWAY,"4 OR MORE LANES, UNDIVIDED",False,50,SH0361,WET,MARKED LANES,RAIN
17582870,14248,False,14248,2023,PORT ARANSAS,FAILED TO CONTROL SPEED; FAULTY EVASIVE ACTION; HAD BEEN DRINKING,226303,10.059,2020-02-21,0,2,0,0,N - NOT INJURED,0,2336,0,2020,FRIDAY,17.778,0,OVERTURNED,TWO-WAY,23:00 - 23:59,,N/A,NON INTERSECTION,27.82750222,"DARK, LIGHTED",YES,-97.06760906,ONE MOTOR VEHICLE - GOING STRAIGHT,NO MEDIAN,NOT APPLICABLE,2,OVERTURNED,True,NOT APPLICABLE,"2,500 - 4,999 POP",NO,0622,0.05,US & STATE HIGHWAYS,"STRAIGHT, LEVEL",MINOR ARTERIAL,OFF ROADWAY,"2 LANE, 2 WAY",True,35,SH0361,DRY,NONE,CLEAR
17587657,5888,False,5888,2023,PORT ARANSAS,NONE,226302,6.547,2020-02-24,0,2,0,0,N - NOT INJURED,0,1445,0,2020,MONDAY,16.999,0,FIXED OBJECT,TWO-WAY,14:00 - 14:59,,N/A,NON INTERSECTION,27.83639124,DAYLIGHT,YES,-97.06941671,ONE MOTOR VEHICLE - GOING STRAIGHT,NO MEDIAN,OTHER (EXPLAIN IN NARRATIVE),2,HIT GUARDRAIL,True,NOT APPLICABLE,"2,500 - 4,999 POP",NO,0622,-0.729,CITY STREET,"STRAIGHT, LEVEL",MINOR ARTERIAL,OFF ROADWAY,"2 LANE, 2 WAY",True,5,SH0361,DRY,FLAGMAN,CLOUDY
17611166,9764,True,9764,2023,PORT ARANSAS,NONE,226302,7.078,2020-02-25,0,2,0,0,N - NOT INJURED,0,2035,0,2020,TUESDAY,17.53,0,MOTOR VEHICLE IN TRANSPORT,TWO-WAY,20:00 - 20:59,,UNKNOWN,INTERSECTION,27.82990054,"DARK, LIGHTED",YES,-97.06941135,ANGLE - BOTH GOING STRAIGHT,NO MEDIAN,NOT APPLICABLE,2,NOT APPLICABLE,True,NOT APPLICABLE,"2,500 - 4,999 POP",NO,0622,-0.198,CITY STREET,"STRAIGHT, LEVEL",MINOR ARTERIAL,ON ROADWAY,"2 LANE, 2 WAY",True,30,SH0361,DRY,MARKED LANES,CLEAR
17616130,10439,False,10439,2023,CORPUS CHRISTI,CHANGED LANE WHEN UNSAFE,226303,26.972,2020-03-11,0,3,0,0,N - NOT INJURED,0,1929,0,2020,WEDNESDAY,34.691,0,MOTOR VEHICLE IN TRANSPORT,TWO-WAY,19:00 - 19:59,,N/A,NON INTERSECTION,27.6194177,DAYLIGHT,YES,-97.21353935,SAME DIRECTION - BOTH GOING STRAIGHT-SIDESWIPE,NO MEDIAN,NOT APPLICABLE,5,NOT APPLICABLE,True,VEHICLE CHANGING LANES,"250,000 POP AND OVER",NO,0638,1.009,US & STATE HIGHWAYS,"STRAIGHT, LEVEL",MINOR ARTERIAL,ON ROADWAY,"4 OR MORE LANES, UNDIVIDED",False,55,SH0361,DRY,MARKED LANES,CLOUDY
17624049,10439,True,10439,2023,CORPUS CHRISTI,DISTRACTION IN VEHICLE; FAILED TO CONTROL SPEED,226303,26.723,2020-03-11,0,3,0,0,N - NOT INJURED,0,1912,0,2020,WEDNESDAY,34.442,0,MOTOR VEHICLE IN TRANSPORT,TWO-WAY,19:00 - 19:59,,ZAHN RD,INTERSECTION,27.62201986,DAYLIGHT,YES,-97.21077788,SAME DIRECTION - BOTH GOING STRAIGHT-REAR END,NO MEDIAN,THREE ENTERING ROADS - T,5,NOT APPLICABLE,True,ATTENTION DIVERTED FROM DRIVING,"250,000 POP AND OVER",NO,0638,0.76,US & STATE HIGHWAYS,"STRAIGHT, LEVEL",MINOR ARTERIAL,ON ROADWAY,"4 OR MORE LANES, UNDIVIDED",False,55,SH0361,DRY,MARKED LANES,CLEAR
17629778,15893,False,15893,2023,PORT ARANSAS,FAILED TO CONTROL SPEED;OTHER (EXPLAIN IN NARRATIVE);CELL/MOBILE DEVICE USE - TALKING,226303,11.413,2020-03-14,0,3,0,1,C - POSSIBLE INJURY,0,1204,1,2020,SATURDAY,19.132,0,MOTOR VEHICLE IN TRANSPORT,BOULEVARD,12:00 - 12:59,,N/A,NON INTERSECTION,27.8105789,DAYLIGHT,YES,-97.07874544,SAME DIRECTION - BOTH GOING STRAIGHT-REAR END,CURBED,THREE ENTERING ROADS - T,4,NOT APPLICABLE,True,SLOWING/STOPPING-REASON NOT SPECIFIED,"2,500 - 4,999 POP",NO,0624,-0.618,US & STATE HIGHWAYS,"STRAIGHT, LEVEL",MINOR ARTERIAL,ON ROADWAY,"4 OR MORE LANES, DIVIDED",True,45,SH0361,DRY,STOP SIGN,CLOUDY
17633115,,False,,,PORT ARANSAS,HAD BEEN DRINKING,,,2020-03-16,0,3,0,2,C - POSSIBLE INJURY,0,1504,2,2020,MONDAY,,0,OVERTURNED,,15:00 - 15:59,,N/A,NON INTERSECTION,,DAYLIGHT,?0,,ONE MOTOR VEHICLE - GOING STRAIGHT,,FOUR ENTERING ROADS,,OVERTURNED,True,NOT APPLICABLE,"2,500 - 4,999 POP",YES,,,NON TRAFFICWAY,"STRAIGHT, LEVEL",,NOT APPLICABLE,,True,5,SH0361,DRY,SIGNAL LIGHT,CLOUDY
17643501,6181,True,6181,2023,ARANSAS PASS,DRIVER INATTENTION,226302,4.671,2020-03-20,0,3,0,0,N - NOT INJURED,0,1413,0,2020,FRIDAY,15.108,0,MOTOR VEHICLE IN TRANSPORT,TWO-WAY,14:00 - 14:59,8000,SH8000,INTERSECTION RELATED,27.85988173,DAYLIGHT,YES,-97.08118025,SAME DIRECTION - ONE STRAIGHT-ONE STOPPED,NO MEDIAN,THREE ENTERING ROADS - T,2,NOT APPLICABLE,True,SLOWING/STOPPING-TO MAKE LEFT TURN,"5,000 - 9,999 POP",NO,0618,0.729,US & STATE HIGHWAYS,"CURVE, GRADE",MINOR ARTERIAL,ON ROADWAY,"2 LANE, 2 WAY",False,55,SH0361,DRY,STOP SIGN,CLOUDY
17662789,15893,True,15893,2023,PORT ARANSAS,FAILED TO YIELD RIGHT OF WAY - TURNING LEFT,226303,11.782,2020-04-14,0,4,0,1,C - POSSIBLE INJURY,0,0821,1,2020,TUESDAY,19.501,0,MOTOR VEHICLE IN TRANSPORT,BOULEVARD,08:00 - 08:59,,UNKNOWN,INTERSECTION,27.80637192,DAYLIGHT,YES,-97.08247997,OPPOSITE DIRECTION - ONE STRAIGHT-ONE LEFT TURN,CURBED,FOUR ENTERING ROADS,4,NOT APPLICABLE,True,NOT APPLICABLE,"2,500 - 4,999 POP",NO,0624,-0.249,US & STATE HIGHWAYS,"STRAIGHT, LEVEL",MINOR ARTERIAL,ON ROADWAY,"4 OR MORE LANES, DIVIDED",True,45,SH0361,DRY,SIGNAL LIGHT,CLOUDY
17675721,6181,False,6181,2023,ARANSAS PASS,DRIVER INATTENTION; FAILED TO CONTROL SPEED,226302,4.362,2020-05-02,0,5,2,7,B - SUSPECTED MINOR INJURY,0,1520,9,2020,SATURDAY,14.799,0,MOTOR VEHICLE IN TRANSPORT,TWO-WAY,15:00 - 15:59,,N/A,NON INTERSECTION,27.86392903,DAYLIGHT,YES,-97.08333848,SAME DIRECTION - BOTH GOING STRAIGHT-REAR END,NO MEDIAN,NOT APPLICABLE,2,NOT APPLICABLE,True,ATTENTION DIVERTED FROM DRIVING,"5,000 - 9,999 POP",NO,0618,0.42,US & STATE HIGHWAYS,"STRAIGHT, LEVEL",MINOR ARTERIAL,ON ROADWAY,"2 LANE, 2 WAY",False,55,SH0361,DRY,MARKED LANES,CLEAR
17679175,15893,True,15893,2023,PORT ARANSAS,DRIVER INATTENTION;FAILED TO YIELD RIGHT OF WAY - STOP SIGN,226303,10.885,2020-05-04,0,5,0,1,A - SUSPECTED SERIOUS INJURY,2,1206,3,2020,MONDAY,18.604,0,MOTOR VEHICLE IN TRANSPORT,TWO-WAY,12:00 - 12:59,,UNKNOWN,INTERSECTION,27.81728231,DAYLIGHT,YES,-97.0745984,ANGLE - BOTH GOING STRAIGHT,NO MEDIAN,FOUR ENTERING ROADS,2,NOT APPLICABLE,True,NOT APPLICABLE,"2,500 - 4,999 POP",NO,0622,0.876,US & STATE HIGHWAYS,"STRAIGHT, LEVEL",MINOR ARTERIAL,ON ROADWAY,"2 LANE, 2 WAY",True,45,SH0361,DRY,STOP SIGN,CLEAR
17688580,14248,False,14248,2023,PORT ARANSAS,FAILED TO YIELD RIGHT OF WAY - PRIVATE DRIVE,226303,10.005,2020-05-05,0,5,0,0,N - NOT INJURED,0,1609,0,2020,TUESDAY,17.724,0,MOTOR VEHICLE IN TRANSPORT,TWO-WAY,16:00 - 16:59,,N/A,DRIVEWAY ACCESS,27.82811322,DAYLIGHT,YES,-97.06706196,ANGLE - ONE STRAIGHT-ONE LEFT TURN,NO MEDIAN,THREE ENTERING ROADS - T,2,NOT APPLICABLE,True,ONE VEHICLE LEAVING DRIVEWAY,"2,500 - 4,999 POP",NO,0622,-0.004,US & STATE HIGHWAYS,"STRAIGHT, LEVEL",MINOR ARTERIAL,ON ROADWAY,"2 LANE, 2 WAY",True,35,SH0361,DRY,SIGNAL LIGHT,CLEAR
17683169,10439,False,10439,2023,CORPUS CHRISTI,IMPROPER START FROM PARKED POSITION,226303,25.795,2020-05-07,0,5,0,0,N - NOT INJURED,0,2017,0,2020,THURSDAY,33.514,0,MOTOR VEHICLE IN TRANSPORT,TWO-WAY,20:00 - 20:59,,N/A,NON INTERSECTION,27.63355046,"DARK, NOT LIGHTED",YES,-97.20297003,SAME DIRECTION - ONE STRAIGHT-ONE LEFT TURN,NO MEDIAN,NOT APPLICABLE,5,NOT APPLICABLE,True,NOT APPLICABLE,"250,000 POP AND OVER",NO,0638,-0.168,US & STATE HIGHWAYS,"STRAIGHT, LEVEL",MINOR ARTERIAL,ON ROADWAY,"4 OR MORE LANES, UNDIVIDED",False,60,SH0361,DRY,CENTER STRIPE/DIVIDER,CLEAR
17710662,12050,False,12050,2023,CORPUS CHRISTI,DRIVER INATTENTION,226303,17.815,2020-05-16,0,5,0,0,N - NOT INJURED,0,1657,0,2020,SATURDAY,25.534,0,MOTOR VEHICLE IN TRANSPORT,TWO-WAY,16:00 - 16:59,,N/A,NON INTERSECTION,27.73299378,DAYLIGHT,YES,-97.13608594,SAME DIRECTION - BOTH GOING STRAIGHT-SIDESWIPE,NO MEDIAN,NOT APPLICABLE,5,NOT APPLICABLE,True,VEHICLE PASSING OR ATTEMPTING TO PASS ON LEFT,"250,000 POP AND OVER",NO,0630,-0.198,US & STATE HIGHWAYS,"STRAIGHT, LEVEL",MINOR ARTERIAL,ON ROADWAY,"4 OR MORE LANES, UNDIVIDED",False,15,SH0361,"SAND, MUD, DIRT",NONE,CLEAR
17712118,9764,True,9764,2023,PORT ARANSAS,DISREGARD STOP AND GO SIGNAL,226302,7.266,2020-05-16,0,5,2,0,B - SUSPECTED MINOR INJURY,0,1729,2,2020,SATURDAY,17.718,0,MOTOR VEHICLE IN TRANSPORT,TWO-WAY,17:00 - 17:59,,W AVENUE G,INTERSECTION,27.82817809,DAYLIGHT,YES,-97.06701784,ANGLE - BOTH GOING STRAIGHT,NO MEDIAN,FOUR ENTERING ROADS,2,NOT APPLICABLE,True,NOT APPLICABLE,"2,500 - 4,999 POP",NO,0622,-0.01,US & STATE HIGHWAYS,"STRAIGHT, LEVEL",MINOR ARTERIAL,ON ROADWAY,"2 LANE, 2 WAY",True,35,SH0361,DRY,FLASHING RED LIGHT,CLEAR
17718819,10439,False,10439,2023,CORPUS CHRISTI,FAILED TO CONTROL SPEED,226303,26.69,2020-05-18,0,5,0,0,N - NOT INJURED,0,2050,0,2020,MONDAY,34.409,0,MOTOR VEHICLE IN TRANSPORT,TWO-WAY,20:00 - 20:59,,N/A,NON INTERSECTION,27.62242903,DAYLIGHT,YES,-97.21049223,SAME DIRECTION - BOTH GOING STRAIGHT-REAR END,NO MEDIAN,NOT APPLICABLE,5,NOT APPLICABLE,True,NOT APPLICABLE,"250,000 POP AND OVER",NO,0638,0.727,CITY STREET,"STRAIGHT, LEVEL",MINOR ARTERIAL,ON ROADWAY,"4 OR MORE LANES, UNDIVIDED",False,15,SH0361,"SAND, MUD, DIRT",NONE,CLEAR
17708235,10439,False,10439,2023,CORPUS CHRISTI,FAILED TO DRIVE IN SINGLE LANE,226303,20.876,2020-05-23,0,5,0,0,N - NOT INJURED,0,1054,0,2020,SATURDAY,28.595,0,PARKED CAR,TWO-WAY,10:00 - 10:59,,N/A,NON INTERSECTION,27.69485806,DAYLIGHT,YES,-97.16175101,ONE MOTOR VEHICLE - GOING STRAIGHT,NO MEDIAN,NOT APPLICABLE,5,NOT APPLICABLE,True,NOT APPLICABLE,"250,000 POP AND OVER",NO,0632,0.912,CITY STREET,"STRAIGHT, LEVEL",MINOR ARTERIAL,OFF ROADWAY,"4 OR MORE LANES, UNDIVIDED",False,15,SH0361,"SAND, MUD, DIRT",NONE,CLEAR
17713877,6181,True,6181,2023,ARANSAS PASS,DRIVER INATTENTION; TURNED WHEN UNSAFE,226302,3.364,2020-05-23,0,5,0,0,N - NOT INJURED,0,1807,0,2020,SATURDAY,13.801,0,MOTOR VEHICLE IN TRANSPORT,TWO-WAY,18:00 - 18:59,8000,SH8000,INTERSECTION,27.87476953,DAYLIGHT,YES,-97.09401582,SAME DIRECTION - ONE STRAIGHT-ONE LEFT TURN,NO MEDIAN,THREE ENTERING ROADS - T,2,NOT APPLICABLE,True,ATTENTION DIVERTED FROM DRIVING,"5,000 - 9,999 POP",NO,0618,-0.578,US & STATE HIGHWAYS,"CURVE, GRADE",MINOR ARTERIAL,ON ROADWAY,"2 LANE, 2 WAY",False,55,SH0361,DRY,STOP SIGN,CLEAR
17720030,6181,False,6181,2023,ARANSAS PASS,UNSAFE SPEED,226302,3.359,2020-05-23,0,5,0,0,N - NOT INJURED,0,2341,0,2020,SATURDAY,13.796,0,FIXED OBJECT,TWO-WAY,23:00 - 23:59,8000,SH8000,INTERSECTION RELATED,27.87482586,"DARK, NOT LIGHTED",YES,-97.09407784,ONE MOTOR VEHICLE - TURNING RIGHT,NO MEDIAN,NOT APPLICABLE,2,HIT HIGHWAY SIGN,True,NOT APPLICABLE,"5,000 - 9,999 POP",NO,0618,-0.583,US & STATE HIGHWAYS,"STRAIGHT, LEVEL",MINOR ARTERIAL,OFF ROADWAY,"2 LANE, 2 WAY",False,55,SH0361,DRY,NONE,CLEAR
17713873,6181,False,6181,2023,ARANSAS PASS,DRIVER INATTENTION,226302,3.159,2020-05-29,0,5,0,0,N - NOT INJURED,0,1600,0,2020,FRIDAY,13.596,0,MOTOR VEHICLE IN TRANSPORT,TWO-WAY,16:00 - 16:59,,N/A,NON INTERSECTION,27.8769003,DAYLIGHT,YES,-97.09635683,SAME DIRECTION - BOTH GOING STRAIGHT-REAR END,NO MEDIAN,NOT APPLICABLE,2,NOT APPLICABLE,True,SLOWING/STOPPING-TO MAKE LEFT TURN,"5,000 - 9,999 POP",NO,0618,-0.783,US & STATE HIGHWAYS,"STRAIGHT, LEVEL",MINOR ARTERIAL,ON ROADWAY,"2 LANE, 2 WAY",False,55,SH0361,DRY,MARKED LANES,CLEAR
17705433,10439,False,10439,2023,CORPUS CHRISTI,FAILED TO CONTROL SPEED,226303,20.262,2020-05-30,0,5,0,0,N - NOT INJURED,0,1333,0,2020,SATURDAY,27.981,0,MOTOR VEHICLE IN TRANSPORT,TWO-WAY,13:00 - 13:59,,N/A,NON INTERSECTION,27.70249884,DAYLIGHT,YES,-97.1565994,SAME DIRECTION - BOTH GOING STRAIGHT-REAR END,NO MEDIAN,NOT APPLICABLE,5,NOT APPLICABLE,True,ATTENTION DIVERTED FROM DRIVING,"250,000 POP AND OVER",NO,0632,0.298,CITY STREET,"STRAIGHT, LEVEL",MINOR ARTERIAL,ON ROADWAY,"4 OR MORE LANES, UNDIVIDED",False,15,SH0361,"SAND, MUD, DIRT",NONE,CLEAR
17706577,12050,False,12050,2023,CORPUS CHRISTI,FAILED TO CONTROL SPEED,226303,18.049,2020-05-30,0,5,0,0,N - NOT INJURED,0,1621,0,2020,SATURDAY,25.768,0,MOTOR VEHICLE IN TRANSPORT,TWO-WAY,16:00 - 16:59,,UNKNOWN,INTERSECTION RELATED,27.73007879,DAYLIGHT,YES,-97.13805238,SAME DIRECTION - ONE STRAIGHT-ONE STOPPED,NO MEDIAN,NOT APPLICABLE,5,NOT APPLICABLE,True,SLOWING/STOPPING-TO MAKE LEFT TURN,"250,000 POP AND OVER",NO,0630,0.036,US & STATE HIGHWAYS,"STRAIGHT, LEVEL",MINOR ARTERIAL,ON ROADWAY,"4 OR MORE LANES, UNDIVIDED",False,60,SH0361,DRY,MARKED LANES,CLEAR
17717105,10439,True,10439,2023,CORPUS CHRISTI,FAILED TO YIELD RIGHT OF WAY - STOP SIGN,226303,19.999,2020-05-30,0,5,0,5,C - POSSIBLE INJURY,0,1944,5,2020,SATURDAY,27.718,0,MOTOR VEHICLE IN TRANSPORT,TWO-WAY,19:00 - 19:59,,UNKNOWN,INTERSECTION,27.70579456,DAYLIGHT,YES,-97.15442083,ANGLE - ONE STRAIGHT-ONE LEFT TURN,NO MEDIAN,THREE ENTERING ROADS - T,5,NOT APPLICABLE,True,NOT APPLICABLE,"250,000 POP AND OVER",NO,0632,0.035,US & STATE HIGHWAYS,"STRAIGHT, LEVEL",MINOR ARTERIAL,ON ROADWAY,"4 OR MORE LANES, UNDIVIDED",False,60,SH0361,DRY,STOP SIGN,CLEAR
17712331,15893,True,15893,2023,PORT ARANSAS,FAILED TO YIELD RIGHT OF WAY - TURNING LEFT,226303,11.782,2020-06-03,0,6,0,0,N - NOT INJURED,0,1837,0,2020,WEDNESDAY,19.501,0,MOTOR VEHICLE IN TRANSPORT,BOULEVARD,18:00 - 18:59,,PIPER BLVD,INTERSECTION,27.80637738,DAYLIGHT,YES,-97.0824751,OPPOSITE DIRECTION - ONE STRAIGHT-ONE LEFT TURN,CURBED,FOUR ENTERING ROADS,4,HIT OTHER FIXED OBJECT,True,NOT APPLICABLE,"2,500 - 4,999 POP",NO,0624,-0.249,US & STATE HIGHWAYS,"STRAIGHT, LEVEL",MINOR ARTERIAL,ON ROADWAY,"4 OR MORE LANES, DIVIDED",True,55,SH0361,DRY,SIGNAL LIGHT,CLOUDY
17710795,10439,False,10439,2023,CORPUS CHRISTI,FOLLOWED TOO CLOSELY,226303,27.492,2020-06-05,0,6,0,0,N - NOT INJURED,0,1153,0,2020,FRIDAY,35.211,0,MOTOR VEHICLE IN TRANSPORT,TWO-WAY,11:00 - 11:59,0022,PR0022,INTERSECTION RELATED,27.61788823,DAYLIGHT,YES,-97.22167875,SAME DIRECTION - ONE STRAIGHT-ONE STOPPED,NO MEDIAN,FOUR ENTERING ROADS,5,NOT APPLICABLE,True,"SLOWING/STOPPING - FOR OFFICER, FLAGMAN, OR TRAFFIC CONTROL","250,000 POP AND OVER",NO,0638,1.529,US & STATE HIGHWAYS,"STRAIGHT, LEVEL",MINOR ARTERIAL,ON ROADWAY,"4 OR MORE LANES, UNDIVIDED",False,40,SH0361,DRY,SIGNAL LIGHT,CLEAR
17723080,6181,False,6181,2023,ARANSAS PASS,ILL (EXPLAIN IN NARRATIVE),226302,0.542,2020-06-09,0,6,1,0,B - SUSPECTED MINOR INJURY,0,1648,1,2020,TUESDAY,10.979,0,FIXED OBJECT,TWO-WAY,16:00 - 16:59,,N/A,NON INTERSECTION,27.89544367,DAYLIGHT,YES,-97.13228567,ONE MOTOR VEHICLE - GOING STRAIGHT,NO MEDIAN,NOT APPLICABLE,2,HIT SIDE OF BRIDGE (BRIDGE RAIL),True,ATTENTION DIVERTED FROM DRIVING,"5,000 - 9,999 POP",NO,0614,0.554,US & STATE HIGHWAYS,"CURVE, HILLCREST",MINOR ARTERIAL,OFF ROADWAY,"2 LANE, 2 WAY",False,45,SH0361,DRY,MARKED LANES,CLEAR
17730900,10439,False,10439,2023,CORPUS CHRISTI,BACKED WITHOUT SAFETY; UNDER INFLUENCE - ALCOHOL,226303,26.278,2020-06-13,0,6,1,0,B - SUSPECTED MINOR INJURY,0,2344,1,2020,SATURDAY,33.997,0,OTHER OBJECT,TWO-WAY,23:00 - 23:59,,N/A,NON INTERSECTION,27.62753846,"DARK, NOT LIGHTED",YES,-97.20701099,ONE MOTOR VEHICLE - BACKING,NO MEDIAN,NOT APPLICABLE,5,OTHER,True,CRASH OCCURRED ON A BEACH,"250,000 POP AND OVER",NO,0638,0.315,OTHER ROADS,"STRAIGHT, LEVEL",MINOR ARTERIAL,NOT APPLICABLE,"4 OR MORE LANES, UNDIVIDED",False,15,SH0361,"SAND, MUD, DIRT",NONE,CLEAR
17732778,10439,False,10439,2023,CORPUS CHRISTI,BACKED WITHOUT SAFETY,226303,24.523,2020-06-13,0,6,0,0,N - NOT INJURED,0,2303,0,2020,SATURDAY,32.242,0,PARKED CAR,TWO-WAY,23:00 - 23:59,,N/A,NON INTERSECTION,27.64940388,"DARK, NOT LIGHTED",YES,-97.19230438,ONE MOTOR VEHICLE - BACKING,NO MEDIAN,NOT APPLICABLE,5,NOT APPLICABLE,True,CRASH OCCURRED ON A BEACH,"250,000 POP AND OVER",NO,0636,0.559,OTHER ROADS,"STRAIGHT, LEVEL",MINOR ARTERIAL,ON ROADWAY,"4 OR MORE LANES, UNDIVIDED",False,15,SH0361,"SAND, MUD, DIRT",NONE,CLEAR
17730963,12050,False,12050,2023,CORPUS CHRISTI,FAILED TO PASS TO LEFT SAFELY,226303,19.347,2020-06-14,0,6,0,0,N - NOT INJURED,0,1221,0,2020,SUNDAY,27.066,0,MOTOR VEHICLE IN TRANSPORT,TWO-WAY,12:00 - 12:59,,N/A,NON INTERSECTION,27.71391069,DAYLIGHT,YES,-97.14894571,SAME DIRECTION - BOTH GOING STRAIGHT-SIDESWIPE,NO MEDIAN,NOT APPLICABLE,5,NOT APPLICABLE,True,VEHICLE PASSING OR ATTEMPTING TO PASS ON LEFT,"250,000 POP AND OVER",NO,0632,-0.617,US & STATE HIGHWAYS,"STRAIGHT, LEVEL",MINOR ARTERIAL,ON ROADWAY,"4 OR MORE LANES, UNDIVIDED",False,55,SH0361,DRY,CENTER STRIPE/DIVIDER,CLOUDY
17736436,9764,False,9764,2023,PORT ARANSAS,FAILED TO CONTROL SPEED;FAILED TO YIELD RIGHT OF WAY - TURNING LEFT;PASSED IN NO PASSING LANE,226302,6.993,2020-06-19,0,6,0,0,N - NOT INJURED,0,2049,0,2020,FRIDAY,17.445,0,MOTOR VEHICLE IN TRANSPORT,TWO-WAY,20:00 - 20:59,,N/A,DRIVEWAY ACCESS,27.83068173,"DARK, LIGHTED",YES,-97.07048034,ANGLE - BOTH GOING STRAIGHT,NO MEDIAN,THREE ENTERING ROADS - T,2,NOT APPLICABLE,True,ONE VEHICLE LEAVING DRIVEWAY,"2,500 - 4,999 POP",NO,0622,-0.283,CITY STREET,"STRAIGHT, LEVEL",MINOR ARTERIAL,ON ROADWAY,"2 LANE, 2 WAY",True,30,SH0361,DRY,STOP SIGN,CLOUDY
17736448,15893,False,15893,2023,PORT ARANSAS,FAILED TO YIELD RIGHT OF WAY - PRIVATE DRIVE,226303,11.809,2020-06-19,0,6,0,0,N - NOT INJURED,0,1534,0,2020,FRIDAY,19.528,0,MOTOR VEHICLE IN TRANSPORT,BOULEVARD,15:00 - 15:59,,N/A,DRIVEWAY ACCESS,27.80605878,DAYLIGHT,YES,-97.08274363,ANGLE - BOTH GOING STRAIGHT,CURBED,FOUR ENTERING ROADS,4,NOT APPLICABLE,True,ONE VEHICLE LEAVING DRIVEWAY,"2,500 - 4,999 POP",NO,0624,-0.222,US & STATE HIGHWAYS,"STRAIGHT, LEVEL",MINOR ARTERIAL,ON ROADWAY,"4 OR MORE LANES, DIVIDED",True,55,SH0361,DRY,SIGNAL LIGHT,CLOUDY
17736458,15893,True,15893,2023,PORT ARANSAS,BACKED WITHOUT SAFETY; DRIVER INATTENTION; IMPROPER START FROM PARKED POSITION,226303,11.782,2020-06-19,0,6,0,0,N - NOT INJURED,0,2345,0,2020,FRIDAY,19.501,0,MOTOR VEHICLE IN TRANSPORT,BOULEVARD,23:00 - 23:59,,ACCESS ROAD 1 A,INTERSECTION RELATED,27.80637738,"DARK, LIGHTED",YES,-97.0824751,OPPOSITE DIRECTION - ONE BACKING-ONE STOPPED,CURBED,FOUR ENTERING ROADS,4,NOT APPLICABLE,True,"SLOWING/STOPPING - FOR OFFICER, FLAGMAN, OR TRAFFIC CONTROL","2,500 - 4,999 POP",NO,0624,-0.249,US & STATE HIGHWAYS,"STRAIGHT, LEVEL",MINOR ARTERIAL,ON ROADWAY,"4 OR MORE LANES, DIVIDED",True,55,SH0361,DRY,SIGNAL LIGHT,CLEAR
17741961,10439,False,10439,2023,CORPUS CHRISTI,UNSAFE SPEED;TURNED WHEN UNSAFE,226303,26.647,2020-06-20,0,6,0,1,C - POSSIBLE INJURY,0,1555,1,2020,SATURDAY,34.366,0,MOTOR VEHICLE IN TRANSPORT,TWO-WAY,15:00 - 15:59,,N/A,NON INTERSECTION,27.62295214,DAYLIGHT,YES,-97.21012702,SAME DIRECTION - ONE STRAIGHT-ONE LEFT TURN,NO MEDIAN,NOT APPLICABLE,5,NOT APPLICABLE,True,NOT APPLICABLE,"250,000 POP AND OVER",NO,0638,0.684,US & STATE HIGHWAYS,"STRAIGHT, LEVEL",MINOR ARTERIAL,ON ROADWAY,"4 OR MORE LANES, UNDIVIDED",False,60,SH0361,DRY,MARKED LANES,CLEAR
17746704,6181,False,6181,2023,ARANSAS PASS,DISTRACTION IN VEHICLE; DRIVER INATTENTION,226302,2.481,2020-06-27,0,6,0,0,N - NOT INJURED,0,1237,0,2020,SATURDAY,12.918,0,MOTOR VEHICLE IN TRANSPORT,TWO-WAY,12:00 - 12:59,,N/A,NON INTERSECTION,27.88398012,DAYLIGHT,YES,-97.10406731,SAME DIRECTION - ONE STRAIGHT-ONE STOPPED,NO MEDIAN,NOT APPLICABLE,2,NOT APPLICABLE,True,SLOWING/STOPPING-FOR TRAFFIC,"5,000 - 9,999 POP",NO,0616,0.61,US & STATE HIGHWAYS,"STRAIGHT, LEVEL",MINOR ARTERIAL,ON ROADWAY,"2 LANE, 2 WAY",False,55,SH0361,DRY,MARKED LANES,CLEAR
17747699,5888,False,5888,2023,PORT ARANSAS,DRIVER INATTENTION;DROVE WITHOUT HEADLIGHTS;PEDESTRIAN FAILED TO YIELD RIGHT OF WAY TO VEHICLE,226302,6.605,2020-06-28,0,6,1,0,B - SUSPECTED MINOR INJURY,0,2231,1,2020,SUNDAY,17.057,0,PEDALCYCLIST,TWO-WAY,22:00 - 22:59,,W COTTER AVE,INTERSECTION RELATED,27.835736,"DARK, LIGHTED",YES,-97.07000074,ONE MOTOR VEHICLE - GOING STRAIGHT,NO MEDIAN,THREE ENTERING ROADS - T,2,NOT APPLICABLE,True,ATTENTION DIVERTED FROM DRIVING,"2,500 - 4,999 POP",NO,0622,-0.671,CITY STREET,"STRAIGHT, LEVEL",MINOR ARTERIAL,ON ROADWAY,"2 LANE, 2 WAY",True,30,SH0361,DRY,MARKED LANES,CLEAR
17760278,12050,False,12050,2023,CORPUS CHRISTI,FAILED TO CONTROL SPEED,226303,18.137,2020-07-03,0,7,0,2,C - POSSIBLE INJURY,0,2125,2,2020,FRIDAY,25.856,0,MOTOR VEHICLE IN TRANSPORT,TWO-WAY,21:00 - 21:59,,N/A,NON INTERSECTION,27.72897591,"DARK, UNKNOWN LIGHTING",YES,-97.13879638,SAME DIRECTION - BOTH GOING STRAIGHT-REAR END,NO MEDIAN,NOT APPLICABLE,5,NOT APPLICABLE,True,NOT APPLICABLE,"250,000 POP AND OVER",NO,0630,0.124,US & STATE HIGHWAYS,"STRAIGHT, LEVEL",MINOR ARTERIAL,ON ROADWAY,"4 OR MORE LANES, UNDIVIDED",False,60,SH0361,DRY,MARKED LANES,CLEAR
17779230,10439,False,10439,2023,CORPUS CHRISTI,CHANGED LANE WHEN UNSAFE,226303,27.46,2020-07-06,0,7,0,0,N - NOT INJURED,0,1512,0,2020,MONDAY,35.179,0,MOTOR VEHICLE IN TRANSPORT,TWO-WAY,15:00 - 15:59,,N/A,NON INTERSECTION,27.61788081,DAYLIGHT,YES,-97.22115549,SAME DIRECTION - BOTH GOING STRAIGHT-SIDESWIPE,NO MEDIAN,NOT APPLICABLE,5,NOT APPLICABLE,True,VEHICLE CHANGING LANES,"250,000 POP AND OVER",NO,0638,1.497,US & STATE HIGHWAYS,"STRAIGHT, LEVEL",MINOR ARTERIAL,ON ROADWAY,"4 OR MORE LANES, UNDIVIDED",False,45,SH0361,DRY,MARKED LANES,CLEAR
17771334,6181,False,6181,2023,ARANSAS PASS,ANIMAL ON ROAD - WILD;FAULTY EVASIVE ACTION,226302,4.953,2020-07-13,0,7,0,0,N - NOT INJURED,0,0134,0,2020,MONDAY,15.39,0,FIXED OBJECT,TWO-WAY,01:00 - 01:59,,N/A,NON INTERSECTION,27.85589536,"DARK, NOT LIGHTED",YES,-97.08015843,ONE MOTOR VEHICLE - GOING STRAIGHT,NO MEDIAN,NOT APPLICABLE,2,"HIT TREE, SHRUB, LANDSCAPING",True,SWERVED OR VEERED-AVOIDING ANIMAL IN ROAD,"5,000 - 9,999 POP",NO,0620,-0.877,US & STATE HIGHWAYS,"STRAIGHT, LEVEL",MINOR ARTERIAL,OFF ROADWAY,"2 LANE, 2 WAY",False,55,SH0361,DRY,NONE,CLEAR
17783189,12050,False,12050,2023,CORPUS CHRISTI,LOAD NOT SECURED,226303,18.218,2020-07-16,0,7,0,0,N - NOT INJURED,0,1330,0,2020,THURSDAY,25.937,0,MOTOR VEHICLE IN TRANSPORT,TWO-WAY,13:00 - 13:59,,N/A,NON INTERSECTION,27.72797277,DAYLIGHT,YES,-97.1394731,SAME DIRECTION - BOTH GOING STRAIGHT-REAR END,NO MEDIAN,NOT APPLICABLE,5,NOT APPLICABLE,True,NOT APPLICABLE,"250,000 POP AND OVER",NO,0630,0.205,US & STATE HIGHWAYS,"STRAIGHT, LEVEL",MINOR ARTERIAL,ON ROADWAY,"4 OR MORE LANES, UNDIVIDED",False,60,SH0361,DRY,MARKED LANES,CLEAR
17777783,10439,True,10439,2023,CORPUS CHRISTI,TURNED IMPROPERLY - WRONG LANE,226303,27.498,2020-07-17,0,7,0,0,N - NOT INJURED,0,1629,0,2020,FRIDAY,35.217,0,MOTOR VEHICLE IN TRANSPORT,TWO-WAY,16:00 - 16:59,0022,PR0022,INTERSECTION,27.6178894,DAYLIGHT,YES,-97.22177124,SAME DIRECTION - BOTH LEFT TURN,NO MEDIAN,FOUR ENTERING ROADS,5,NOT APPLICABLE,True,NOT APPLICABLE,"250,000 POP AND OVER",NO,0638,1.535,US & STATE HIGHWAYS,"STRAIGHT, LEVEL",MINOR ARTERIAL,ON ROADWAY,"4 OR MORE LANES, UNDIVIDED",False,55,SH0361,DRY,MARKED LANES,CLOUDY
17785071,14248,False,14248,2023,PORT ARANSAS,DRIVER INATTENTION; HAD BEEN DRINKING,226303,10.099,2020-07-19,0,7,1,0,B - SUSPECTED MINOR INJURY,0,2058,1,2020,SUNDAY,17.818,0,MOTOR VEHICLE IN TRANSPORT,TWO-WAY,20:00 - 20:59,,N/A,DRIVEWAY ACCESS,27.82704957,"DARK, LIGHTED",YES,-97.06801438,SAME DIRECTION - ONE STRAIGHT-ONE STOPPED,NO MEDIAN,NOT APPLICABLE,2,NOT APPLICABLE,True,SLOWING/STOPPING-TO MAKE RIGHT TURN,"2,500 - 4,999 POP",NO,0622,0.09,US & STATE HIGHWAYS,"STRAIGHT, LEVEL",MINOR ARTERIAL,ON ROADWAY,"2 LANE, 2 WAY",True,35,SH0361,DRY,CENTER STRIPE/DIVIDER,CLEAR
17790546,12050,True,12050,2023,CORPUS CHRISTI,FAILED TO CONTROL SPEED,226303,17.571,2020-07-21,0,7,0,0,N - NOT INJURED,0,1813,0,2020,TUESDAY,25.29,0,MOTOR VEHICLE IN TRANSPORT,TWO-WAY,18:00 - 18:59,,UNKNOWN,INTERSECTION RELATED,27.73603197,DAYLIGHT,YES,-97.13403638,SAME DIRECTION - ONE STRAIGHT-ONE STOPPED,NO MEDIAN,THREE ENTERING ROADS - T,5,NOT APPLICABLE,True,SLOWING/STOPPING-TO MAKE LEFT TURN,"250,000 POP AND OVER",NO,0630,-0.442,US & STATE HIGHWAYS,"STRAIGHT, GRADE",MINOR ARTERIAL,ON ROADWAY,"4 OR MORE LANES, UNDIVIDED",False,60,SH0361,DRY,CENTER STRIPE/DIVIDER,CLEAR
17801198,15893,False,15893,2023,PORT ARANSAS,FLEEING OR EVADING POLICE; HAD BEEN DRINKING,226303,11.687,2020-07-23,0,7,0,0,N - NOT INJURED,0,1747,0,2020,THURSDAY,19.406,0,FIXED OBJECT,BOULEVARD,17:00 - 17:59,,N/A,NON INTERSECTION,27.80745291,DAYLIGHT,YES,-97.08151584,ONE MOTOR VEHICLE - GOING STRAIGHT,CURBED,NOT APPLICABLE,4,HIT MEDIAN BARRIER (CONCRETE OR CABLE),True,NOT APPLICABLE,"2,500 - 4,999 POP",NO,0624,-0.344,US & STATE HIGHWAYS,"STRAIGHT, LEVEL",MINOR ARTERIAL,MEDIAN,"4 OR MORE LANES, DIVIDED",True,55,SH0361,DRY,NONE,CLEAR
17793228,10439,False,10439,2023,CORPUS CHRISTI,FAILED TO DRIVE IN SINGLE LANE,226303,24.541,2020-07-29,0,7,1,0,B - SUSPECTED MINOR INJURY,0,0300,1,2020,WEDNESDAY,32.26,0,PARKED CAR,TWO-WAY,03:00 - 03:59,,N/A,NON INTERSECTION,27.64917717,"DARK, NOT LIGHTED",YES,-97.19245626,ONE MOTOR VEHICLE - GOING STRAIGHT,NO MEDIAN,NOT APPLICABLE,5,OVERTURNED,True,NOT APPLICABLE,"250,000 POP AND OVER",NO,0636,0.577,US & STATE HIGHWAYS,"STRAIGHT, LEVEL",MINOR ARTERIAL,SHOULDER,"4 OR MORE LANES, UNDIVIDED",False,60,SH0361,DRY,CENTER STRIPE/DIVIDER,CLOUDY
17803236,9764,False,9764,2023,PORT ARANSAS,OTHER (EXPLAIN IN NARRATIVE),226302,7.266,2020-07-30,0,7,1,0,A - SUSPECTED SERIOUS INJURY,1,1413,2,2020,THURSDAY,17.718,0,FIXED OBJECT,TWO-WAY,14:00 - 14:59,,N/A,DRIVEWAY ACCESS,27.8281778,DAYLIGHT,YES,-97.06701744,ONE MOTOR VEHICLE - TURNING LEFT,NO MEDIAN,NOT APPLICABLE,2,HIT GUARDRAIL,True,ONE VEHICLE LEAVING DRIVEWAY,"2,500 - 4,999 POP",NO,0622,-0.01,US & STATE HIGHWAYS,"STRAIGHT, LEVEL",MINOR ARTERIAL,OFF ROADWAY,"2 LANE, 2 WAY",True,45,SH0361,DRY,NONE,CLEAR
17800298,14248,True,14248,2023,PORT ARANSAS,FAILED TO CONTROL SPEED,226302,7.267,2020-08-04,0,8,0,0,N - NOT INJURED,0,1915,0,2020,TUESDAY,17.719,0,MOTOR VEHICLE IN TRANSPORT,TWO-WAY,19:00 - 19:59,,UNKNOWN,INTERSECTION RELATED,27.82817225,DAYLIGHT,YES,-97.06700967,SAME DIRECTION - ONE STRAIGHT-ONE STOPPED,NO MEDIAN,FOUR ENTERING ROADS,2,NOT APPLICABLE,True,"SLOWING/STOPPING - FOR OFFICER, FLAGMAN, OR TRAFFIC CONTROL","2,500 - 4,999 POP",NO,0622,-0.009,US & STATE HIGHWAYS,"STRAIGHT, LEVEL",MINOR ARTERIAL,ON ROADWAY,"2 LANE, 2 WAY",True,35,SH0361,DRY,SIGNAL LIGHT,CLEAR
17801613,10439,False,10439,2023,CORPUS CHRISTI,FAILED TO CONTROL SPEED,226303,27.396,2020-08-05,0,8,0,0,N - NOT INJURED,0,0929,0,2020,WEDNESDAY,35.115,0,MOTOR VEHICLE IN TRANSPORT,TWO-WAY,09:00 - 09:59,,N/A,NON INTERSECTION,27.61786591,DAYLIGHT,YES,-97.22010594,SAME DIRECTION - BOTH GOING STRAIGHT-REAR END,NO MEDIAN,NOT APPLICABLE,5,HIT UTILITY POLE,True,NOT APPLICABLE,"250,000 POP AND OVER",NO,0638,1.433,US & STATE HIGHWAYS,"STRAIGHT, LEVEL",MINOR ARTERIAL,ON ROADWAY,"4 OR MORE LANES, UNDIVIDED",False,55,SH0361,DRY,CENTER STRIPE/DIVIDER,CLEAR
17803270,15893,True,15893,2023,PORT ARANSAS,DRIVER INATTENTION;FAILED TO YIELD RIGHT OF WAY - STOP SIGN,226303,10.755,2020-08-05,0,8,0,0,N - NOT INJURED,0,1607,0,2020,WEDNESDAY,18.474,0,MOTOR VEHICLE IN TRANSPORT,TWO-WAY,16:00 - 16:59,,E HOWARD BLVD,INTERSECTION,27.8189672,DAYLIGHT,YES,-97.07363613,ANGLE - BOTH GOING STRAIGHT,NO MEDIAN,FOUR ENTERING ROADS,2,NOT APPLICABLE,True,ATTENTION DIVERTED FROM DRIVING,"2,500 - 4,999 POP",NO,0622,0.746,US & STATE HIGHWAYS,"STRAIGHT, LEVEL",MINOR ARTERIAL,ON ROADWAY,"2 LANE, 2 WAY",True,45,SH0361,DRY,STOP SIGN,CLOUDY
17809477,12050,True,12050,2023,CORPUS CHRISTI,FAILED TO YIELD RIGHT OF WAY - TURNING LEFT,226303,18.054,2020-08-08,0,8,0,0,N - NOT INJURED,0,1153,0,2020,SATURDAY,25.773,0,MOTOR VEHICLE IN TRANSPORT,TWO-WAY,11:00 - 11:59,,UNKNOWN,INTERSECTION,27.73001567,DAYLIGHT,YES,-97.13809496,OPPOSITE DIRECTION - ONE STRAIGHT-ONE LEFT TURN,NO MEDIAN,NOT APPLICABLE,5,NOT APPLICABLE,True,NOT APPLICABLE,"250,000 POP AND OVER",NO,0630,0.041,US & STATE HIGHWAYS,"STRAIGHT, GRADE",MINOR ARTERIAL,ON ROADWAY,"4 OR MORE LANES, UNDIVIDED",False,60,SH0361,DRY,CENTER STRIPE/DIVIDER,CLEAR
17806363,,False,,,PORT ARANSAS,UNSAFE SPEED,,,2020-08-09,0,8,2,0,A - SUSPECTED SERIOUS INJURY,1,1955,3,2020,SUNDAY,,0,OVERTURNED,,19:00 - 19:59,,N/A,NON INTERSECTION,,DAYLIGHT,?0,,ONE MOTOR VEHICLE - GOING STRAIGHT,,OTHER (EXPLAIN IN NARRATIVE),,NOT APPLICABLE,True,NOT APPLICABLE,"2,500 - 4,999 POP",YES,,,NON TRAFFICWAY,"STRAIGHT, HILLCREST",,NOT APPLICABLE,,True,-1,SH0361,DRY,OTHER (EXPLAIN IN NARRATIVE),CLEAR
17816790,12050,False,12050,2023,PORT ARANSAS,DRIVER INATTENTION,226303,12.794,2020-08-11,0,8,0,0,N - NOT INJURED,0,2352,0,2020,TUESDAY,20.513,0,MOTOR VEHICLE IN TRANSPORT,TWO-WAY,23:00 - 23:59,,N/A,NON INTERSECTION,27.79459509,"DARK, NOT LIGHTED",YES,-97.09236725,SAME DIRECTION - ONE STRAIGHT-ONE STOPPED,NO MEDIAN,NOT APPLICABLE,5,NOT APPLICABLE,True,SLOWING/STOPPING-REASON NOT SPECIFIED,"2,500 - 4,999 POP",NO,0624,0.763,CITY STREET,OTHER (EXPLAIN IN NARRATIVE),MINOR ARTERIAL,ON ROADWAY,"4 OR MORE LANES, UNDIVIDED",True,15,SH0361,"SAND, MUD, DIRT",NONE,CLEAR
17837228,15893,False,15893,2023,PORT ARANSAS,NONE,226303,10.851,2020-08-15,0,8,3,0,B - SUSPECTED MINOR INJURY,0,2237,3,2020,SATURDAY,18.57,0,FIXED OBJECT,TWO-WAY,22:00 - 22:59,,N/A,NON INTERSECTION,27.81771706,"DARK, LIGHTED",YES,-97.07435002,ONE MOTOR VEHICLE - GOING STRAIGHT,NO MEDIAN,THREE ENTERING ROADS - T,2,HIT CURB,True,NOT APPLICABLE,"2,500 - 4,999 POP",NO,0622,0.842,US & STATE HIGHWAYS,"STRAIGHT, LEVEL",MINOR ARTERIAL,OFF ROADWAY,"2 LANE, 2 WAY",True,60,SH0361,DRY,NONE,CLEAR
17837231,15893,False,15893,2023,PORT ARANSAS,DISTRACTION IN VEHICLE; DRIVER INATTENTION,226303,12.423,2020-08-28,0,8,0,1,C - POSSIBLE INJURY,0,1139,1,2020,FRIDAY,20.142,0,OTHER OBJECT,BOULEVARD,11:00 - 11:59,,N/A,NON INTERSECTION,27.79891263,DAYLIGHT,YES,-97.0887488,ONE MOTOR VEHICLE - GOING STRAIGHT,CURBED,THREE ENTERING ROADS - T,4,HIT OTHER FIXED OBJECT,True,ATTENTION DIVERTED FROM DRIVING,"2,500 - 4,999 POP",NO,0624,0.392,US & STATE HIGHWAYS,"STRAIGHT, LEVEL",MINOR ARTERIAL,OFF ROADWAY,"4 OR MORE LANES, DIVIDED",True,60,SH0361,DRY,STOP SIGN,CLOUDY
17837241,14248,False,14248,2023,PORT ARANSAS,FAILED TO YIELD RIGHT OF WAY - TURNING LEFT,226303,10.049,2020-08-28,0,8,0,2,C - POSSIBLE INJURY,0,1702,2,2020,FRIDAY,17.768,0,MOTOR VEHICLE IN TRANSPORT,TWO-WAY,17:00 - 17:59,,N/A,DRIVEWAY ACCESS,27.82761734,DAYLIGHT,YES,-97.06750598,ANGLE - ONE STRAIGHT-ONE LEFT TURN,NO MEDIAN,FOUR ENTERING ROADS,2,NOT APPLICABLE,True,ONE VEHICLE LEAVING DRIVEWAY,"2,500 - 4,999 POP",NO,0622,0.04,US & STATE HIGHWAYS,"STRAIGHT, LEVEL",MINOR ARTERIAL,ON ROADWAY,"2 LANE, 2 WAY",True,35,SH0361,DRY,SIGNAL LIGHT,CLOUDY
17847819,12050,False,12050,2023,OUTSIDE CITY LIMITS,FAILED TO CONTROL SPEED; FAULTY EVASIVE ACTION,226303,13.79,2020-09-02,0,9,0,0,N - NOT INJURED,0,1830,0,2020,WEDNESDAY,21.509,0,OVERTURNED,TWO-WAY,18:00 - 18:59,,N/A,NON INTERSECTION,27.78301913,DAYLIGHT,YES,-97.10212978,ONE MOTOR VEHICLE - TURNING LEFT,NO MEDIAN,NOT APPLICABLE,5,OVERTURNED,True,NOT APPLICABLE,RURAL,NO,0626,-0.203,US & STATE HIGHWAYS,"STRAIGHT, LEVEL",MINOR ARTERIAL,ON ROADWAY,"4 OR MORE LANES, UNDIVIDED",True,60,SH0361,DRY,CENTER STRIPE/DIVIDER,CLOUDY
17856886,10439,False,10439,2023,CORPUS CHRISTI,OTHER (EXPLAIN IN NARRATIVE),226303,25.701,2020-09-03,0,9,1,0,B - SUSPECTED MINOR INJURY,0,1230,1,2020,THURSDAY,33.42,0,OVERTURNED,TWO-WAY,12:00 - 12:59,,N/A,NON INTERSECTION,27.63472641,DAYLIGHT,YES,-97.20217058,ONE MOTOR VEHICLE - GOING STRAIGHT,NO MEDIAN,NOT APPLICABLE,5,OVERTURNED,True,NOT APPLICABLE,"250,000 POP AND OVER",NO,0638,-0.262,US & STATE HIGHWAYS,"STRAIGHT, LEVEL",MINOR ARTERIAL,OFF ROADWAY,"4 OR MORE LANES, UNDIVIDED",False,60,SH0361,DRY,MARKED LANES,CLEAR
17847822,9764,True,9764,2023,PORT ARANSAS,FAILED TO CONTROL SPEED; FAULTY EVASIVE ACTION,226302,7.078,2020-09-05,0,9,1,0,A - SUSPECTED SERIOUS INJURY,1,1559,2,2020,SATURDAY,17.53,0,OVERTURNED,TWO-WAY,15:00 - 15:59,,UNKNOWN,INTERSECTION,27.82990054,DAYLIGHT,YES,-97.06941135,ONE MOTOR VEHICLE - TURNING LEFT,NO MEDIAN,NOT APPLICABLE,2,OVERTURNED,True,NOT APPLICABLE,"2,500 - 4,999 POP",NO,0622,-0.198,CITY STREET,"STRAIGHT, LEVEL",MINOR ARTERIAL,ON ROADWAY,"2 LANE, 2 WAY",True,30,SH0361,DRY,CENTER STRIPE/DIVIDER,CLOUDY
17855663,6181,False,6181,2023,ARANSAS PASS,FAILED TO CONTROL SPEED,226302,0.393,2020-09-06,0,9,2,0,B - SUSPECTED MINOR INJURY,0,1450,2,2020,SUNDAY,10.83,0,MOTOR VEHICLE IN TRANSPORT,TWO-WAY,14:00 - 14:59,,N/A,NON INTERSECTION,27.89622086,DAYLIGHT,YES,-97.13455518,SAME DIRECTION - ONE STRAIGHT-ONE STOPPED,NO MEDIAN,NOT APPLICABLE,2,NOT APPLICABLE,True,SLOWING/STOPPING-FOR TRAFFIC,"5,000 - 9,999 POP",NO,0614,0.405,US & STATE HIGHWAYS,"STRAIGHT, HILLCREST",MINOR ARTERIAL,ON ROADWAY,"2 LANE, 2 WAY",False,45,SH0361,DRY,NONE,CLEAR
17849267,5888,False,5888,2023,PORT ARANSAS,FAILED TO CONTROL SPEED;FAILED TO YIELD RIGHT OF WAY - TURNING LEFT,226302,6.742,2020-09-07,0,9,0,1,C - POSSIBLE INJURY,0,1044,1,2020,MONDAY,17.194,0,MOTOR VEHICLE IN TRANSPORT,TWO-WAY,10:00 - 10:59,,N/A,DRIVEWAY ACCESS,27.83398015,DAYLIGHT,YES,-97.07096099,OPPOSITE DIRECTION - ONE STRAIGHT-ONE LEFT TURN,NO MEDIAN,THREE ENTERING ROADS - T,2,NOT APPLICABLE,True,ONE VEHICLE ENTERING DRIVEWAY,"2,500 - 4,999 POP",NO,0622,-0.534,CITY STREET,"STRAIGHT, LEVEL",MINOR ARTERIAL,ON ROADWAY,"2 LANE, 2 WAY",True,30,SH0361,DRY,STOP SIGN,CLOUDY
17851907,14248,False,14248,2023,PORT ARANSAS,NONE,226303,10.005,2020-09-07,0,9,0,0,N - NOT INJURED,0,1544,0,2020,MONDAY,17.724,0,MOTOR VEHICLE IN TRANSPORT,TWO-WAY,15:00 - 15:59,,N/A,DRIVEWAY ACCESS,27.82811484,DAYLIGHT,YES,-97.0670605,ANGLE - BOTH GOING STRAIGHT,NO MEDIAN,FOUR ENTERING ROADS,2,NOT APPLICABLE,True,ONE VEHICLE LEAVING DRIVEWAY,"2,500 - 4,999 POP",NO,0622,-0.004,US & STATE HIGHWAYS,"STRAIGHT, LEVEL",MINOR ARTERIAL,ON ROADWAY,"2 LANE, 2 WAY",True,35,SH0361,DRY,NONE,CLOUDY
17859054,5888,True,5888,2023,PORT ARANSAS,DRIVER INATTENTION,226302,6.524,2020-09-08,0,9,0,0,N - NOT INJURED,0,1045,0,2020,TUESDAY,16.976,0,FIXED OBJECT,TWO-WAY,10:00 - 10:59,,UNKNOWN,INTERSECTION RELATED,27.83665208,DAYLIGHT,YES,-97.06918422,ONE MOTOR VEHICLE - TURNING LEFT,NO MEDIAN,THREE ENTERING ROADS - T,2,HIT TRAFFIC SIGNAL POLE OR POST,True,ATTENTION DIVERTED FROM DRIVING,"2,500 - 4,999 POP",NO,0620,0.709,US & STATE HIGHWAYS,"STRAIGHT, LEVEL",MINOR ARTERIAL,OFF ROADWAY,"2 LANE, 2 WAY",True,30,SH0361,DRY,FLAGMAN,CLOUDY
17871667,10439,False,10439,2023,CORPUS CHRISTI,FAILED TO CONTROL SPEED;OTHER (EXPLAIN IN NARRATIVE),226303,22.584,2020-09-16,0,9,0,0,N - NOT INJURED,0,1435,0,2020,WEDNESDAY,30.303,0,MOTOR VEHICLE IN TRANSPORT,TWO-WAY,14:00 - 14:59,,N/A,NON INTERSECTION,27.67357424,DAYLIGHT,YES,-97.17605315,SAME DIRECTION - BOTH GOING STRAIGHT-REAR END,NO MEDIAN,NOT APPLICABLE,5,NOT APPLICABLE,True,SWERVED OR VEERED-AVOIDING VEHICLE STOPPED OR MOVING SLOWLY IN TRAFFIC LANE,"250,000 POP AND OVER",NO,0634,0.62,US & STATE HIGHWAYS,"STRAIGHT, LEVEL",MINOR ARTERIAL,ON ROADWAY,"4 OR MORE LANES, UNDIVIDED",False,60,SH0361,DRY,MARKED LANES,CLEAR
17896279,10439,True,10439,2023,CORPUS CHRISTI,DISREGARD TURN MARKS AT INTERSECTION; WRONG WAY - ONE WAY ROAD,226303,27.498,2020-09-18,0,9,0,0,N - NOT INJURED,0,0014,0,2020,FRIDAY,35.217,0,MOTOR VEHICLE IN TRANSPORT,TWO-WAY,00:00 - 00:59,0022,PR0022,INTERSECTION RELATED,27.6178894,"DARK, LIGHTED",YES,-97.22177124,OPPOSITE DIRECTION - ONE STRAIGHT-ONE LEFT TURN,NO MEDIAN,FOUR ENTERING ROADS,5,NOT APPLICABLE,True,NOT APPLICABLE,"250,000 POP AND OVER",NO,0638,1.535,US & STATE HIGHWAYS,"STRAIGHT, LEVEL",MINOR ARTERIAL,ON ROADWAY,"4 OR MORE LANES, UNDIVIDED",False,55,SH0361,DRY,SIGNAL LIGHT,CLEAR
17879387,10439,True,10439,2023,CORPUS CHRISTI,FAILED TO CONTROL SPEED,226303,27.498,2020-09-24,0,9,0,0,N - NOT INJURED,0,1026,0,2020,THURSDAY,35.217,0,OVERTURNED,TWO-WAY,10:00 - 10:59,0022,PR0022,INTERSECTION RELATED,27.6178894,DAYLIGHT,YES,-97.22177124,ONE MOTOR VEHICLE - TURNING LEFT,NO MEDIAN,FOUR ENTERING ROADS,5,HIT HIGHWAY SIGN,True,NOT APPLICABLE,"250,000 POP AND OVER",NO,0638,1.535,US & STATE HIGHWAYS,"STRAIGHT, LEVEL",MINOR ARTERIAL,ON ROADWAY,"4 OR MORE LANES, UNDIVIDED",False,40,SH0361,DRY,SIGNAL LIGHT,CLEAR
17908886,15893,False,15893,2023,PORT ARANSAS,UNSAFE SPEED,226303,10.765,2020-10-09,0,10,0,0,A - SUSPECTED SERIOUS INJURY,1,1623,1,2020,FRIDAY,18.484,0,OVERTURNED,TWO-WAY,16:00 - 16:59,,E HOWARD BLVD,INTERSECTION RELATED,27.81882991,DAYLIGHT,YES,-97.07371453,ONE MOTOR VEHICLE - TURNING RIGHT,NO MEDIAN,OTHER (EXPLAIN IN NARRATIVE),2,OVERTURNED,True,NOT APPLICABLE,"2,500 - 4,999 POP",NO,0622,0.756,US & STATE HIGHWAYS,OTHER (EXPLAIN IN NARRATIVE),MINOR ARTERIAL,ON ROADWAY,"2 LANE, 2 WAY",True,45,SH0361,DRY,OTHER (EXPLAIN IN NARRATIVE),CLEAR
17906711,12050,False,12050,2023,PORT ARANSAS,DROVE WITHOUT HEADLIGHTS,226303,13.069,2020-10-10,0,10,0,0,N - NOT INJURED,0,2131,0,2020,SATURDAY,20.788,0,FIXED OBJECT,TWO-WAY,21:00 - 21:59,,N/A,NON INTERSECTION,27.7913904,"DARK, NOT LIGHTED",YES,-97.09504983,ONE MOTOR VEHICLE - GOING STRAIGHT,NO MEDIAN,NOT APPLICABLE,5,HIT OTHER FIXED OBJECT,True,CRASH OCCURRED ON A BEACH,"2,500 - 4,999 POP",NO,0626,-0.924,OTHER ROADS,"STRAIGHT, LEVEL",MINOR ARTERIAL,ON ROADWAY,"4 OR MORE LANES, UNDIVIDED",True,15,SH0361,"SAND, MUD, DIRT",NONE,CLEAR
17923460,10439,False,10439,2023,CORPUS CHRISTI,DRIVER INATTENTION; FAILED TO CONTROL SPEED,226303,26.373,2020-10-10,0,10,1,0,B - SUSPECTED MINOR INJURY,0,2311,1,2020,SATURDAY,34.092,0,PEDESTRIAN,TWO-WAY,23:00 - 23:59,,N/A,NON INTERSECTION,27.62635546,"DARK, NOT LIGHTED",YES,-97.20780291,ONE MOTOR VEHICLE - GOING STRAIGHT,NO MEDIAN,NOT APPLICABLE,5,NOT APPLICABLE,True,CRASH OCCURRED ON A BEACH,"250,000 POP AND OVER",NO,0638,0.41,OTHER ROADS,"STRAIGHT, LEVEL",MINOR ARTERIAL,ON ROADWAY,"4 OR MORE LANES, UNDIVIDED",False,15,SH0361,"SAND, MUD, DIRT",NONE,CLEAR
17939497,5888,False,5888,2023,PORT ARANSAS,UNDER INFLUENCE - ALCOHOL,226302,6.948,2020-10-27,0,10,0,0,99 - UNKNOWN,0,0256,0,2020,TUESDAY,17.4,0,FIXED OBJECT,TWO-WAY,02:00 - 02:59,,6TH ST,INTERSECTION RELATED,27.83108722,"DARK, LIGHTED",YES,-97.07104581,ONE MOTOR VEHICLE - GOING STRAIGHT,NO MEDIAN,FIVE ENTERING ROADS,2,HIT HIGHWAY SIGN,True,NOT APPLICABLE,"2,500 - 4,999 POP",NO,0622,-0.328,CITY STREET,"CURVE, LEVEL",MINOR ARTERIAL,OFF ROADWAY,"2 LANE, 2 WAY",True,35,SH0361,DRY,STOP SIGN,CLOUDY
17958720,6181,False,6181,2023,ARANSAS PASS,DRIVER INATTENTION; FOLLOWED TOO CLOSELY,226302,3.785,2020-11-12,0,11,0,0,A - SUSPECTED SERIOUS INJURY,1,0856,1,2020,THURSDAY,14.222,0,MOTOR VEHICLE IN TRANSPORT,TWO-WAY,08:00 - 08:59,8000,SH8000,INTERSECTION RELATED,27.87040318,DAYLIGHT,YES,-97.08920907,SAME DIRECTION - ONE STRAIGHT-ONE STOPPED,NO MEDIAN,THREE ENTERING ROADS - T,2,NOT APPLICABLE,True,SLOWING/STOPPING-TO MAKE LEFT TURN,"5,000 - 9,999 POP",NO,0618,-0.157,US & STATE HIGHWAYS,"STRAIGHT, LEVEL",MINOR ARTERIAL,ON ROADWAY,"2 LANE, 2 WAY",False,55,SH0361,DRY,NONE,CLEAR
17967577,10439,False,10439,2023,CORPUS CHRISTI,FAILED TO PASS TO LEFT SAFELY,226303,22.132,2020-11-14,0,11,0,1,A - SUSPECTED SERIOUS INJURY,2,1007,3,2020,SATURDAY,29.851,0,MOTOR VEHICLE IN TRANSPORT,TWO-WAY,10:00 - 10:59,,N/A,NON INTERSECTION,27.67921095,DAYLIGHT,YES,-97.17230581,OPPOSITE DIRECTION - BOTH GOING STRAIGHT,NO MEDIAN,NOT APPLICABLE,5,NOT APPLICABLE,True,VEHICLE PASSING OR ATTEMPTING TO PASS ON LEFT,"250,000 POP AND OVER",NO,0634,0.168,US & STATE HIGHWAYS,"STRAIGHT, GRADE",MINOR ARTERIAL,ON ROADWAY,"4 OR MORE LANES, UNDIVIDED",False,60,SH0361,DRY,CENTER STRIPE/DIVIDER,CLEAR
17980321,10439,False,10439,2023,CORPUS CHRISTI,FAILED TO DRIVE IN SINGLE LANE; UNDER INFLUENCE - ALCOHOL,226303,26.704,2020-11-23,0,11,0,0,N - NOT INJURED,0,1955,0,2020,MONDAY,34.423,0,FIXED OBJECT,TWO-WAY,19:00 - 19:59,,N/A,NON INTERSECTION,27.62225285,"DARK, LIGHTED",YES,-97.21061522,ONE MOTOR VEHICLE - GOING STRAIGHT,NO MEDIAN,NOT APPLICABLE,5,HIT OTHER FIXED OBJECT,True,NOT APPLICABLE,"250,000 POP AND OVER",NO,0638,0.741,US & STATE HIGHWAYS,"STRAIGHT, LEVEL",MINOR ARTERIAL,OFF ROADWAY,"4 OR MORE LANES, UNDIVIDED",False,55,SH0361,DRY,MARKED LANES,CLEAR
17990587,12050,False,12050,2023,CORPUS CHRISTI,PASSED ON RIGHT SHOULDER,226303,19.265,2020-11-30,0,11,0,0,N - NOT INJURED,0,0755,0,2020,MONDAY,26.984,0,MOTOR VEHICLE IN TRANSPORT,TWO-WAY,07:00 - 07:59,,N/A,DRIVEWAY ACCESS,27.71492332,DAYLIGHT,YES,-97.14826273,SAME DIRECTION - ONE STRAIGHT-ONE STOPPED,NO MEDIAN,NOT APPLICABLE,5,NOT APPLICABLE,True,SLOWING/STOPPING-FOR TRAFFIC,"250,000 POP AND OVER",NO,0632,-0.699,US & STATE HIGHWAYS,"STRAIGHT, LEVEL",MINOR ARTERIAL,ON ROADWAY,"4 OR MORE LANES, UNDIVIDED",False,55,SH0361,DRY,CENTER STRIPE/DIVIDER,CLOUDY
18021323,10439,False,10439,2023,CORPUS CHRISTI,FAILED TO CONTROL SPEED; FAULTY EVASIVE ACTION,226303,20.574,2020-12-21,0,12,0,0,N - NOT INJURED,0,0610,0,2020,MONDAY,28.293,0,MOTOR VEHICLE IN TRANSPORT,TWO-WAY,06:00 - 06:59,,N/A,NON INTERSECTION,27.69861852,"DARK, NOT LIGHTED",YES,-97.15922018,SAME DIRECTION - BOTH GOING STRAIGHT-SIDESWIPE,NO MEDIAN,NOT APPLICABLE,5,NOT APPLICABLE,True,SWERVED OR VEERED-REASON NOT SPECIFIED,"250,000 POP AND OVER",NO,0632,0.61,US & STATE HIGHWAYS,"STRAIGHT, LEVEL",MINOR ARTERIAL,ON ROADWAY,"4 OR MORE LANES, UNDIVIDED",False,60,SH0361,DRY,MARKED LANES,CLEAR
18058222,12050,False,12050,2023,CORPUS CHRISTI,ANIMAL ON ROAD - WILD,226303,18.998,2021-01-03,0,1,0,0,N - NOT INJURED,0,0013,0,2021,SUNDAY,26.717,0,ANIMAL,TWO-WAY,00:00 - 00:59,,N/A,NON INTERSECTION,27.71825091,"DARK, NOT LIGHTED",YES,-97.1460184,ONE MOTOR VEHICLE - GOING STRAIGHT,NO MEDIAN,NOT APPLICABLE,5,NOT APPLICABLE,True,NOT APPLICABLE,"250,000 POP AND OVER",NO,0632,-0.966,US & STATE HIGHWAYS,"STRAIGHT, LEVEL",MINOR ARTERIAL,ON ROADWAY,"4 OR MORE LANES, UNDIVIDED",False,60,SH0361,DRY,CENTER STRIPE/DIVIDER,CLEAR
18050460,6181,False,6181,2023,ARANSAS PASS,DRIVER INATTENTION,226302,3.779,2021-01-07,0,1,0,0,N - NOT INJURED,0,1142,0,2021,THURSDAY,14.216,0,MOTOR VEHICLE IN TRANSPORT,TWO-WAY,11:00 - 11:59,,N/A,NON INTERSECTION,27.87046393,DAYLIGHT,YES,-97.08927595,SAME DIRECTION - ONE STRAIGHT-ONE STOPPED,NO MEDIAN,NOT APPLICABLE,2,NOT APPLICABLE,True,ATTENTION DIVERTED FROM DRIVING,"5,000 - 9,999 POP",NO,0618,-0.163,US & STATE HIGHWAYS,"STRAIGHT, LEVEL",MINOR ARTERIAL,ON ROADWAY,"2 LANE, 2 WAY",False,55,SH0361,DRY,NONE,CLEAR
18053648,12050,True,12050,2023,OUTSIDE CITY LIMITS,DRIVER INATTENTION; OVERTAKE AND PASS INSUFFICIENT CLEARANCE,226303,13.393,2021-01-07,0,1,0,0,N - NOT INJURED,0,1226,0,2021,THURSDAY,21.112,0,MOTOR VEHICLE IN TRANSPORT,TWO-WAY,12:00 - 12:59,,GULFWIND DR,INTERSECTION RELATED,27.78762528,DAYLIGHT,YES,-97.09823093,SAME DIRECTION - BOTH GOING STRAIGHT-SIDESWIPE,NO MEDIAN,THREE ENTERING ROADS - T,5,NOT APPLICABLE,True,SLOWING/STOPPING-TO MAKE RIGHT TURN,RURAL,NO,0626,-0.6,US & STATE HIGHWAYS,"STRAIGHT, LEVEL",MINOR ARTERIAL,SHOULDER,"4 OR MORE LANES, UNDIVIDED",True,60,SH0361,DRY,STOP SIGN,CLEAR
18089730,10439,True,10439,2023,CORPUS CHRISTI,DRIVER INATTENTION;FAILED TO YIELD RIGHT OF WAY - EMERGENCY VEHICLE,226303,27.498,2021-01-30,0,1,0,0,N - NOT INJURED,0,1543,0,2021,SATURDAY,35.217,0,MOTOR VEHICLE IN TRANSPORT,TWO-WAY,15:00 - 15:59,0022,PR0022,INTERSECTION,27.6178894,DAYLIGHT,YES,-97.22177124,ANGLE - BOTH GOING STRAIGHT,NO MEDIAN,FOUR ENTERING ROADS,5,NOT APPLICABLE,True,ATTENTION DIVERTED FROM DRIVING,"250,000 POP AND OVER",NO,0638,1.535,US & STATE HIGHWAYS,"STRAIGHT, LEVEL",MINOR ARTERIAL,ON ROADWAY,"4 OR MORE LANES, UNDIVIDED",False,60,SH0361,DRY,SIGNAL LIGHT,CLEAR
18110394,15893,True,15893,2023,PORT ARANSAS,DRIVER INATTENTION,226303,11.782,2021-02-12,0,2,0,0,A - SUSPECTED SERIOUS INJURY,1,1118,1,2021,FRIDAY,19.501,0,MOTOR VEHICLE IN TRANSPORT,BOULEVARD,11:00 - 11:59,,UNKNOWN,INTERSECTION,27.80637658,DAYLIGHT,YES,-97.08247582,ANGLE - ONE STRAIGHT-ONE LEFT TURN,CURBED,FOUR ENTERING ROADS,4,NOT APPLICABLE,True,ATTENTION DIVERTED FROM DRIVING,"2,500 - 4,999 POP",NO,0624,-0.249,US & STATE HIGHWAYS,"STRAIGHT, LEVEL",MINOR ARTERIAL,ON ROADWAY,"4 OR MORE LANES, DIVIDED",True,55,SH0361,WET,SIGNAL LIGHT,CLOUDY
18115291,6181,False,6181,2023,ARANSAS PASS,FAILED TO CONTROL SPEED; HAD BEEN DRINKING,226302,0.158,2021-02-16,0,2,0,0,N - NOT INJURED,0,2149,0,2021,TUESDAY,10.595,0,FIXED OBJECT,TWO-WAY,21:00 - 21:59,,N/A,NON INTERSECTION,27.89738802,"DARK, NOT LIGHTED",YES,-97.13815972,ONE MOTOR VEHICLE - GOING STRAIGHT,NO MEDIAN,OTHER (EXPLAIN IN NARRATIVE),2,HIT GUARDRAIL,True,NOT APPLICABLE,"5,000 - 9,999 POP",NO,0614,0.17,US & STATE HIGHWAYS,"STRAIGHT, LEVEL",MINOR ARTERIAL,OFF ROADWAY,"2 LANE, 2 WAY",False,45,SH0361,WET,MARKED LANES,CLEAR
18116539,6181,False,6181,2023,PORT ARANSAS,DISTRACTION IN VEHICLE;OTHER (EXPLAIN IN NARRATIVE),226302,5.855,2021-02-18,0,2,0,0,N - NOT INJURED,0,0812,0,2021,THURSDAY,16.292,0,FIXED OBJECT,TWO-WAY,08:00 - 08:59,,N/A,NON INTERSECTION,27.84536611,DAYLIGHT,YES,-97.07161712,ONE MOTOR VEHICLE - GOING STRAIGHT,NO MEDIAN,NOT APPLICABLE,2,HIT HIGHWAY SIGN,True,ATTENTION DIVERTED FROM DRIVING,"2,500 - 4,999 POP",NO,0620,0.025,US & STATE HIGHWAYS,"STRAIGHT, LEVEL",MINOR ARTERIAL,OFF ROADWAY,"2 LANE, 2 WAY",True,5,SH0361,DRY,STOP SIGN,CLOUDY
18128539,10439,False,10439,2023,CORPUS CHRISTI,DRIVER INATTENTION; FAILED TO CONTROL SPEED,226303,25.689,2021-02-28,0,2,0,0,N - NOT INJURED,0,0345,0,2021,SUNDAY,33.408,0,PARKED CAR,TWO-WAY,03:00 - 03:59,,N/A,NON INTERSECTION,27.63487182,"DARK, NOT LIGHTED",YES,-97.20207173,ONE MOTOR VEHICLE - GOING STRAIGHT,NO MEDIAN,NOT APPLICABLE,5,NOT APPLICABLE,True,ATTENTION DIVERTED FROM DRIVING,"250,000 POP AND OVER",NO,0638,-0.274,CITY STREET,"STRAIGHT, LEVEL",MINOR ARTERIAL,ON ROADWAY,"4 OR MORE LANES, UNDIVIDED",False,30,SH0361,"SAND, MUD, DIRT",NONE,FOG
18135817,9764,True,9764,2023,PORT ARANSAS,TURNED IMPROPERLY - CUT CORNER ON LEFT,226302,7.266,2021-03-05,0,3,0,0,N - NOT INJURED,0,1515,0,2021,FRIDAY,17.718,0,MOTOR VEHICLE IN TRANSPORT,TWO-WAY,15:00 - 15:59,,S ALISTER ST,INTERSECTION,27.82817809,DAYLIGHT,YES,-97.06701784,ANGLE - ONE STRAIGHT-ONE LEFT TURN,NO MEDIAN,FOUR ENTERING ROADS,2,NOT APPLICABLE,True,NOT APPLICABLE,"2,500 - 4,999 POP",NO,0622,-0.01,CITY STREET,"STRAIGHT, LEVEL",MINOR ARTERIAL,ON ROADWAY,"2 LANE, 2 WAY",True,30,SH0361,DRY,STOP SIGN,CLEAR
18150479,12050,False,12050,2023,CORPUS CHRISTI,UNSAFE SPEED,226303,16.227,2021-03-06,0,3,0,0,N - NOT INJURED,0,1832,0,2021,SATURDAY,23.946,0,FIXED OBJECT,TWO-WAY,18:00 - 18:59,,N/A,NON INTERSECTION,27.75277387,"DARK, LIGHTED",YES,-97.12277744,ONE MOTOR VEHICLE - TURNING RIGHT,NO MEDIAN,NOT APPLICABLE,5,HIT UTILITY POLE,True,ATTENTION DIVERTED FROM DRIVING,"250,000 POP AND OVER",NO,0628,0.245,US & STATE HIGHWAYS,"STRAIGHT, LEVEL",MINOR ARTERIAL,OFF ROADWAY,"4 OR MORE LANES, UNDIVIDED",False,60,SH0361,DRY,MARKED LANES,CLEAR
18150457,12050,False,12050,2023,CORPUS CHRISTI,CHANGED LANE WHEN UNSAFE,226303,19.501,2021-03-10,0,3,0,0,N - NOT INJURED,0,1855,0,2021,WEDNESDAY,27.22,0,MOTOR VEHICLE IN TRANSPORT,TWO-WAY,18:00 - 18:59,,N/A,NON INTERSECTION,27.71198694,"DARK, NOT LIGHTED",YES,-97.1502432,SAME DIRECTION - ONE STRAIGHT-ONE LEFT TURN,NO MEDIAN,NOT APPLICABLE,5,NOT APPLICABLE,True,NOT APPLICABLE,"250,000 POP AND OVER",NO,0632,-0.463,US & STATE HIGHWAYS,"STRAIGHT, LEVEL",MINOR ARTERIAL,ON ROADWAY,"4 OR MORE LANES, UNDIVIDED",False,60,SH0361,DRY,MARKED LANES,CLEAR
18150646,10439,False,10439,2023,CORPUS CHRISTI,CHANGED LANE WHEN UNSAFE,226303,26.972,2021-03-13,0,3,2,0,B - SUSPECTED MINOR INJURY,0,1905,2,2021,SATURDAY,34.691,0,MOTOR VEHICLE IN TRANSPORT,TWO-WAY,19:00 - 19:59,,N/A,NON INTERSECTION,27.6194177,"DARK, LIGHTED",YES,-97.21353935,OPPOSITE DIRECTION - ONE STRAIGHT-ONE LEFT TURN,NO MEDIAN,NOT APPLICABLE,5,NOT APPLICABLE,True,NOT APPLICABLE,"250,000 POP AND OVER",NO,0638,1.009,US & STATE HIGHWAYS,"STRAIGHT, LEVEL",MINOR ARTERIAL,ON ROADWAY,"4 OR MORE LANES, UNDIVIDED",False,55,SH0361,DRY,MARKED LANES,CLEAR
18157941,15893,False,15893,2023,PORT ARANSAS,FAILED TO YIELD RIGHT OF WAY - TURNING LEFT,226303,10.248,2021-03-15,0,3,0,0,N - NOT INJURED,0,1905,0,2021,MONDAY,17.967,0,MOTOR VEHICLE IN TRANSPORT,TWO-WAY,19:00 - 19:59,,N/A,DRIVEWAY ACCESS,27.82534254,DAYLIGHT,YES,-97.06950484,OPPOSITE DIRECTION - ONE STRAIGHT-ONE LEFT TURN,NO MEDIAN,NOT APPLICABLE,2,NOT APPLICABLE,True,ONE VEHICLE ENTERING DRIVEWAY,"2,500 - 4,999 POP",NO,0622,0.239,US & STATE HIGHWAYS,"STRAIGHT, LEVEL",MINOR ARTERIAL,ON ROADWAY,"2 LANE, 2 WAY",True,30,SH0361,DRY,MARKED LANES,CLEAR
18171751,5888,True,5888,2023,PORT ARANSAS,OTHER (EXPLAIN IN NARRATIVE),226302,6.952,2021-03-16,0,3,0,0,A - SUSPECTED SERIOUS INJURY,1,0111,1,2021,TUESDAY,17.404,0,OTHER NON COLLISION,TWO-WAY,01:00 - 01:59,,6TH ST,INTERSECTION RELATED,27.83105279,"DARK, LIGHTED",YES,-97.07100138,ONE MOTOR VEHICLE - TURNING LEFT,NO MEDIAN,FIVE ENTERING ROADS,2,PERSON FELL OR JUMPED FROM VEHICLE,True,NOT APPLICABLE,"2,500 - 4,999 POP",NO,0622,-0.324,CITY STREET,"STRAIGHT, LEVEL",MINOR ARTERIAL,ON ROADWAY,"2 LANE, 2 WAY",True,30,SH0361,DRY,MARKED LANES,CLEAR
18154445,10439,False,10439,2023,CORPUS CHRISTI,FAILED TO CONTROL SPEED,226303,27.441,2021-03-17,0,3,0,3,C - POSSIBLE INJURY,0,1910,3,2021,WEDNESDAY,35.16,0,MOTOR VEHICLE IN TRANSPORT,TWO-WAY,19:00 - 19:59,,N/A,NON INTERSECTION,27.61787644,DAYLIGHT,YES,-97.22084747,SAME DIRECTION - BOTH GOING STRAIGHT-REAR END,NO MEDIAN,NOT APPLICABLE,5,NOT APPLICABLE,True,SLOWING/STOPPING-FOR TRAFFIC,"250,000 POP AND OVER",NO,0638,1.478,US & STATE HIGHWAYS,"STRAIGHT, LEVEL",MINOR ARTERIAL,ON ROADWAY,"4 OR MORE LANES, UNDIVIDED",False,50,SH0361,DRY,MARKED LANES,CLEAR
18157399,12050,False,12050,2023,CORPUS CHRISTI,FAILED TO CONTROL SPEED,226303,18.993,2021-03-18,0,3,0,0,N - NOT INJURED,0,1538,0,2021,THURSDAY,26.712,0,MOTOR VEHICLE IN TRANSPORT,TWO-WAY,15:00 - 15:59,,UNKNOWN,INTERSECTION RELATED,27.71832034,DAYLIGHT,YES,-97.14597158,SAME DIRECTION - BOTH GOING STRAIGHT-REAR END,NO MEDIAN,THREE ENTERING ROADS - T,5,NOT APPLICABLE,True,SLOWING/STOPPING-TO MAKE RIGHT TURN,"250,000 POP AND OVER",NO,0632,-0.971,US & STATE HIGHWAYS,"STRAIGHT, LEVEL",MINOR ARTERIAL,ON ROADWAY,"4 OR MORE LANES, UNDIVIDED",False,60,SH0361,DRY,MARKED LANES,CLEAR
18157936,9764,False,9764,2023,PORT ARANSAS,FAILED TO CONTROL SPEED; FOLLOWED TOO CLOSELY,226302,7.259,2021-03-18,0,3,0,0,N - NOT INJURED,0,1445,0,2021,THURSDAY,17.711,0,MOTOR VEHICLE IN TRANSPORT,TWO-WAY,14:00 - 14:59,,N/A,NON INTERSECTION,27.828247,DAYLIGHT,YES,-97.06711439,SAME DIRECTION - ONE STRAIGHT-ONE STOPPED,NO MEDIAN,NOT APPLICABLE,2,NOT APPLICABLE,True,"SLOWING/STOPPING-FOR PEDESTRIAN, PEDALCYCLIST, ETC. IN ROAD","2,500 - 4,999 POP",NO,0622,-0.017,CITY STREET,"STRAIGHT, LEVEL",MINOR ARTERIAL,ON ROADWAY,"2 LANE, 2 WAY",True,35,SH0361,DRY,NONE,CLEAR
18157948,12050,False,12050,2023,OUTSIDE CITY LIMITS,DISTRACTION IN VEHICLE; DRIVER INATTENTION,226303,13.641,2021-03-20,0,3,0,1,C - POSSIBLE INJURY,0,1521,1,2021,SATURDAY,21.36,0,FIXED OBJECT,TWO-WAY,15:00 - 15:59,,N/A,NON INTERSECTION,27.78474641,DAYLIGHT,YES,-97.10066773,ONE MOTOR VEHICLE - GOING STRAIGHT,NO MEDIAN,THREE ENTERING ROADS - T,5,DITCH,True,ATTENTION DIVERTED FROM DRIVING,RURAL,NO,0626,-0.352,US & STATE HIGHWAYS,"STRAIGHT, LEVEL",MINOR ARTERIAL,OFF ROADWAY,"4 OR MORE LANES, UNDIVIDED",True,60,SH0361,DRY,STOP SIGN,CLEAR
18176809,10439,True,10439,2023,CORPUS CHRISTI,FAILED TO YIELD RIGHT OF WAY - STOP SIGN,226303,26.723,2021-03-21,0,3,0,0,N - NOT INJURED,0,0134,0,2021,SUNDAY,34.442,0,MOTOR VEHICLE IN TRANSPORT,TWO-WAY,01:00 - 01:59,,ZAHN RD,INTERSECTION,27.62201986,"DARK, LIGHTED",YES,-97.21077788,ANGLE - ONE STRAIGHT-ONE LEFT TURN,NO MEDIAN,THREE ENTERING ROADS - T,5,NOT APPLICABLE,True,NOT APPLICABLE,"250,000 POP AND OVER",NO,0638,0.76,US & STATE HIGHWAYS,"CURVE, LEVEL",MINOR ARTERIAL,ON ROADWAY,"4 OR MORE LANES, UNDIVIDED",False,60,SH0361,DRY,STOP SIGN,CLEAR
18166312,12050,False,12050,2023,CORPUS CHRISTI,OTHER (EXPLAIN IN NARRATIVE),226303,17.157,2021-03-25,0,3,0,0,N - NOT INJURED,0,0833,0,2021,THURSDAY,24.876,0,OVERTURNED,TWO-WAY,08:00 - 08:59,,N/A,NON INTERSECTION,27.74118252,DAYLIGHT,YES,-97.13056183,ONE MOTOR VEHICLE - GOING STRAIGHT,NO MEDIAN,NOT APPLICABLE,5,OVERTURNED,True,GUSTY WINDS,"250,000 POP AND OVER",NO,0630,-0.856,US & STATE HIGHWAYS,"STRAIGHT, LEVEL",MINOR ARTERIAL,OFF ROADWAY,"4 OR MORE LANES, UNDIVIDED",False,65,SH0361,DRY,CENTER STRIPE/DIVIDER,CLOUDY
18171713,15893,False,15893,2023,PORT ARANSAS,DRIVER INATTENTION; FAILED TO CONTROL SPEED,226303,11.624,2021-03-26,0,3,0,0,N - NOT INJURED,0,0922,0,2021,FRIDAY,19.343,0,OVERTURNED,BOULEVARD,09:00 - 09:59,,N/A,DRIVEWAY ACCESS,27.8081677,DAYLIGHT,YES,-97.08087832,ONE MOTOR VEHICLE - TURNING RIGHT,CURBED,OTHER (EXPLAIN IN NARRATIVE),4,OVERTURNED,True,ONE VEHICLE ENTERING DRIVEWAY,"2,500 - 4,999 POP",NO,0624,-0.407,US & STATE HIGHWAYS,"STRAIGHT, LEVEL",MINOR ARTERIAL,OFF ROADWAY,"4 OR MORE LANES, DIVIDED",True,60,SH0361,DRY,NONE,CLEAR
18203373,10439,False,10439,2023,CORPUS CHRISTI,HAD BEEN DRINKING; PASSED IN NO PASSING LANE,226303,25.88,2021-03-27,0,3,0,0,N - NOT INJURED,0,0941,0,2021,SATURDAY,33.599,0,MOTOR VEHICLE IN TRANSPORT,TWO-WAY,09:00 - 09:59,,N/A,NON INTERSECTION,27.63249312,DAYLIGHT,YES,-97.20368659,SAME DIRECTION - BOTH GOING STRAIGHT-SIDESWIPE,NO MEDIAN,NOT APPLICABLE,5,NOT APPLICABLE,True,VEHICLE PASSING OR ATTEMPTING TO PASS ON RIGHT,"250,000 POP AND OVER",NO,0638,-0.083,US & STATE HIGHWAYS,"STRAIGHT, LEVEL",MINOR ARTERIAL,ON ROADWAY,"4 OR MORE LANES, UNDIVIDED",False,65,SH0361,WET,CENTER STRIPE/DIVIDER,FOG
18171812,15893,False,15893,2023,PORT ARANSAS,DISTRACTION IN VEHICLE; DRIVER INATTENTION; FAILED TO CONTROL SPEED; FAILED TO DRIVE IN SINGLE LANE,226303,11.118,2021-03-29,0,3,0,0,N - NOT INJURED,0,0801,0,2021,MONDAY,18.837,0,FIXED OBJECT,TWO-WAY,08:00 - 08:59,,N/A,NON INTERSECTION,27.8142765,DAYLIGHT,YES,-97.07632349,ONE MOTOR VEHICLE - GOING STRAIGHT,NO MEDIAN,THREE ENTERING ROADS - T,2,HIT UTILITY POLE,True,ATTENTION DIVERTED FROM DRIVING,"2,500 - 4,999 POP",NO,0624,-0.913,US & STATE HIGHWAYS,"STRAIGHT, LEVEL",MINOR ARTERIAL,OFF ROADWAY,"2 LANE, 2 WAY",True,45,SH0361,DRY,STOP SIGN,CLOUDY
18185784,12050,False,12050,2023,CORPUS CHRISTI,FAILED TO CONTROL SPEED,226303,19.99,2021-04-03,0,4,0,0,N - NOT INJURED,0,2104,0,2021,SATURDAY,27.709,0,MOTOR VEHICLE IN TRANSPORT,TWO-WAY,21:00 - 21:59,,N/A,NON INTERSECTION,27.70590823,"DARK, NOT LIGHTED",YES,-97.15434557,SAME DIRECTION - BOTH GOING STRAIGHT-REAR END,NO MEDIAN,NOT APPLICABLE,5,NOT APPLICABLE,True,NOT APPLICABLE,"250,000 POP AND OVER",NO,0632,0.026,US & STATE HIGHWAYS,"STRAIGHT, LEVEL",MINOR ARTERIAL,ON ROADWAY,"4 OR MORE LANES, UNDIVIDED",False,65,SH0361,DRY,MARKED LANES,CLEAR
18221338,6181,False,6181,2023,ARANSAS PASS,FAILED TO CONTROL SPEED,226302,4.661,2021-04-05,0,4,0,0,N - NOT INJURED,0,1422,0,2021,MONDAY,15.098,0,MOTOR VEHICLE IN TRANSPORT,TWO-WAY,14:00 - 14:59,8000,SH8000,INTERSECTION RELATED,27.86001967,DAYLIGHT,YES,-97.08123619,SAME DIRECTION - ONE STRAIGHT-ONE LEFT TURN,NO MEDIAN,THREE ENTERING ROADS - T,2,NOT APPLICABLE,True,VEHICLE CHANGING LANES,"5,000 - 9,999 POP",NO,0618,0.719,US & STATE HIGHWAYS,"STRAIGHT, LEVEL",MINOR ARTERIAL,ON ROADWAY,"2 LANE, 2 WAY",False,55,SH0361,DRY,MARKED LANES,CLEAR
18195884,9764,False,9764,2023,PORT ARANSAS,DRIVER INATTENTION,226302,7.229,2021-04-06,0,4,0,0,N - NOT INJURED,0,1714,0,2021,TUESDAY,17.681,0,MOTOR VEHICLE IN TRANSPORT,TWO-WAY,17:00 - 17:59,,S ALISTER ST,INTERSECTION RELATED,27.82852232,DAYLIGHT,YES,-97.06750007,SAME DIRECTION - ONE STRAIGHT-ONE STOPPED,NO MEDIAN,NOT APPLICABLE,2,NOT APPLICABLE,True,"SLOWING/STOPPING - FOR OFFICER, FLAGMAN, OR TRAFFIC CONTROL","2,500 - 4,999 POP",NO,0622,-0.047,CITY STREET,"STRAIGHT, LEVEL",MINOR ARTERIAL,ON ROADWAY,"2 LANE, 2 WAY",True,35,SH0361,DRY,SIGNAL LIGHT,CLEAR
18191298,12050,False,12050,2023,CORPUS CHRISTI,FAILED TO CONTROL SPEED; FOLLOWED TOO CLOSELY,226303,14.715,2021-04-08,0,4,3,0,B - SUSPECTED MINOR INJURY,0,1631,3,2021,THURSDAY,22.434,0,MOTOR VEHICLE IN TRANSPORT,TWO-WAY,16:00 - 16:59,,N/A,NON INTERSECTION,27.77159594,DAYLIGHT,YES,-97.11005891,SAME DIRECTION - BOTH GOING STRAIGHT-REAR END,NO MEDIAN,THREE ENTERING ROADS - T,5,NOT APPLICABLE,True,SLOWING/STOPPING-FOR TRAFFIC,"250,000 POP AND OVER",NO,0626,0.722,US & STATE HIGHWAYS,"STRAIGHT, LEVEL",MINOR ARTERIAL,ON ROADWAY,"4 OR MORE LANES, UNDIVIDED",False,60,SH0361,DRY,NONE,CLOUDY
18212220,10439,True,10439,2023,CORPUS CHRISTI,FAILED TO YIELD RIGHT OF WAY - STOP SIGN;IMPAIRED VISIBILITY (EXPLAIN IN NARRATIVE),226303,26.723,2021-04-16,0,4,0,1,C - POSSIBLE INJURY,0,1058,1,2021,FRIDAY,34.442,0,MOTOR VEHICLE IN TRANSPORT,TWO-WAY,10:00 - 10:59,,ZAHN RD,INTERSECTION,27.62201986,DAYLIGHT,YES,-97.21077788,ANGLE - ONE STRAIGHT-ONE LEFT TURN,NO MEDIAN,THREE ENTERING ROADS - T,5,NOT APPLICABLE,True,VISION OBSTRUCTED BY STANDING OR PARKED VEHICLE,"250,000 POP AND OVER",NO,0638,0.76,US & STATE HIGHWAYS,"STRAIGHT, LEVEL",MINOR ARTERIAL,ON ROADWAY,"4 OR MORE LANES, UNDIVIDED",False,40,SH0361,DRY,STOP SIGN,CLOUDY
18216250,10439,False,10439,2023,CORPUS CHRISTI,FAILED TO DRIVE IN SINGLE LANE,226303,22.904,2021-04-20,0,4,0,0,N - NOT INJURED,0,2015,0,2021,TUESDAY,30.623,0,MOTOR VEHICLE IN TRANSPORT,TWO-WAY,20:00 - 20:59,,N/A,NON INTERSECTION,27.66957813,"DARK, NOT LIGHTED",YES,-97.17874602,OPPOSITE DIRECTION - BOTH GOING STRAIGHT,NO MEDIAN,NOT APPLICABLE,5,NOT APPLICABLE,True,NOT APPLICABLE,"250,000 POP AND OVER",NO,0634,0.94,US & STATE HIGHWAYS,"STRAIGHT, LEVEL",MINOR ARTERIAL,ON ROADWAY,"4 OR MORE LANES, UNDIVIDED",False,60,SH0361,DRY,MARKED LANES,CLEAR
18227449,12050,False,12050,2023,CORPUS CHRISTI,FAILED TO CONTROL SPEED,226303,19.882,2021-04-25,0,4,0,0,N - NOT INJURED,0,1241,0,2021,SUNDAY,27.601,0,MOTOR VEHICLE IN TRANSPORT,TWO-WAY,12:00 - 12:59,,N/A,NON INTERSECTION,27.70724998,DAYLIGHT,YES,-97.15343828,SAME DIRECTION - BOTH GOING STRAIGHT-REAR END,NO MEDIAN,NOT APPLICABLE,5,NOT APPLICABLE,True,SLOWING/STOPPING-FOR TRAFFIC,"250,000 POP AND OVER",NO,0632,-0.082,US & STATE HIGHWAYS,"STRAIGHT, GRADE",MINOR ARTERIAL,ON ROADWAY,"4 OR MORE LANES, UNDIVIDED",False,60,SH0361,DRY,CENTER STRIPE/DIVIDER,CLEAR
18242697,6181,False,6181,2023,ARANSAS PASS,DRIVER INATTENTION; TURNED WHEN UNSAFE,226302,1.668,2021-04-25,0,4,1,0,B - SUSPECTED MINOR INJURY,0,1542,1,2021,SUNDAY,12.105,0,MOTOR VEHICLE IN TRANSPORT,TWO-WAY,15:00 - 15:59,,N/A,NON INTERSECTION,27.89100677,DAYLIGHT,YES,-97.11456324,SAME DIRECTION - ONE STRAIGHT-ONE LEFT TURN,NO MEDIAN,OTHER (EXPLAIN IN NARRATIVE),2,NOT APPLICABLE,True,ATTENTION DIVERTED FROM DRIVING,"5,000 - 9,999 POP",NO,0616,-0.203,US & STATE HIGHWAYS,"STRAIGHT, LEVEL",MINOR ARTERIAL,ON ROADWAY,"2 LANE, 2 WAY",False,55,SH0361,DRY,MARKED LANES,CLEAR
18228275,9764,True,9764,2023,PORT ARANSAS,NONE,226302,7.136,2021-04-28,0,4,0,0,N - NOT INJURED,0,1655,0,2021,WEDNESDAY,17.588,0,MOTOR VEHICLE IN TRANSPORT,TWO-WAY,16:00 - 16:59,,UNKNOWN,INTERSECTION RELATED,27.8293669,DAYLIGHT,YES,-97.06868322,ANGLE - ONE STRAIGHT-ONE LEFT TURN,NO MEDIAN,THREE ENTERING ROADS - T,2,NOT APPLICABLE,True,NOT APPLICABLE,"2,500 - 4,999 POP",NO,0622,-0.14,CITY STREET,"STRAIGHT, LEVEL",MINOR ARTERIAL,ON ROADWAY,"2 LANE, 2 WAY",True,30,SH0361,DRY,STOP SIGN,CLEAR
18261612,10439,False,10439,2023,CORPUS CHRISTI,UNSAFE SPEED,226303,24.645,2021-05-01,0,5,0,0,N - NOT INJURED,0,1416,0,2021,SATURDAY,32.364,0,FIXED OBJECT,TWO-WAY,14:00 - 14:59,,N/A,NON INTERSECTION,27.64788059,DAYLIGHT,YES,-97.19329878,ONE MOTOR VEHICLE - GOING STRAIGHT,NO MEDIAN,NOT APPLICABLE,5,DITCH,True,"LOST CONTROL OR SKIDDED (ICY OR SLICK ROAD, ETC.)","250,000 POP AND OVER",NO,0636,0.681,US & STATE HIGHWAYS,"STRAIGHT, LEVEL",MINOR ARTERIAL,OFF ROADWAY,"4 OR MORE LANES, UNDIVIDED",False,65,SH0361,WET,CENTER STRIPE/DIVIDER,RAIN
18236893,9764,True,9764,2023,PORT ARANSAS,NONE,226302,7.266,2021-05-03,0,5,0,0,N - NOT INJURED,0,2230,0,2021,MONDAY,17.718,0,MOTOR VEHICLE IN TRANSPORT,TWO-WAY,22:00 - 22:59,,S ALISTER ST,INTERSECTION RELATED,27.82817809,"DARK, LIGHTED",YES,-97.06701784,ANGLE - ONE LEFT TURN-ONE STOPPED,NO MEDIAN,THREE ENTERING ROADS - Y,2,NOT APPLICABLE,True,"SLOWING/STOPPING - FOR OFFICER, FLAGMAN, OR TRAFFIC CONTROL","2,500 - 4,999 POP",NO,0622,-0.01,CITY STREET,"STRAIGHT, LEVEL",MINOR ARTERIAL,ON ROADWAY,"2 LANE, 2 WAY",True,30,SH0361,DRY,SIGNAL LIGHT,CLOUDY
18245199,15893,True,15893,2023,PORT ARANSAS,FAILED TO YIELD RIGHT OF WAY - STOP SIGN,226303,10.885,2021-05-07,0,5,0,1,C - POSSIBLE INJURY,0,1328,1,2021,FRIDAY,18.604,0,MOTOR VEHICLE IN TRANSPORT,TWO-WAY,13:00 - 13:59,,UNKNOWN,INTERSECTION,27.81728134,DAYLIGHT,YES,-97.07459896,ANGLE - ONE STRAIGHT-ONE LEFT TURN,NO MEDIAN,THREE ENTERING ROADS - T,2,NOT APPLICABLE,True,VISION OBSTRUCTED BY MOVING VEHICLE,"2,500 - 4,999 POP",NO,0622,0.876,US & STATE HIGHWAYS,"STRAIGHT, LEVEL",MINOR ARTERIAL,ON ROADWAY,"2 LANE, 2 WAY",True,45,SH0361,DRY,STOP SIGN,CLEAR
18255091,12050,False,12050,2023,CORPUS CHRISTI,FAILED TO DRIVE IN SINGLE LANE,226303,18.037,2021-05-14,0,5,0,0,N - NOT INJURED,0,0041,0,2021,FRIDAY,25.756,0,FIXED OBJECT,TWO-WAY,00:00 - 00:59,,N/A,NON INTERSECTION,27.73022045,"DARK, NOT LIGHTED",YES,-97.13795682,ONE MOTOR VEHICLE - GOING STRAIGHT,NO MEDIAN,NOT APPLICABLE,5,DITCH,True,SWERVED OR VEERED-REASON NOT SPECIFIED,"250,000 POP AND OVER",NO,0630,0.024,US & STATE HIGHWAYS,"STRAIGHT, LEVEL",MINOR ARTERIAL,OFF ROADWAY,"4 OR MORE LANES, UNDIVIDED",False,60,SH0361,DRY,MARKED LANES,CLEAR
18256721,5888,False,5888,2023,PORT ARANSAS,FAILED TO CONTROL SPEED; ILL (EXPLAIN IN NARRATIVE),226302,6.684,2021-05-14,0,5,1,4,B - SUSPECTED MINOR INJURY,0,1448,5,2021,FRIDAY,17.136,0,MOTOR VEHICLE IN TRANSPORT,TWO-WAY,14:00 - 14:59,,N/A,NON INTERSECTION,27.83478571,DAYLIGHT,YES,-97.07072524,SAME DIRECTION - ONE STRAIGHT-ONE STOPPED,NO MEDIAN,OTHER (EXPLAIN IN NARRATIVE),2,NOT APPLICABLE,True,ATTENTION DIVERTED FROM DRIVING,"2,500 - 4,999 POP",NO,0622,-0.592,US & STATE HIGHWAYS,"STRAIGHT, LEVEL",MINOR ARTERIAL,ON ROADWAY,"2 LANE, 2 WAY",True,15,SH0361,DRY,FLAGMAN,CLEAR
18265716,10439,False,10439,2023,CORPUS CHRISTI,FAILED TO DRIVE IN SINGLE LANE,226303,20.333,2021-05-15,0,5,0,0,N - NOT INJURED,0,1525,0,2021,SATURDAY,28.052,0,MOTOR VEHICLE IN TRANSPORT,TWO-WAY,15:00 - 15:59,,N/A,NON INTERSECTION,27.70161603,DAYLIGHT,YES,-97.15719456,OPPOSITE DIRECTION - BOTH GOING STRAIGHT,NO MEDIAN,NOT APPLICABLE,5,NOT APPLICABLE,True,NOT APPLICABLE,"250,000 POP AND OVER",NO,0632,0.369,US & STATE HIGHWAYS,"STRAIGHT, LEVEL",MINOR ARTERIAL,ON ROADWAY,"4 OR MORE LANES, UNDIVIDED",False,60,SH0361,DRY,MARKED LANES,CLEAR
18259960,15893,False,15893,2023,PORT ARANSAS,FAILED TO CONTROL SPEED;OTHER (EXPLAIN IN NARRATIVE),226303,10.961,2021-05-16,0,5,0,0,N - NOT INJURED,0,1509,0,2021,SUNDAY,18.68,0,FIXED OBJECT,TWO-WAY,15:00 - 15:59,,N/A,DRIVEWAY ACCESS,27.81630549,DAYLIGHT,YES,-97.07516028,ONE MOTOR VEHICLE - TURNING LEFT,NO MEDIAN,FOUR ENTERING ROADS,2,"HIT HOUSE, BUILDING, OR BUILDING FIXTURE",True,ONE VEHICLE ENTERING DRIVEWAY,"2,500 - 4,999 POP",NO,0622,0.952,CITY STREET,"STRAIGHT, LEVEL",MINOR ARTERIAL,OFF ROADWAY,"2 LANE, 2 WAY",True,30,SH0361,WET,STOP SIGN,RAIN
18262705,10439,False,10439,2023,CORPUS CHRISTI,FAILED TO CONTROL SPEED,226303,22.656,2021-05-16,0,5,0,0,N - NOT INJURED,0,1228,0,2021,SUNDAY,30.375,0,MOTOR VEHICLE IN TRANSPORT,TWO-WAY,12:00 - 12:59,,N/A,NON INTERSECTION,27.67266699,DAYLIGHT,YES,-97.17666452,SAME DIRECTION - BOTH GOING STRAIGHT-REAR END,NO MEDIAN,NOT APPLICABLE,5,NOT APPLICABLE,True,SLOWING/STOPPING-FOR TRAFFIC,"250,000 POP AND OVER",NO,0634,0.692,US & STATE HIGHWAYS,"STRAIGHT, LEVEL",MINOR ARTERIAL,ON ROADWAY,"4 OR MORE LANES, UNDIVIDED",False,65,SH0361,WET,CENTER STRIPE/DIVIDER,RAIN
18272833,15893,False,15893,2023,PORT ARANSAS,CHANGED LANE WHEN UNSAFE;FAILED TO CONTROL SPEED;FAULTY EVASIVE ACTION;OTHER (EXPLAIN IN NARRATIVE),226303,11.035,2021-05-21,0,5,0,0,N - NOT INJURED,0,1233,0,2021,FRIDAY,18.754,0,MOTOR VEHICLE IN TRANSPORT,TWO-WAY,12:00 - 12:59,,N/A,DRIVEWAY ACCESS,27.81534437,DAYLIGHT,YES,-97.07571312,SAME DIRECTION - BOTH GOING STRAIGHT-SIDESWIPE,NO MEDIAN,THREE ENTERING ROADS - T,2,NOT APPLICABLE,True,SWERVED OR VEERED - AVOIDING VEHICLE FROM OPPOSITE DIRECTION IN WRONG LANE,"2,500 - 4,999 POP",NO,0624,-0.996,US & STATE HIGHWAYS,"STRAIGHT, LEVEL",MINOR ARTERIAL,ON ROADWAY,"2 LANE, 2 WAY",True,45,SH0361,DRY,STOP SIGN,CLOUDY
18272980,10439,True,10439,2023,CORPUS CHRISTI,FAILED TO YIELD RIGHT OF WAY - STOP SIGN,226303,26.723,2021-05-22,0,5,2,0,B - SUSPECTED MINOR INJURY,0,2106,2,2021,SATURDAY,34.442,0,MOTOR VEHICLE IN TRANSPORT,TWO-WAY,21:00 - 21:59,,ZAHN RD,INTERSECTION,27.62201986,"DARK, LIGHTED",YES,-97.21077788,ANGLE - ONE STRAIGHT-ONE LEFT TURN,NO MEDIAN,THREE ENTERING ROADS - T,5,NOT APPLICABLE,True,NOT APPLICABLE,"250,000 POP AND OVER",NO,0638,0.76,US & STATE HIGHWAYS,"STRAIGHT, LEVEL",MINOR ARTERIAL,ON ROADWAY,"4 OR MORE LANES, UNDIVIDED",False,60,SH0361,DRY,STOP SIGN,CLOUDY
18274571,15893,False,15893,2023,PORT ARANSAS,DRIVER INATTENTION;FAILED TO YIELD RIGHT OF WAY - TURNING LEFT,226303,12.341,2021-05-23,0,5,0,0,N - NOT INJURED,0,1755,0,2021,SUNDAY,20.06,0,FIXED OBJECT,BOULEVARD,17:00 - 17:59,,GULFWIND DR,INTERSECTION RELATED,27.79986902,DAYLIGHT,YES,-97.08794643,ONE MOTOR VEHICLE - GOING STRAIGHT,CURBED,THREE ENTERING ROADS - T,4,DITCH,True,SWERVED OR VEERED-AVOIDING VEHICLE ENTERING ROAD,"2,500 - 4,999 POP",NO,0624,0.31,US & STATE HIGHWAYS,"STRAIGHT, LEVEL",MINOR ARTERIAL,OFF ROADWAY,"4 OR MORE LANES, DIVIDED",True,60,SH0361,DRY,MARKED LANES,CLEAR
18277078,10439,False,10439,2023,CORPUS CHRISTI,CHANGED LANE WHEN UNSAFE,226303,27.242,2021-05-26,0,5,0,0,N - NOT INJURED,0,0905,0,2021,WEDNESDAY,34.961,0,MOTOR VEHICLE IN TRANSPORT,TWO-WAY,09:00 - 09:59,,N/A,NON INTERSECTION,27.61797237,DAYLIGHT,YES,-97.21760066,SAME DIRECTION - BOTH GOING STRAIGHT-SIDESWIPE,NO MEDIAN,NOT APPLICABLE,5,NOT APPLICABLE,True,VEHICLE CHANGING LANES,"250,000 POP AND OVER",NO,0638,1.279,US & STATE HIGHWAYS,"STRAIGHT, GRADE",MINOR ARTERIAL,ON ROADWAY,"4 OR MORE LANES, UNDIVIDED",False,40,SH0361,DRY,MARKED LANES,CLEAR
18278931,5888,False,5888,2023,PORT ARANSAS,DRIVER INATTENTION; FAILED TO CONTROL SPEED,226302,6.36,2021-05-26,0,5,0,1,C - POSSIBLE INJURY,0,1258,1,2021,WEDNESDAY,16.812,0,MOTOR VEHICLE IN TRANSPORT,TWO-WAY,12:00 - 12:59,,N/A,DRIVEWAY ACCESS,27.8384539,DAYLIGHT,YES,-97.06853796,ANGLE - ONE STRAIGHT-ONE LEFT TURN,NO MEDIAN,THREE ENTERING ROADS - T,4,NOT APPLICABLE,True,ONE VEHICLE LEAVING DRIVEWAY,"2,500 - 4,999 POP",NO,0620,0.545,US & STATE HIGHWAYS,"STRAIGHT, LEVEL",MINOR ARTERIAL,ON ROADWAY,"4 OR MORE LANES, UNDIVIDED",True,55,SH0361,DRY,SIGNAL LIGHT WITH RED LIGHT RUNNING CAMERA,CLEAR
18289128,10439,True,10439,2023,CORPUS CHRISTI,FAILED TO YIELD RIGHT OF WAY - TURNING LEFT,226303,26.723,2021-05-28,0,5,2,0,B - SUSPECTED MINOR INJURY,0,2045,2,2021,FRIDAY,34.442,0,MOTOR VEHICLE IN TRANSPORT,TWO-WAY,20:00 - 20:59,,ZAHN RD,INTERSECTION,27.62201986,"DARK, LIGHTED",YES,-97.21077788,ANGLE - ONE STRAIGHT-ONE LEFT TURN,NO MEDIAN,THREE ENTERING ROADS - T,5,NOT APPLICABLE,True,NOT APPLICABLE,"250,000 POP AND OVER",NO,0638,0.76,US & STATE HIGHWAYS,"STRAIGHT, LEVEL",MINOR ARTERIAL,ON ROADWAY,"4 OR MORE LANES, UNDIVIDED",False,65,SH0361,DRY,MARKED LANES,CLEAR
18289242,10439,True,10439,2023,CORPUS CHRISTI,FAILED TO DRIVE IN SINGLE LANE,226303,26.723,2021-05-28,0,5,0,0,N - NOT INJURED,0,2126,0,2021,FRIDAY,34.442,0,FIXED OBJECT,TWO-WAY,21:00 - 21:59,,ZAHN RD,INTERSECTION,27.62201986,"DARK, LIGHTED",YES,-97.21077788,ONE MOTOR VEHICLE - TURNING LEFT,NO MEDIAN,THREE ENTERING ROADS - T,5,HIT OTHER FIXED OBJECT,True,NOT APPLICABLE,"250,000 POP AND OVER",NO,0638,0.76,US & STATE HIGHWAYS,"STRAIGHT, LEVEL",MINOR ARTERIAL,ON ROADWAY,"4 OR MORE LANES, UNDIVIDED",False,60,SH0361,DRY,MARKED LANES,CLEAR
18282431,14248,False,14248,2023,PORT ARANSAS,DRIVER INATTENTION;FAILED TO YIELD RIGHT OF WAY - PRIVATE DRIVE,226303,10.126,2021-05-29,0,5,0,0,N - NOT INJURED,0,1954,0,2021,SATURDAY,17.845,0,MOTOR VEHICLE IN TRANSPORT,TWO-WAY,19:00 - 19:59,,N/A,DRIVEWAY ACCESS,27.82674121,DAYLIGHT,YES,-97.0682905,ANGLE - BOTH GOING STRAIGHT,NO MEDIAN,THREE ENTERING ROADS - T,2,NOT APPLICABLE,True,ONE VEHICLE LEAVING DRIVEWAY,"2,500 - 4,999 POP",NO,0622,0.117,US & STATE HIGHWAYS,"STRAIGHT, LEVEL",MINOR ARTERIAL,ON ROADWAY,"2 LANE, 2 WAY",True,45,SH0361,DRY,NONE,CLEAR
18288770,10439,False,10439,2023,CORPUS CHRISTI,FAILED TO CONTROL SPEED,226303,24.635,2021-05-30,0,5,0,0,N - NOT INJURED,0,2101,0,2021,SUNDAY,32.354,0,MOTOR VEHICLE IN TRANSPORT,TWO-WAY,21:00 - 21:59,,N/A,NON INTERSECTION,27.64800022,"DARK, NOT LIGHTED",YES,-97.19322085,SAME DIRECTION - BOTH GOING STRAIGHT-REAR END,NO MEDIAN,NOT APPLICABLE,5,NOT APPLICABLE,True,NOT APPLICABLE,"250,000 POP AND OVER",NO,0636,0.671,US & STATE HIGHWAYS,"STRAIGHT, LEVEL",MINOR ARTERIAL,ON ROADWAY,"4 OR MORE LANES, UNDIVIDED",False,60,SH0361,DRY,MARKED LANES,CLEAR
18285125,15893,True,15893,2023,PORT ARANSAS,FAILED TO CONTROL SPEED,226303,11.783,2021-05-31,0,5,0,0,N - NOT INJURED,0,1743,0,2021,MONDAY,19.502,0,MOTOR VEHICLE IN TRANSPORT,BOULEVARD,17:00 - 17:59,,UNKNOWN,INTERSECTION RELATED,27.80636734,DAYLIGHT,YES,-97.08248406,SAME DIRECTION - ONE STRAIGHT-ONE STOPPED,CURBED,FOUR ENTERING ROADS,4,NOT APPLICABLE,True,"SLOWING/STOPPING - FOR OFFICER, FLAGMAN, OR TRAFFIC CONTROL","2,500 - 4,999 POP",NO,0624,-0.248,US & STATE HIGHWAYS,"STRAIGHT, LEVEL",MINOR ARTERIAL,ON ROADWAY,"4 OR MORE LANES, DIVIDED",True,45,SH0361,DRY,SIGNAL LIGHT,CLEAR
18294257,,False,,,PORT ARANSAS,DISREGARD STOP AND GO SIGNAL; DRIVER INATTENTION; FAULTY EVASIVE ACTION,,,2021-06-02,0,6,0,0,N - NOT INJURED,0,1149,0,2021,WEDNESDAY,,0,MOTOR VEHICLE IN TRANSPORT,,11:00 - 11:59,,N/A,DRIVEWAY ACCESS,,DAYLIGHT,?0,,OPPOSITE DIRECTION - BOTH GOING STRAIGHT,,THREE ENTERING ROADS - T,,NOT APPLICABLE,True,SWERVED OR VEERED-AVOIDING VEHICLE ENTERING ROAD,"2,500 - 4,999 POP",NO,,,US & STATE HIGHWAYS,"STRAIGHT, LEVEL",,ON ROADWAY,,True,45,SH0361,DRY,SIGNAL LIGHT,CLEAR
18294273,15893,False,15893,2023,PORT ARANSAS,DRIVER INATTENTION,226303,11.413,2021-06-02,0,6,0,0,N - NOT INJURED,0,2137,0,2021,WEDNESDAY,19.132,0,MOTOR VEHICLE IN TRANSPORT,BOULEVARD,21:00 - 21:59,,N/A,NON INTERSECTION,27.8105789,"DARK, LIGHTED",YES,-97.07874544,SAME DIRECTION - BOTH GOING STRAIGHT-SIDESWIPE,CURBED,NOT APPLICABLE,4,NOT APPLICABLE,True,ATTENTION DIVERTED FROM DRIVING,"2,500 - 4,999 POP",NO,0624,-0.618,US & STATE HIGHWAYS,"STRAIGHT, LEVEL",MINOR ARTERIAL,ON ROADWAY,"4 OR MORE LANES, DIVIDED",True,45,SH0361,DRY,MARKED LANES,CLOUDY
18299275,9764,True,9764,2023,PORT ARANSAS,DISTRACTION IN VEHICLE; FAILED TO CONTROL SPEED,226302,7.266,2021-06-05,0,6,0,0,N - NOT INJURED,0,0819,0,2021,SATURDAY,17.718,0,MOTOR VEHICLE IN TRANSPORT,TWO-WAY,08:00 - 08:59,,W AVENUE G,INTERSECTION RELATED,27.82817809,DAYLIGHT,YES,-97.06701784,SAME DIRECTION - ONE STRAIGHT-ONE STOPPED,NO MEDIAN,FOUR ENTERING ROADS,2,NOT APPLICABLE,True,"SLOWING/STOPPING - FOR OFFICER, FLAGMAN, OR TRAFFIC CONTROL","2,500 - 4,999 POP",NO,0622,-0.01,US & STATE HIGHWAYS,"STRAIGHT, LEVEL",MINOR ARTERIAL,ON ROADWAY,"2 LANE, 2 WAY",True,35,SH0361,DRY,SIGNAL LIGHT,CLOUDY
18299259,15893,True,15893,2023,PORT ARANSAS,DRIVER INATTENTION,226303,11.165,2021-06-06,0,6,0,1,C - POSSIBLE INJURY,0,1758,1,2021,SUNDAY,18.884,0,MOTOR VEHICLE IN TRANSPORT,TWO-WAY,17:00 - 17:59,,ROYAL PALM DR,INTERSECTION RELATED,27.8136623,DAYLIGHT,YES,-97.07666772,SAME DIRECTION - ONE STRAIGHT-ONE STOPPED,NO MEDIAN,THREE ENTERING ROADS - T,2,NOT APPLICABLE,True,"SLOWING/STOPPING - FOR OFFICER, FLAGMAN, OR TRAFFIC CONTROL","2,500 - 4,999 POP",NO,0624,-0.866,US & STATE HIGHWAYS,"STRAIGHT, LEVEL",MINOR ARTERIAL,ON ROADWAY,"2 LANE, 2 WAY",True,30,SH0361,DRY,STOP SIGN,CLEAR
18299272,15893,False,15893,2023,PORT ARANSAS,CHANGED LANE WHEN UNSAFE,226303,12.196,2021-06-07,0,6,1,0,B - SUSPECTED MINOR INJURY,0,1116,1,2021,MONDAY,19.915,0,MOTOR VEHICLE IN TRANSPORT,BOULEVARD,11:00 - 11:59,,N/A,NON INTERSECTION,27.80155339,DAYLIGHT,YES,-97.08653103,SAME DIRECTION - BOTH GOING STRAIGHT-SIDESWIPE,CURBED,NOT APPLICABLE,4,NOT APPLICABLE,True,VEHICLE CHANGING LANES,"2,500 - 4,999 POP",NO,0624,0.165,US & STATE HIGHWAYS,"STRAIGHT, LEVEL",MINOR ARTERIAL,ON ROADWAY,"4 OR MORE LANES, DIVIDED",True,55,SH0361,DRY,NONE,CLEAR
18299286,14248,False,14248,2023,PORT ARANSAS,CHANGED LANE WHEN UNSAFE,226302,7.267,2021-06-08,0,6,2,0,B - SUSPECTED MINOR INJURY,0,1609,2,2021,TUESDAY,17.719,0,MOTOR VEHICLE IN TRANSPORT,TWO-WAY,16:00 - 16:59,,N/A,NON INTERSECTION,27.82817494,DAYLIGHT,YES,-97.06701344,SAME DIRECTION - BOTH GOING STRAIGHT-SIDESWIPE,NO MEDIAN,THREE ENTERING ROADS - T,2,NOT APPLICABLE,True,VEHICLE CHANGING LANES,"2,500 - 4,999 POP",NO,0622,-0.009,US & STATE HIGHWAYS,"STRAIGHT, LEVEL",MINOR ARTERIAL,ON ROADWAY,"2 LANE, 2 WAY",True,35,SH0361,DRY,NONE,CLEAR
18315063,10439,False,10439,2023,CORPUS CHRISTI,CHANGED LANE WHEN UNSAFE; UNDER INFLUENCE - ALCOHOL,226303,20.799,2021-06-12,0,6,0,1,C - POSSIBLE INJURY,0,1729,1,2021,SATURDAY,28.518,0,MOTOR VEHICLE IN TRANSPORT,TWO-WAY,17:00 - 17:59,,N/A,NON INTERSECTION,27.69582026,DAYLIGHT,YES,-97.16110435,SAME DIRECTION - BOTH GOING STRAIGHT-SIDESWIPE,NO MEDIAN,THREE ENTERING ROADS - T,5,NOT APPLICABLE,True,VEHICLE CHANGING LANES,"250,000 POP AND OVER",NO,0632,0.835,US & STATE HIGHWAYS,"STRAIGHT, LEVEL",MINOR ARTERIAL,ON ROADWAY,"4 OR MORE LANES, UNDIVIDED",False,60,SH0361,DRY,MARKED LANES,CLEAR
18309450,15893,False,15893,2023,PORT ARANSAS,DRIVER INATTENTION;UNSAFE SPEED,226303,11.568,2021-06-13,0,6,1,0,B - SUSPECTED MINOR INJURY,0,0232,1,2021,SUNDAY,19.287,0,OVERTURNED,BOULEVARD,02:00 - 02:59,,N/A,NON INTERSECTION,27.80881017,"DARK, LIGHTED",YES,-97.0803053,ONE MOTOR VEHICLE - GOING STRAIGHT,CURBED,FOUR ENTERING ROADS,4,OVERTURNED,True,ATTENTION DIVERTED FROM DRIVING,"2,500 - 4,999 POP",NO,0624,-0.463,US & STATE HIGHWAYS,"STRAIGHT, LEVEL",MINOR ARTERIAL,ON ROADWAY,"4 OR MORE LANES, DIVIDED",True,55,SH0361,DRY,SIGNAL LIGHT,CLEAR
18318683,14248,False,14248,2023,PORT ARANSAS,DRIVER INATTENTION;FAILED TO PASS TO LEFT SAFELY;UNSAFE SPEED,226302,7.267,2021-06-15,0,6,0,0,N - NOT INJURED,0,1755,0,2021,TUESDAY,17.719,0,MOTOR VEHICLE IN TRANSPORT,TWO-WAY,17:00 - 17:59,,N/A,NON INTERSECTION,27.828172,DAYLIGHT,YES,-97.06700932,SAME DIRECTION - BOTH GOING STRAIGHT-SIDESWIPE,NO MEDIAN,FOUR ENTERING ROADS,2,NOT APPLICABLE,True,VEHICLE PASSING OR ATTEMPTING TO PASS ON LEFT,"2,500 - 4,999 POP",NO,0622,-0.009,CITY STREET,"STRAIGHT, GRADE",MINOR ARTERIAL,ON ROADWAY,"2 LANE, 2 WAY",True,30,SH0361,DRY,CENTER STRIPE/DIVIDER,CLEAR
18318667,15893,False,15893,2023,PORT ARANSAS,FAULTY EVASIVE ACTION;UNSAFE SPEED,226303,10.66,2021-06-18,0,6,0,0,N - NOT INJURED,0,1155,0,2021,FRIDAY,18.379,0,MOTOR VEHICLE IN TRANSPORT,TWO-WAY,11:00 - 11:59,,N/A,DRIVEWAY ACCESS,27.8201904,DAYLIGHT,YES,-97.07293762,SAME DIRECTION - BOTH GOING STRAIGHT-REAR END,NO MEDIAN,THREE ENTERING ROADS - T,2,NOT APPLICABLE,True,SLOWING/STOPPING-FOR TRAFFIC,"2,500 - 4,999 POP",NO,0622,0.651,US & STATE HIGHWAYS,"STRAIGHT, LEVEL",MINOR ARTERIAL,ON ROADWAY,"2 LANE, 2 WAY",True,45,SH0361,DRY,NONE,CLEAR
18318687,15893,True,15893,2023,PORT ARANSAS,FAILED TO YIELD RIGHT OF WAY - STOP SIGN,226303,12.038,2021-06-18,0,6,0,0,N - NOT INJURED,0,1435,0,2021,FRIDAY,19.757,0,MOTOR VEHICLE IN TRANSPORT,BOULEVARD,14:00 - 14:59,,UNKNOWN,INTERSECTION,27.80338938,DAYLIGHT,YES,-97.08498763,ANGLE - BOTH GOING STRAIGHT,CURBED,THREE ENTERING ROADS - T,4,NOT APPLICABLE,True,NOT APPLICABLE,"2,500 - 4,999 POP",NO,0624,0.007,US & STATE HIGHWAYS,"STRAIGHT, LEVEL",MINOR ARTERIAL,ON ROADWAY,"4 OR MORE LANES, DIVIDED",True,55,SH0361,DRY,STOP SIGN,CLEAR
18333738,10439,False,10439,2023,CORPUS CHRISTI,FAILED TO YIELD RIGHT OF WAY - PRIVATE DRIVE,226303,27.451,2021-06-26,0,6,0,1,C - POSSIBLE INJURY,0,1933,1,2021,SATURDAY,35.17,0,MOTOR VEHICLE IN TRANSPORT,TWO-WAY,19:00 - 19:59,,N/A,DRIVEWAY ACCESS,27.61787862,DAYLIGHT,YES,-97.22100159,ANGLE - ONE STRAIGHT-ONE LEFT TURN,NO MEDIAN,NOT APPLICABLE,5,NOT APPLICABLE,True,ONE VEHICLE LEAVING DRIVEWAY,"250,000 POP AND OVER",NO,0638,1.488,US & STATE HIGHWAYS,"STRAIGHT, LEVEL",MINOR ARTERIAL,ON ROADWAY,"4 OR MORE LANES, UNDIVIDED",False,55,SH0361,DRY,MARKED LANES,CLEAR
18338597,9764,False,9764,2023,PORT ARANSAS,FAILED TO CONTROL SPEED,226302,7.143,2021-06-26,0,6,0,0,N - NOT INJURED,0,2130,0,2021,SATURDAY,17.595,0,MOTOR VEHICLE IN TRANSPORT,TWO-WAY,21:00 - 21:59,,N/A,NON INTERSECTION,27.82930647,DAYLIGHT,YES,-97.06859857,SAME DIRECTION - ONE STRAIGHT-ONE STOPPED,NO MEDIAN,THREE ENTERING ROADS - T,2,NOT APPLICABLE,True,SLOWING/STOPPING-FOR TRAFFIC,"2,500 - 4,999 POP",NO,0622,-0.133,CITY STREET,"STRAIGHT, LEVEL",MINOR ARTERIAL,ON ROADWAY,"2 LANE, 2 WAY",True,35,SH0361,DRY,CENTER STRIPE/DIVIDER,CLEAR
18350682,12050,True,12050,2023,CORPUS CHRISTI,FAILED TO CONTROL SPEED,226303,18.054,2021-06-29,0,6,1,2,B - SUSPECTED MINOR INJURY,0,1326,3,2021,TUESDAY,25.773,0,MOTOR VEHICLE IN TRANSPORT,TWO-WAY,13:00 - 13:59,,BEACH VIEW DR,INTERSECTION RELATED,27.73001644,DAYLIGHT,YES,-97.13809444,SAME DIRECTION - BOTH GOING STRAIGHT-SIDESWIPE,NO MEDIAN,THREE ENTERING ROADS - T,5,NOT APPLICABLE,True,SLOWING/STOPPING-TO MAKE LEFT TURN,"250,000 POP AND OVER",NO,0630,0.041,US & STATE HIGHWAYS,"STRAIGHT, LEVEL",MINOR ARTERIAL,ON ROADWAY,"4 OR MORE LANES, UNDIVIDED",False,65,SH0361,DRY,MARKED LANES,CLOUDY
18353217,9764,False,9764,2023,PORT ARANSAS,DRIVER INATTENTION; FAILED TO CONTROL SPEED,226302,7.183,2021-07-02,0,7,0,1,C - POSSIBLE INJURY,0,1630,1,2021,FRIDAY,17.635,0,MOTOR VEHICLE IN TRANSPORT,TWO-WAY,16:00 - 16:59,,N/A,NON INTERSECTION,27.82894061,DAYLIGHT,YES,-97.06808604,SAME DIRECTION - ONE STRAIGHT-ONE STOPPED,NO MEDIAN,NOT APPLICABLE,2,NOT APPLICABLE,True,SLOWING/STOPPING-FOR TRAFFIC,"2,500 - 4,999 POP",NO,0622,-0.093,CITY STREET,"STRAIGHT, LEVEL",MINOR ARTERIAL,ON ROADWAY,"2 LANE, 2 WAY",True,30,SH0361,DRY,MARKED LANES,CLEAR
18347420,15893,True,15893,2023,PORT ARANSAS,FAILED TO YIELD RIGHT OF WAY - TURNING LEFT,226303,11.782,2021-07-04,0,7,0,0,N - NOT INJURED,0,1126,0,2021,SUNDAY,19.501,0,MOTOR VEHICLE IN TRANSPORT,BOULEVARD,11:00 - 11:59,,UNKNOWN,INTERSECTION,27.80637738,DAYLIGHT,YES,-97.08247511,OPPOSITE DIRECTION - ONE STRAIGHT-ONE LEFT TURN,CURBED,FOUR ENTERING ROADS,4,NOT APPLICABLE,True,NOT APPLICABLE,"2,500 - 4,999 POP",NO,0624,-0.249,US & STATE HIGHWAYS,"STRAIGHT, LEVEL",MINOR ARTERIAL,ON ROADWAY,"4 OR MORE LANES, DIVIDED",True,55,SH0361,DRY,SIGNAL LIGHT,CLEAR
18358114,,False,,,ARANSAS PASS,FATIGUED OR ASLEEP; IMPAIRED VISIBILITY (EXPLAIN IN NARRATIVE),,,2021-07-04,0,7,0,0,N - NOT INJURED,0,2034,0,2021,SUNDAY,,0,PARKED CAR,,20:00 - 20:59,,N/A,NON INTERSECTION,,"DARK, NOT LIGHTED",?0,,ONE MOTOR VEHICLE - GOING STRAIGHT,,NOT APPLICABLE,,NOT APPLICABLE,True,NOT APPLICABLE,"5,000 - 9,999 POP",NO,,,US & STATE HIGHWAYS,"STRAIGHT, LEVEL",,SHOULDER,,False,55,SH0361,WET,MARKED LANES,RAIN
18351445,10439,False,10439,2023,CORPUS CHRISTI,FAILED TO CONTROL SPEED;FAILED TO YIELD RIGHT OF WAY - TURNING LEFT,226303,27.198,2021-07-05,0,7,0,0,N - NOT INJURED,0,0611,0,2021,MONDAY,34.917,0,MOTOR VEHICLE IN TRANSPORT,TWO-WAY,06:00 - 06:59,,N/A,DRIVEWAY ACCESS,27.61809583,DAWN,YES,-97.2169034,SAME DIRECTION - BOTH GOING STRAIGHT-REAR END,NO MEDIAN,NOT APPLICABLE,5,NOT APPLICABLE,True,SLOWING/STOPPING-FOR VEHICLE FROM OPPOSITE DIRECTION IN WRONG LANE,"250,000 POP AND OVER",NO,0638,1.235,US & STATE HIGHWAYS,"STRAIGHT, HILLCREST",MINOR ARTERIAL,ON ROADWAY,"4 OR MORE LANES, UNDIVIDED",False,55,SH0361,DRY,MARKED LANES,CLOUDY
18360580,5888,True,5888,2023,PORT ARANSAS,FAILED TO YIELD RIGHT OF WAY - TURNING LEFT,226302,6.526,2021-07-12,0,7,0,0,N - NOT INJURED,0,1928,0,2021,MONDAY,16.978,0,MOTOR VEHICLE IN TRANSPORT,TWO-WAY,19:00 - 19:59,,W AVENUE A,INTERSECTION,27.8366335,DAYLIGHT,YES,-97.06920077,OPPOSITE DIRECTION - ONE STRAIGHT-ONE LEFT TURN,NO MEDIAN,FOUR ENTERING ROADS,2,NOT APPLICABLE,True,NOT APPLICABLE,"2,500 - 4,999 POP",NO,0620,0.711,CITY STREET,"STRAIGHT, LEVEL",MINOR ARTERIAL,ON ROADWAY,"2 LANE, 2 WAY",True,35,SH0361,DRY,SIGNAL LIGHT,CLOUDY
18369998,15893,True,15893,2023,PORT ARANSAS,NONE,226303,10.885,2021-07-16,0,7,0,0,N - NOT INJURED,0,1815,0,2021,FRIDAY,18.604,0,MOTOR VEHICLE IN TRANSPORT,TWO-WAY,18:00 - 18:59,,N/A,NON INTERSECTION,27.81728209,DAYLIGHT,YES,-97.07459853,OPPOSITE DIRECTION - ONE STRAIGHT-ONE BACKING,NO MEDIAN,THREE ENTERING ROADS - T,2,NOT APPLICABLE,True,NOT APPLICABLE,"2,500 - 4,999 POP",NO,0622,0.876,US & STATE HIGHWAYS,"STRAIGHT, LEVEL",MINOR ARTERIAL,ON ROADWAY,"2 LANE, 2 WAY",True,45,SH0361,DRY,STOP SIGN,CLEAR
18376575,10439,False,10439,2023,CORPUS CHRISTI,FAILED TO CONTROL SPEED,226303,27.432,2021-07-16,0,7,0,0,N - NOT INJURED,0,2005,0,2021,FRIDAY,35.151,0,MOTOR VEHICLE IN TRANSPORT,TWO-WAY,20:00 - 20:59,,N/A,NON INTERSECTION,27.61787421,DAYLIGHT,YES,-97.22069103,SAME DIRECTION - BOTH GOING STRAIGHT-REAR END,NO MEDIAN,NOT APPLICABLE,5,NOT APPLICABLE,True,SLOWING/STOPPING-FOR TRAFFIC,"250,000 POP AND OVER",NO,0638,1.469,US & STATE HIGHWAYS,"STRAIGHT, LEVEL",MINOR ARTERIAL,ON ROADWAY,"4 OR MORE LANES, UNDIVIDED",False,45,SH0361,DRY,MARKED LANES,CLEAR
18375296,15893,True,15893,2023,PORT ARANSAS,FAILED TO YIELD RIGHT OF WAY - TURNING LEFT,226303,11.782,2021-07-20,0,7,0,1,C - POSSIBLE INJURY,0,1241,1,2021,TUESDAY,19.501,0,MOTOR VEHICLE IN TRANSPORT,BOULEVARD,12:00 - 12:59,,ACCESS ROAD 1 A,INTERSECTION,27.80637738,DAYLIGHT,YES,-97.0824751,OPPOSITE DIRECTION - ONE STRAIGHT-ONE LEFT TURN,CURBED,FOUR ENTERING ROADS,4,HIT TRAFFIC SIGNAL POLE OR POST,True,NOT APPLICABLE,"2,500 - 4,999 POP",NO,0624,-0.249,US & STATE HIGHWAYS,"STRAIGHT, LEVEL",MINOR ARTERIAL,ON ROADWAY,"4 OR MORE LANES, DIVIDED",True,45,SH0361,DRY,SIGNAL LIGHT,CLEAR
18381840,9764,True,9764,2023,PORT ARANSAS,DRIVER INATTENTION;UNSAFE SPEED,226302,7.078,2021-07-22,0,7,0,0,N - NOT INJURED,0,1101,0,2021,THURSDAY,17.53,0,MOTOR VEHICLE IN TRANSPORT,TWO-WAY,11:00 - 11:59,,S 7TH ST,INTERSECTION,27.82990054,DAYLIGHT,YES,-97.06941135,SAME DIRECTION - BOTH GOING STRAIGHT-REAR END,NO MEDIAN,THREE ENTERING ROADS - T,2,NOT APPLICABLE,True,SLOWING/STOPPING-FOR TRAFFIC,"2,500 - 4,999 POP",NO,0622,-0.198,CITY STREET,"STRAIGHT, LEVEL",MINOR ARTERIAL,ON ROADWAY,"2 LANE, 2 WAY",True,35,SH0361,DRY,SIGNAL LIGHT,CLEAR
18384989,10439,False,10439,2023,CORPUS CHRISTI,FAILED TO CONTROL SPEED,226303,20.347,2021-07-23,0,7,1,1,B - SUSPECTED MINOR INJURY,0,1241,2,2021,FRIDAY,28.066,0,MOTOR VEHICLE IN TRANSPORT,TWO-WAY,12:00 - 12:59,,N/A,NON INTERSECTION,27.7014348,DAYLIGHT,YES,-97.15731674,SAME DIRECTION - BOTH GOING STRAIGHT-REAR END,NO MEDIAN,NOT APPLICABLE,5,NOT APPLICABLE,True,SLOWING/STOPPING-FOR TRAFFIC,"250,000 POP AND OVER",NO,0632,0.383,US & STATE HIGHWAYS,"STRAIGHT, LEVEL",MINOR ARTERIAL,ON ROADWAY,"4 OR MORE LANES, UNDIVIDED",False,60,SH0361,DRY,CENTER STRIPE/DIVIDER,CLEAR
18381847,9764,False,9764,2023,PORT ARANSAS,DRIVER INATTENTION; FAULTY EVASIVE ACTION,226302,7.255,2021-07-24,0,7,0,0,N - NOT INJURED,0,0224,0,2021,SATURDAY,17.707,0,MOTOR VEHICLE IN TRANSPORT,TWO-WAY,02:00 - 02:59,,N/A,DRIVEWAY ACCESS,27.82828146,"DARK, LIGHTED",YES,-97.06716266,OPPOSITE DIRECTION - ONE STRAIGHT-ONE LEFT TURN,NO MEDIAN,NOT APPLICABLE,2,NOT APPLICABLE,True,ONE VEHICLE ENTERING DRIVEWAY,"2,500 - 4,999 POP",NO,0622,-0.021,CITY STREET,"STRAIGHT, LEVEL",MINOR ARTERIAL,ON ROADWAY,"2 LANE, 2 WAY",True,30,SH0361,DRY,MARKED LANES,CLEAR
18383106,12050,False,12050,2023,OUTSIDE CITY LIMITS,FAILED TO CONTROL SPEED; FATIGUED OR ASLEEP,226303,13.89,2021-07-25,0,7,0,2,C - POSSIBLE INJURY,0,1556,2,2021,SUNDAY,21.609,0,MOTOR VEHICLE IN TRANSPORT,TWO-WAY,15:00 - 15:59,,N/A,NON INTERSECTION,27.78184354,DAYLIGHT,YES,-97.10307258,SAME DIRECTION - BOTH GOING STRAIGHT-REAR END,NO MEDIAN,FOUR ENTERING ROADS,5,NOT APPLICABLE,True,ATTENTION DIVERTED FROM DRIVING,RURAL,NO,0626,-0.103,US & STATE HIGHWAYS,"STRAIGHT, LEVEL",MINOR ARTERIAL,ON ROADWAY,"4 OR MORE LANES, UNDIVIDED",True,60,SH0361,DRY,STOP SIGN,CLEAR
18393864,10439,False,10439,2023,CORPUS CHRISTI,OVERTAKE AND PASS INSUFFICIENT CLEARANCE,226303,26.498,2021-07-31,0,7,0,0,N - NOT INJURED,0,1849,0,2021,SATURDAY,34.217,0,MOTOR VEHICLE IN TRANSPORT,TWO-WAY,18:00 - 18:59,,N/A,NON INTERSECTION,27.62479077,DAYLIGHT,YES,-97.20884991,SAME DIRECTION - BOTH GOING STRAIGHT-SIDESWIPE,NO MEDIAN,NOT APPLICABLE,5,NOT APPLICABLE,True,VEHICLE PASSING OR ATTEMPTING TO PASS ON LEFT,"250,000 POP AND OVER",NO,0638,0.535,US & STATE HIGHWAYS,"STRAIGHT, LEVEL",MINOR ARTERIAL,ON ROADWAY,"4 OR MORE LANES, UNDIVIDED",False,45,SH0361,DRY,MARKED LANES,CLEAR
18407511,15893,True,15893,2023,PORT ARANSAS,FAILED TO YIELD RIGHT OF WAY - TURNING LEFT;IMPAIRED VISIBILITY (EXPLAIN IN NARRATIVE);TURNED WHEN UNSAFE,226303,11.087,2021-08-04,0,8,2,0,B - SUSPECTED MINOR INJURY,0,1530,2,2021,WEDNESDAY,18.806,0,MOTOR VEHICLE IN TRANSPORT,TWO-WAY,15:00 - 15:59,,UNKNOWN,INTERSECTION,27.8146724,DAYLIGHT,YES,-97.07609964,ANGLE - BOTH GOING STRAIGHT,NO MEDIAN,THREE ENTERING ROADS - T,2,NOT APPLICABLE,True,NOT APPLICABLE,"2,500 - 4,999 POP",NO,0624,-0.944,US & STATE HIGHWAYS,"STRAIGHT, LEVEL",MINOR ARTERIAL,ON ROADWAY,"2 LANE, 2 WAY",True,45,SH0361,DRY,STOP SIGN,CLEAR
18404536,14248,False,14248,2023,PORT ARANSAS,UNSAFE SPEED,226302,7.267,2021-08-05,0,8,0,0,A - SUSPECTED SERIOUS INJURY,1,1647,1,2021,THURSDAY,17.719,0,FIXED OBJECT,TWO-WAY,16:00 - 16:59,,N/A,DRIVEWAY ACCESS,27.828172,DAYLIGHT,YES,-97.06700932,ONE MOTOR VEHICLE - TURNING RIGHT,NO MEDIAN,THREE ENTERING ROADS - T,2,HIT CURB,True,ONE VEHICLE ENTERING DRIVEWAY,"2,500 - 4,999 POP",NO,0622,-0.009,CITY STREET,"STRAIGHT, LEVEL",MINOR ARTERIAL,OFF ROADWAY,"2 LANE, 2 WAY",True,30,SH0361,DRY,SIGNAL LIGHT,CLEAR
18406060,9764,True,9764,2023,PORT ARANSAS,DRIVER INATTENTION;FAILED TO YIELD RIGHT OF WAY - TURNING LEFT,226302,7.136,2021-08-05,0,8,0,0,N - NOT INJURED,0,2058,0,2021,THURSDAY,17.588,0,MOTOR VEHICLE IN TRANSPORT,TWO-WAY,20:00 - 20:59,,UNKNOWN,INTERSECTION,27.8293669,"DARK, LIGHTED",YES,-97.06868322,OPPOSITE DIRECTION - ONE STRAIGHT-ONE LEFT TURN,NO MEDIAN,FOUR ENTERING ROADS,2,NOT APPLICABLE,True,ATTENTION DIVERTED FROM DRIVING,"2,500 - 4,999 POP",NO,0622,-0.14,CITY STREET,"STRAIGHT, LEVEL",MINOR ARTERIAL,ON ROADWAY,"2 LANE, 2 WAY",True,30,SH0361,DRY,MARKED LANES,CLEAR
18423713,12050,False,12050,2023,CORPUS CHRISTI,FAILED TO CONTROL SPEED,226303,19.365,2021-08-14,0,8,0,0,N - NOT INJURED,0,1446,0,2021,SATURDAY,27.084,0,MOTOR VEHICLE IN TRANSPORT,TWO-WAY,14:00 - 14:59,,N/A,DRIVEWAY ACCESS,27.71368937,DAYLIGHT,YES,-97.14909498,SAME DIRECTION - ONE STRAIGHT-ONE LEFT TURN,NO MEDIAN,NOT APPLICABLE,5,NOT APPLICABLE,True,ONE VEHICLE ENTERING DRIVEWAY,"250,000 POP AND OVER",NO,0632,-0.599,US & STATE HIGHWAYS,"STRAIGHT, LEVEL",MINOR ARTERIAL,ON ROADWAY,"4 OR MORE LANES, UNDIVIDED",False,60,SH0361,DRY,CENTER STRIPE/DIVIDER,CLEAR
18426118,,False,,,PORT ARANSAS,BACKED WITHOUT SAFETY; IMPROPER START FROM PARKED POSITION,,,2021-08-14,0,8,0,0,N - NOT INJURED,0,2242,0,2021,SATURDAY,,0,PARKED CAR,,22:00 - 22:59,,N/A,NON INTERSECTION,,"DARK, NOT LIGHTED",?0,,ONE MOTOR VEHICLE - BACKING,,NOT APPLICABLE,,NOT APPLICABLE,True,ONE VEHICLE BACKWARD FROM PARKING,"2,500 - 4,999 POP",YES,,,NON TRAFFICWAY,"STRAIGHT, LEVEL",,NOT APPLICABLE,,True,-1,SH0361,OTHER (EXPLAIN IN NARRATIVE),NONE,CLEAR
18423924,10439,False,10439,2023,CORPUS CHRISTI,FAILED TO CONTROL SPEED,226303,26.685,2021-08-15,0,8,0,0,N - NOT INJURED,0,1038,0,2021,SUNDAY,34.404,0,MOTOR VEHICLE IN TRANSPORT,TWO-WAY,10:00 - 10:59,,N/A,NON INTERSECTION,27.62248584,DAYLIGHT,YES,-97.21045256,SAME DIRECTION - BOTH GOING STRAIGHT-REAR END,NO MEDIAN,NOT APPLICABLE,5,NOT APPLICABLE,True,SLOWING/STOPPING-FOR TRAFFIC,"250,000 POP AND OVER",NO,0638,0.722,US & STATE HIGHWAYS,"STRAIGHT, GRADE",MINOR ARTERIAL,ON ROADWAY,"4 OR MORE LANES, UNDIVIDED",False,55,SH0361,DRY,CENTER STRIPE/DIVIDER,CLEAR
18450031,10439,False,10439,2023,CORPUS CHRISTI,FAILED TO CONTROL SPEED; UNDER INFLUENCE - ALCOHOL,226303,24.69,2021-08-19,0,8,0,0,N - NOT INJURED,0,2153,0,2021,THURSDAY,32.409,0,MOTOR VEHICLE IN TRANSPORT,TWO-WAY,21:00 - 21:59,,N/A,NON INTERSECTION,27.64731161,"DARK, NOT LIGHTED",YES,-97.19368752,SAME DIRECTION - BOTH GOING STRAIGHT-REAR END,NO MEDIAN,NOT APPLICABLE,5,NOT APPLICABLE,True,NOT APPLICABLE,"250,000 POP AND OVER",NO,0636,0.726,US & STATE HIGHWAYS,"STRAIGHT, LEVEL",MINOR ARTERIAL,ON ROADWAY,"4 OR MORE LANES, UNDIVIDED",False,60,SH0361,DRY,MARKED LANES,CLEAR
18450829,10439,True,10439,2023,CORPUS CHRISTI,FAILED TO YIELD RIGHT OF WAY - STOP SIGN,226303,26.723,2021-08-25,0,8,0,0,N - NOT INJURED,0,0650,0,2021,WEDNESDAY,34.442,0,MOTOR VEHICLE IN TRANSPORT,TWO-WAY,06:00 - 06:59,,ZAHN RD,INTERSECTION,27.62201986,"DARK, LIGHTED",YES,-97.21077788,ANGLE - ONE STRAIGHT-ONE LEFT TURN,NO MEDIAN,THREE ENTERING ROADS - T,5,NOT APPLICABLE,True,NOT APPLICABLE,"250,000 POP AND OVER",NO,0638,0.76,US & STATE HIGHWAYS,"STRAIGHT, LEVEL",MINOR ARTERIAL,ON ROADWAY,"4 OR MORE LANES, UNDIVIDED",False,60,SH0361,WET,STOP SIGN,CLOUDY
18447191,9764,False,9764,2023,PORT ARANSAS,FAILED TO CONTROL SPEED,226302,7.172,2021-08-30,0,8,0,1,C - POSSIBLE INJURY,0,0926,1,2021,MONDAY,17.624,0,MOTOR VEHICLE IN TRANSPORT,TWO-WAY,09:00 - 09:59,,N/A,NON INTERSECTION,27.82903919,DAYLIGHT,YES,-97.06822415,SAME DIRECTION - ONE STRAIGHT-ONE STOPPED,NO MEDIAN,NOT APPLICABLE,2,NOT APPLICABLE,True,SLOWING/STOPPING-FOR TRAFFIC,"2,500 - 4,999 POP",NO,0622,-0.104,CITY STREET,"STRAIGHT, LEVEL",MINOR ARTERIAL,ON ROADWAY,"2 LANE, 2 WAY",True,35,SH0361,DRY,SIGNAL LIGHT,CLEAR
18459462,12050,False,12050,2023,CORPUS CHRISTI,FAILED TO CONTROL SPEED,226303,19.199,2021-09-03,0,9,0,0,N - NOT INJURED,0,1714,0,2021,FRIDAY,26.918,0,MOTOR VEHICLE IN TRANSPORT,TWO-WAY,17:00 - 17:59,,UNKNOWN,INTERSECTION RELATED,27.71575062,DAYLIGHT,YES,-97.14770475,SAME DIRECTION - BOTH GOING STRAIGHT-REAR END,NO MEDIAN,NOT APPLICABLE,5,NOT APPLICABLE,True,SLOWING/STOPPING-FOR TRAFFIC,"250,000 POP AND OVER",NO,0632,-0.765,US & STATE HIGHWAYS,"STRAIGHT, LEVEL",MINOR ARTERIAL,ON ROADWAY,"4 OR MORE LANES, UNDIVIDED",False,60,SH0361,DRY,CENTER STRIPE/DIVIDER,CLEAR
18468226,15893,False,15893,2023,PORT ARANSAS,ANIMAL ON ROAD - WILD,226303,11.285,2021-09-11,0,9,0,0,N - NOT INJURED,0,2215,0,2021,SATURDAY,19.004,0,ANIMAL,TWO-WAY,22:00 - 22:59,,N/A,NON INTERSECTION,27.81211805,"DARK, NOT LIGHTED",YES,-97.07758355,ONE MOTOR VEHICLE - GOING STRAIGHT,NO MEDIAN,NOT APPLICABLE,2,NOT APPLICABLE,True,NOT APPLICABLE,"2,500 - 4,999 POP",NO,0624,-0.746,US & STATE HIGHWAYS,"STRAIGHT, LEVEL",MINOR ARTERIAL,ON ROADWAY,"2 LANE, 2 WAY",True,55,SH0361,DRY,CENTER STRIPE/DIVIDER,CLEAR
18480735,14248,False,14248,2023,PORT ARANSAS,FAILED TO CONTROL SPEED,226303,10.043,2021-09-14,0,9,0,1,C - POSSIBLE INJURY,0,1449,1,2021,TUESDAY,17.762,0,MOTOR VEHICLE IN TRANSPORT,TWO-WAY,14:00 - 14:59,,N/A,NON INTERSECTION,27.82768362,DAYLIGHT,YES,-97.06744663,SAME DIRECTION - ONE STRAIGHT-ONE STOPPED,NO MEDIAN,FOUR ENTERING ROADS,2,NOT APPLICABLE,True,SLOWING/STOPPING-REASON NOT SPECIFIED,"2,500 - 4,999 POP",NO,0622,0.034,US & STATE HIGHWAYS,"STRAIGHT, LEVEL",MINOR ARTERIAL,ON ROADWAY,"2 LANE, 2 WAY",True,35,SH0361,DRY,SIGNAL LIGHT,CLOUDY
18486585,14248,True,14248,2023,PORT ARANSAS,DISREGARD STOP AND GO SIGNAL;FAILED TO YIELD RIGHT OF WAY - TURN ON RED;TURNED WHEN UNSAFE,226303,10.125,2021-09-21,0,9,1,0,B - SUSPECTED MINOR INJURY,0,0834,1,2021,TUESDAY,17.844,0,PEDALCYCLIST,TWO-WAY,08:00 - 08:59,,S AVENUE I,INTERSECTION RELATED,27.82675841,DAYLIGHT,YES,-97.06827509,ONE MOTOR VEHICLE - TURNING RIGHT,NO MEDIAN,FOUR ENTERING ROADS,2,NOT APPLICABLE,True,NOT APPLICABLE,"2,500 - 4,999 POP",NO,0622,0.116,CITY STREET,"STRAIGHT, LEVEL",MINOR ARTERIAL,ON ROADWAY,"2 LANE, 2 WAY",True,35,SH0361,DRY,SIGNAL LIGHT,CLEAR
18506889,15893,True,15893,2023,PORT ARANSAS,FAILED TO CONTROL SPEED; HAD BEEN DRINKING,226303,10.755,2021-09-29,0,9,0,1,C - POSSIBLE INJURY,0,1731,1,2021,WEDNESDAY,18.474,0,MOTOR VEHICLE IN TRANSPORT,TWO-WAY,17:00 - 17:59,,E HOWARD BLVD,INTERSECTION RELATED,27.8189672,DAYLIGHT,YES,-97.07363613,SAME DIRECTION - BOTH GOING STRAIGHT-REAR END,NO MEDIAN,FOUR ENTERING ROADS,2,NOT APPLICABLE,True,SLOWING/STOPPING-FOR TRAFFIC,"2,500 - 4,999 POP",NO,0622,0.746,CITY STREET,"STRAIGHT, LEVEL",MINOR ARTERIAL,ON ROADWAY,"2 LANE, 2 WAY",True,45,SH0361,DRY,STOP SIGN,CLOUDY
18506824,15893,True,15893,2023,PORT ARANSAS,DISREGARD STOP SIGN OR LIGHT,226303,11.782,2021-10-01,0,10,0,0,N - NOT INJURED,0,1640,0,2021,FRIDAY,19.501,0,MOTOR VEHICLE IN TRANSPORT,BOULEVARD,16:00 - 16:59,,ACCESS ROAD 1 A,INTERSECTION,27.80637738,DAYLIGHT,YES,-97.0824751,ANGLE - ONE STRAIGHT-ONE LEFT TURN,CURBED,FOUR ENTERING ROADS,4,NOT APPLICABLE,True,NOT APPLICABLE,"2,500 - 4,999 POP",NO,0624,-0.249,US & STATE HIGHWAYS,"STRAIGHT, LEVEL",MINOR ARTERIAL,ON ROADWAY,"4 OR MORE LANES, DIVIDED",True,30,SH0361,WET,STOP SIGN,CLOUDY
18519885,10439,False,10439,2023,CORPUS CHRISTI,FAILED TO PASS TO LEFT SAFELY; PASSED IN NO PASSING LANE,226303,26.817,2021-10-02,0,10,0,2,C - POSSIBLE INJURY,0,2306,2,2021,SATURDAY,34.536,0,MOTOR VEHICLE IN TRANSPORT,TWO-WAY,23:00 - 23:59,,N/A,NON INTERSECTION,27.62092836,"DARK, LIGHTED",YES,-97.21170145,SAME DIRECTION - BOTH GOING STRAIGHT-SIDESWIPE,NO MEDIAN,NOT APPLICABLE,5,NOT APPLICABLE,True,VEHICLE PASSING OR ATTEMPTING TO PASS ON LEFT,"250,000 POP AND OVER",NO,0638,0.854,US & STATE HIGHWAYS,"CURVE, HILLCREST",MINOR ARTERIAL,ON ROADWAY,"4 OR MORE LANES, UNDIVIDED",False,60,SH0361,DRY,CENTER STRIPE/DIVIDER,CLEAR
18518435,15893,True,15893,2023,PORT ARANSAS,FAULTY EVASIVE ACTION; TURNED IMPROPERLY - WRONG LANE,226303,12.309,2021-10-06,0,10,0,0,N - NOT INJURED,0,1926,0,2021,WEDNESDAY,20.028,0,MOTOR VEHICLE IN TRANSPORT,BOULEVARD,19:00 - 19:59,,UNKNOWN,INTERSECTION,27.80023402,"DARK, NOT LIGHTED",YES,-97.08764014,SAME DIRECTION - ONE STRAIGHT-ONE LEFT TURN,CURBED,THREE ENTERING ROADS - T,4,NOT APPLICABLE,True,NOT APPLICABLE,"2,500 - 4,999 POP",NO,0624,0.278,US & STATE HIGHWAYS,"STRAIGHT, LEVEL",MINOR ARTERIAL,ON ROADWAY,"4 OR MORE LANES, DIVIDED",True,55,SH0361,DRY,NONE,CLEAR
18527018,10439,False,10439,2023,CORPUS CHRISTI,FAILED TO CONTROL SPEED,226303,23.747,2021-10-12,0,10,0,0,N - NOT INJURED,0,1709,0,2021,TUESDAY,31.466,0,MOTOR VEHICLE IN TRANSPORT,TWO-WAY,17:00 - 17:59,,N/A,NON INTERSECTION,27.65907658,DAYLIGHT,YES,-97.18580497,SAME DIRECTION - BOTH GOING STRAIGHT-REAR END,NO MEDIAN,NOT APPLICABLE,5,NOT APPLICABLE,True,SLOWING/STOPPING-FOR OBJECT IN ROAD,"250,000 POP AND OVER",NO,0636,-0.217,US & STATE HIGHWAYS,"STRAIGHT, GRADE",MINOR ARTERIAL,ON ROADWAY,"4 OR MORE LANES, UNDIVIDED",False,55,SH0361,DRY,CENTER STRIPE/DIVIDER,CLEAR
18533327,,False,,,PORT ARANSAS,DRIVER INATTENTION,,,2021-10-15,0,10,0,0,N - NOT INJURED,0,2325,0,2021,FRIDAY,,0,MOTOR VEHICLE IN TRANSPORT,,23:00 - 23:59,,N/A,NON INTERSECTION,,"DARK, LIGHTED",?0,,SAME DIRECTION - BOTH GOING STRAIGHT-SIDESWIPE,,NOT APPLICABLE,,NOT APPLICABLE,True,ATTENTION DIVERTED FROM DRIVING,"2,500 - 4,999 POP",YES,,,NON TRAFFICWAY,"STRAIGHT, LEVEL",,NOT APPLICABLE,,True,-1,SH0361,DRY,NONE,CLEAR
18552725,5888,False,5888,2023,PORT ARANSAS,UNSAFE SPEED;UNDER INFLUENCE - ALCOHOL,226302,6.892,2021-10-24,0,10,0,0,N - NOT INJURED,0,0300,0,2021,SUNDAY,17.344,0,FIXED OBJECT,TWO-WAY,03:00 - 03:59,,N/A,NON INTERSECTION,27.83184429,"DARK, NOT LIGHTED",YES,-97.07139099,ONE MOTOR VEHICLE - GOING STRAIGHT,NO MEDIAN,FOUR ENTERING ROADS,2,HIT FENCE,True,NOT APPLICABLE,"2,500 - 4,999 POP",NO,0622,-0.384,CITY STREET,"CURVE, GRADE",MINOR ARTERIAL,OFF ROADWAY,"2 LANE, 2 WAY",True,35,SH0361,DRY,CENTER STRIPE/DIVIDER,CLEAR
18562676,12050,False,12050,2023,CORPUS CHRISTI,FAILED TO YIELD RIGHT OF WAY - PRIVATE DRIVE,226303,16.972,2021-10-31,0,10,0,1,C - POSSIBLE INJURY,0,1611,1,2021,SUNDAY,24.691,0,MOTOR VEHICLE IN TRANSPORT,TWO-WAY,16:00 - 16:59,,N/A,DRIVEWAY ACCESS,27.7434901,DAYLIGHT,YES,-97.12901447,ANGLE - BOTH GOING STRAIGHT,NO MEDIAN,NOT APPLICABLE,5,NOT APPLICABLE,True,ONE VEHICLE LEAVING DRIVEWAY,"250,000 POP AND OVER",NO,0628,0.99,US & STATE HIGHWAYS,"STRAIGHT, LEVEL",MINOR ARTERIAL,ON ROADWAY,"4 OR MORE LANES, UNDIVIDED",False,60,SH0361,DRY,MARKED LANES,CLEAR
18564191,10439,True,10439,2023,CORPUS CHRISTI,FAILED TO YIELD RIGHT OF WAY - TURNING LEFT,226303,27.498,2021-11-01,0,11,0,1,C - POSSIBLE INJURY,0,0645,1,2021,MONDAY,35.217,0,MOTOR VEHICLE IN TRANSPORT,TWO-WAY,06:00 - 06:59,0022,PR0022,INTERSECTION,27.6178894,"DARK, LIGHTED",YES,-97.22177124,OPPOSITE DIRECTION - ONE STRAIGHT-ONE LEFT TURN,NO MEDIAN,FOUR ENTERING ROADS,5,NOT APPLICABLE,True,NOT APPLICABLE,"250,000 POP AND OVER",NO,0638,1.535,US & STATE HIGHWAYS,"STRAIGHT, LEVEL",MINOR ARTERIAL,ON ROADWAY,"4 OR MORE LANES, UNDIVIDED",False,55,SH0361,DRY,SIGNAL LIGHT,CLEAR
18566789,15893,False,15893,2023,PORT ARANSAS,CHANGED LANE WHEN UNSAFE;FAILED TO YIELD RIGHT OF WAY - TURNING LEFT,226303,10.873,2021-11-02,0,11,0,0,N - NOT INJURED,0,1903,0,2021,TUESDAY,18.592,0,MOTOR VEHICLE IN TRANSPORT,TWO-WAY,19:00 - 19:59,,PLEASANT VLY,INTERSECTION RELATED,27.81744172,DUSK,YES,-97.07450726,ANGLE - ONE STRAIGHT-ONE LEFT TURN,NO MEDIAN,FOUR ENTERING ROADS,2,NOT APPLICABLE,True,SWERVED OR VEERED-REASON NOT SPECIFIED,"2,500 - 4,999 POP",NO,0622,0.864,US & STATE HIGHWAYS,"STRAIGHT, LEVEL",MINOR ARTERIAL,ON ROADWAY,"2 LANE, 2 WAY",True,45,SH0361,DRY,CENTER STRIPE/DIVIDER,CLEAR
18590671,10439,False,10439,2023,CORPUS CHRISTI,BACKED WITHOUT SAFETY,226303,25.665,2021-11-14,0,11,0,0,N - NOT INJURED,0,1339,0,2021,SUNDAY,33.384,0,MOTOR VEHICLE IN TRANSPORT,TWO-WAY,13:00 - 13:59,,N/A,NON INTERSECTION,27.63517163,DAYLIGHT,YES,-97.20186791,ANGLE - ONE STRAIGHT-ONE BACKING,NO MEDIAN,NOT APPLICABLE,5,NOT APPLICABLE,True,CRASH OCCURRED ON A BEACH,"250,000 POP AND OVER",NO,0638,-0.298,OTHER ROADS,"STRAIGHT, LEVEL",MINOR ARTERIAL,ON ROADWAY,"4 OR MORE LANES, UNDIVIDED",False,15,SH0361,"SAND, MUD, DIRT",NONE,CLEAR
18613302,6181,False,6181,2023,ARANSAS PASS,ILL (EXPLAIN IN NARRATIVE),226302,4.853,2021-11-17,0,11,1,0,B - SUSPECTED MINOR INJURY,0,1129,1,2021,WEDNESDAY,15.29,0,FIXED OBJECT,TWO-WAY,11:00 - 11:59,,N/A,NON INTERSECTION,27.85728459,DAYLIGHT,YES,-97.08059567,ONE MOTOR VEHICLE - GOING STRAIGHT,NO MEDIAN,NOT APPLICABLE,2,"HIT TREE, SHRUB, LANDSCAPING",True,ATTENTION DIVERTED FROM DRIVING,"5,000 - 9,999 POP",NO,0618,0.911,US & STATE HIGHWAYS,"STRAIGHT, LEVEL",MINOR ARTERIAL,OFF ROADWAY,"2 LANE, 2 WAY",False,55,SH0361,DRY,MARKED LANES,CLEAR
18606858,14248,False,14248,2023,PORT ARANSAS,OTHER (EXPLAIN IN NARRATIVE),226303,10.037,2021-11-21,0,11,0,0,A - SUSPECTED SERIOUS INJURY,1,0200,1,2021,SUNDAY,17.756,0,OTHER NON COLLISION,TWO-WAY,02:00 - 02:59,,N/A,NON INTERSECTION,27.82774808,"DARK, LIGHTED",YES,-97.06738891,ONE MOTOR VEHICLE - GOING STRAIGHT,NO MEDIAN,NOT APPLICABLE,2,PERSON FELL OR JUMPED FROM VEHICLE,True,NOT APPLICABLE,"2,500 - 4,999 POP",NO,0622,0.028,CITY STREET,"STRAIGHT, LEVEL",MINOR ARTERIAL,ON ROADWAY,"2 LANE, 2 WAY",True,30,SH0361,DRY,NONE,CLEAR
18629335,10439,False,10439,2023,CORPUS CHRISTI,FAILED TO DRIVE IN SINGLE LANE,226303,27.398,2021-11-25,0,11,0,0,N - NOT INJURED,0,1423,0,2021,THURSDAY,35.117,0,MOTOR VEHICLE IN TRANSPORT,TWO-WAY,14:00 - 14:59,,N/A,NON INTERSECTION,27.61786638,DAYLIGHT,YES,-97.22013958,SAME DIRECTION - BOTH GOING STRAIGHT-SIDESWIPE,NO MEDIAN,NOT APPLICABLE,5,NOT APPLICABLE,True,VEHICLE CHANGING LANES,"250,000 POP AND OVER",NO,0638,1.435,US & STATE HIGHWAYS,"STRAIGHT, LEVEL",MINOR ARTERIAL,ON ROADWAY,"4 OR MORE LANES, UNDIVIDED",False,45,SH0361,WET,MARKED LANES,RAIN
18642618,15893,True,15893,2023,PORT ARANSAS,FAILED TO YIELD RIGHT OF WAY - TURNING LEFT,226303,10.755,2021-12-13,0,12,0,0,N - NOT INJURED,0,1249,0,2021,MONDAY,18.474,0,MOTOR VEHICLE IN TRANSPORT,TWO-WAY,12:00 - 12:59,,E HOWARD BLVD,INTERSECTION,27.8189672,DAYLIGHT,YES,-97.07363613,ANGLE - ONE STRAIGHT-ONE LEFT TURN,NO MEDIAN,FOUR ENTERING ROADS,2,NOT APPLICABLE,True,NOT APPLICABLE,"2,500 - 4,999 POP",NO,0622,0.746,US & STATE HIGHWAYS,"STRAIGHT, LEVEL",MINOR ARTERIAL,ON ROADWAY,"2 LANE, 2 WAY",True,45,SH0361,DRY,STOP SIGN,CLEAR
18664167,15893,False,15893,2023,PORT ARANSAS,ANIMAL ON ROAD - WILD,226303,11.876,2021-12-16,0,12,0,0,N - NOT INJURED,0,2313,0,2021,THURSDAY,19.595,0,ANIMAL,BOULEVARD,23:00 - 23:59,,N/A,NON INTERSECTION,27.80527793,"DARK, NOT LIGHTED",YES,-97.08340004,ONE MOTOR VEHICLE - GOING STRAIGHT,CURBED,NOT APPLICABLE,4,NOT APPLICABLE,True,NOT APPLICABLE,"2,500 - 4,999 POP",NO,0624,-0.155,US & STATE HIGHWAYS,"STRAIGHT, LEVEL",MINOR ARTERIAL,ON ROADWAY,"4 OR MORE LANES, DIVIDED",True,60,SH0361,DRY,NONE,CLEAR
18664610,10439,False,10439,2023,CORPUS CHRISTI,FAILED TO CONTROL SPEED; FAILED TO DRIVE IN SINGLE LANE,226303,25.926,2021-12-18,0,12,0,0,N - NOT INJURED,0,2324,0,2021,SATURDAY,33.645,0,PARKED CAR,TWO-WAY,23:00 - 23:59,,N/A,NON INTERSECTION,27.63192401,"DARK, NOT LIGHTED",YES,-97.20406844,ONE MOTOR VEHICLE - GOING STRAIGHT,NO MEDIAN,NOT APPLICABLE,5,NOT APPLICABLE,True,"LOST CONTROL OR SKIDDED (ICY OR SLICK ROAD, ETC.)","250,000 POP AND OVER",NO,0638,-0.037,CITY STREET,OTHER (EXPLAIN IN NARRATIVE),MINOR ARTERIAL,ON ROADWAY,"4 OR MORE LANES, UNDIVIDED",False,15,SH0361,"SAND, MUD, DIRT",NONE,CLEAR
18658077,9764,True,9764,2023,PORT ARANSAS,DISREGARD STOP SIGN OR LIGHT;FAILED TO YIELD RIGHT OF WAY - STOP SIGN,226302,7.078,2021-12-19,0,12,1,0,B - SUSPECTED MINOR INJURY,0,0856,1,2021,SUNDAY,17.53,0,MOTOR VEHICLE IN TRANSPORT,TWO-WAY,08:00 - 08:59,,UNKNOWN,INTERSECTION,27.82990054,DAYLIGHT,YES,-97.06941135,ANGLE - BOTH GOING STRAIGHT,NO MEDIAN,FOUR ENTERING ROADS,2,NOT APPLICABLE,True,NOT APPLICABLE,"2,500 - 4,999 POP",NO,0622,-0.198,CITY STREET,"STRAIGHT, LEVEL",MINOR ARTERIAL,ON ROADWAY,"2 LANE, 2 WAY",True,30,SH0361,WET,STOP SIGN,CLOUDY
18680903,6181,False,6181,2023,ARANSAS PASS,FAULTY EVASIVE ACTION; ROAD RAGE,226302,1.926,2021-12-27,0,12,0,0,N - NOT INJURED,0,1816,0,2021,MONDAY,12.363,0,MOTOR VEHICLE IN TRANSPORT,TWO-WAY,18:00 - 18:59,,N/A,NON INTERSECTION,27.88936481,"DARK, NOT LIGHTED",YES,-97.11079012,SAME DIRECTION - BOTH GOING STRAIGHT-REAR END,NO MEDIAN,NOT APPLICABLE,2,NOT APPLICABLE,True,NOT APPLICABLE,"5,000 - 9,999 POP",NO,0616,0.055,US & STATE HIGHWAYS,"STRAIGHT, LEVEL",MINOR ARTERIAL,ON ROADWAY,"2 LANE, 2 WAY",False,55,SH0361,DRY,MARKED LANES,CLEAR
18681179,15893,True,15893,2023,PORT ARANSAS,FAILED TO YIELD RIGHT OF WAY - TURNING LEFT;TURNED WHEN UNSAFE,226303,12.309,2022-01-04,0,1,0,0,N - NOT INJURED,0,0852,0,2022,TUESDAY,20.028,0,MOTOR VEHICLE IN TRANSPORT,BOULEVARD,08:00 - 08:59,,MUSTANG BLVD,INTERSECTION,27.80023347,DAYLIGHT,YES,-97.08764061,ANGLE - ONE STRAIGHT-ONE LEFT TURN,CURBED,THREE ENTERING ROADS - T,4,NOT APPLICABLE,True,NOT APPLICABLE,"2,500 - 4,999 POP",NO,0624,0.278,US & STATE HIGHWAYS,"STRAIGHT, LEVEL",MINOR ARTERIAL,ON ROADWAY,"4 OR MORE LANES, DIVIDED",True,45,SH0361,DRY,STOP SIGN,CLEAR
18687998,,False,,,PORT ARANSAS,DRIVER INATTENTION,,,2022-01-05,0,1,0,0,N - NOT INJURED,0,2109,0,2022,WEDNESDAY,,0,FIXED OBJECT,,21:00 - 21:59,,N/A,NON INTERSECTION,,"DARK, LIGHTED",?0,,ONE MOTOR VEHICLE - GOING STRAIGHT,,NOT APPLICABLE,,HIT LUMINAIRE POLE,True,ATTENTION DIVERTED FROM DRIVING,"2,500 - 4,999 POP",YES,,,NON TRAFFICWAY,"STRAIGHT, LEVEL",,NOT APPLICABLE,,True,5,SH0361,DRY,NONE,CLEAR
18698686,10439,True,10439,2023,CORPUS CHRISTI,FAILED TO YIELD RIGHT OF WAY - STOP SIGN;UNDER INFLUENCE - ALCOHOL,226303,25.682,2022-01-13,0,1,1,0,B - SUSPECTED MINOR INJURY,0,1828,1,2022,THURSDAY,33.401,0,MOTOR VEHICLE IN TRANSPORT,TWO-WAY,18:00 - 18:59,0022,PR0022,INTERSECTION,27.63496101,"DARK, LIGHTED",YES,-97.2020111,ANGLE - ONE STRAIGHT-ONE LEFT TURN,NO MEDIAN,THREE ENTERING ROADS - T,5,NOT APPLICABLE,True,NOT APPLICABLE,"250,000 POP AND OVER",NO,0638,-0.281,US & STATE HIGHWAYS,"STRAIGHT, LEVEL",MINOR ARTERIAL,ON ROADWAY,"4 OR MORE LANES, UNDIVIDED",False,60,SH0361,DRY,STOP SIGN,CLEAR
18750138,10439,False,10439,2023,CORPUS CHRISTI,CHANGED LANE WHEN UNSAFE,226303,27.22,2022-01-19,0,1,0,0,N - NOT INJURED,0,0743,0,2022,WEDNESDAY,34.939,0,MOTOR VEHICLE IN TRANSPORT,TWO-WAY,07:00 - 07:59,,N/A,NON INTERSECTION,27.61802259,DAYLIGHT,YES,-97.21724492,SAME DIRECTION - BOTH GOING STRAIGHT-SIDESWIPE,NO MEDIAN,NOT APPLICABLE,5,NOT APPLICABLE,True,VEHICLE CHANGING LANES,"250,000 POP AND OVER",NO,0638,1.257,US & STATE HIGHWAYS,"STRAIGHT, GRADE",MINOR ARTERIAL,ON ROADWAY,"4 OR MORE LANES, UNDIVIDED",False,55,SH0361,DRY,CENTER STRIPE/DIVIDER,CLOUDY
18709626,5888,True,5888,2023,PORT ARANSAS,FAILED TO YIELD RIGHT OF WAY - STOP SIGN;FAILED TO YIELD RIGHT OF WAY - TURNING LEFT,226302,6.65,2022-01-23,0,1,0,0,N - NOT INJURED,0,1139,0,2022,SUNDAY,17.102,0,MOTOR VEHICLE IN TRANSPORT,TWO-WAY,11:00 - 11:59,,W AVENUE C,INTERSECTION,27.83522977,DAYLIGHT,YES,-97.07044832,ANGLE - BOTH LEFT TURN,NO MEDIAN,THREE ENTERING ROADS - T,2,NOT APPLICABLE,True,NOT APPLICABLE,"2,500 - 4,999 POP",NO,0622,-0.626,CITY STREET,"STRAIGHT, LEVEL",MINOR ARTERIAL,ON ROADWAY,"2 LANE, 2 WAY",True,35,SH0361,DRY,STOP SIGN,CLOUDY
18738406,12050,True,12050,2023,CORPUS CHRISTI,FAILED TO CONTROL SPEED,226303,19.216,2022-01-25,0,1,0,0,N - NOT INJURED,0,1658,0,2022,TUESDAY,26.935,0,MOTOR VEHICLE IN TRANSPORT,TWO-WAY,16:00 - 16:59,,SEA WAY DR,INTERSECTION RELATED,27.71554329,DAYLIGHT,YES,-97.14784458,SAME DIRECTION - BOTH GOING STRAIGHT-REAR END,NO MEDIAN,THREE ENTERING ROADS - T,5,NOT APPLICABLE,True,SLOWING/STOPPING-TO MAKE RIGHT TURN,"250,000 POP AND OVER",NO,0632,-0.748,US & STATE HIGHWAYS,"STRAIGHT, LEVEL",MINOR ARTERIAL,ON ROADWAY,"4 OR MORE LANES, UNDIVIDED",False,65,SH0361,DRY,MARKED LANES,CLOUDY
18718437,6181,False,6181,2023,ARANSAS PASS,FAILED TO YIELD RIGHT OF WAY - TURNING LEFT,226302,3.674,2022-01-26,0,1,0,0,N - NOT INJURED,0,1359,0,2022,WEDNESDAY,14.111,0,MOTOR VEHICLE IN TRANSPORT,TWO-WAY,13:00 - 13:59,,N/A,DRIVEWAY ACCESS,27.87155065,DAYLIGHT,YES,-97.09047228,ANGLE - ONE STRAIGHT-ONE LEFT TURN,NO MEDIAN,THREE ENTERING ROADS - T,2,NOT APPLICABLE,True,ONE VEHICLE LEAVING DRIVEWAY,"5,000 - 9,999 POP",NO,0618,-0.268,US & STATE HIGHWAYS,"STRAIGHT, LEVEL",MINOR ARTERIAL,ON ROADWAY,"2 LANE, 2 WAY",False,30,SH0361,DRY,STOP SIGN,CLOUDY
18723619,12050,False,12050,2023,CORPUS CHRISTI,DRIVER INATTENTION,226303,16.152,2022-01-26,0,1,0,0,N - NOT INJURED,0,0010,0,2022,WEDNESDAY,23.871,0,OTHER OBJECT,TWO-WAY,00:00 - 00:59,,N/A,NON INTERSECTION,27.75370369,"DARK, NOT LIGHTED",YES,-97.12214913,ONE MOTOR VEHICLE - GOING STRAIGHT,NO MEDIAN,NOT APPLICABLE,5,OTHER,True,ATTENTION DIVERTED FROM DRIVING,"250,000 POP AND OVER",NO,0628,0.17,US & STATE HIGHWAYS,"STRAIGHT, LEVEL",MINOR ARTERIAL,SHOULDER,"4 OR MORE LANES, UNDIVIDED",False,60,SH0361,DRY,CENTER STRIPE/DIVIDER,CLEAR
18738076,15893,False,15893,2023,PORT ARANSAS,FAILED TO DRIVE IN SINGLE LANE;FATIGUED OR ASLEEP;OTHER (EXPLAIN IN NARRATIVE),226303,10.397,2022-02-02,0,2,2,0,B - SUSPECTED MINOR INJURY,0,0702,2,2022,WEDNESDAY,18.116,0,MOTOR VEHICLE IN TRANSPORT,TWO-WAY,07:00 - 07:59,,N/A,NON INTERSECTION,27.82353766,DAYLIGHT,YES,-97.07084724,OPPOSITE DIRECTION - BOTH GOING STRAIGHT,NO MEDIAN,THREE ENTERING ROADS - T,2,NOT APPLICABLE,True,ATTENTION DIVERTED FROM DRIVING,"2,500 - 4,999 POP",NO,0622,0.388,US & STATE HIGHWAYS,"STRAIGHT, LEVEL",MINOR ARTERIAL,ON ROADWAY,"2 LANE, 2 WAY",True,45,SH0361,DRY,NONE,CLEAR
18738122,9764,False,9764,2023,PORT ARANSAS,PASSED IN NO PASSING LANE; SPEEDING - (OVERLIMIT),226302,7.005,2022-02-08,0,2,0,0,N - NOT INJURED,0,0857,0,2022,TUESDAY,17.457,0,MOTOR VEHICLE IN TRANSPORT,TWO-WAY,08:00 - 08:59,,N/A,NON INTERSECTION,27.83057083,DAYLIGHT,YES,-97.07032278,SAME DIRECTION - BOTH GOING STRAIGHT-SIDESWIPE,NO MEDIAN,NOT APPLICABLE,2,NOT APPLICABLE,True,VEHICLE CHANGING LANES,"2,500 - 4,999 POP",NO,0622,-0.271,US & STATE HIGHWAYS,"STRAIGHT, LEVEL",MINOR ARTERIAL,ON ROADWAY,"2 LANE, 2 WAY",True,60,SH0361,DRY,CENTER STRIPE/DIVIDER,CLEAR
18743918,6181,False,6181,2023,PORT ARANSAS,DRIVER INATTENTION; TURNED WHEN UNSAFE,226302,5.639,2022-02-11,0,2,0,3,C - POSSIBLE INJURY,0,1449,3,2022,FRIDAY,16.076,0,MOTOR VEHICLE IN TRANSPORT,TWO-WAY,14:00 - 14:59,,N/A,NON INTERSECTION,27.84757888,DAYLIGHT,YES,-97.07411494,OTHER,NO MEDIAN,THREE ENTERING ROADS - T,2,NOT APPLICABLE,True,ATTENTION DIVERTED FROM DRIVING,"2,500 - 4,999 POP",NO,0620,-0.191,US & STATE HIGHWAYS,"STRAIGHT, LEVEL",MINOR ARTERIAL,ON ROADWAY,"2 LANE, 2 WAY",True,30,SH0361,DRY,FLAGMAN,CLEAR
18748405,12050,False,12050,2023,CORPUS CHRISTI,FAULTY EVASIVE ACTION,226303,16.57,2022-02-14,0,2,0,0,N - NOT INJURED,0,1013,0,2022,MONDAY,24.289,0,FIXED OBJECT,TWO-WAY,10:00 - 10:59,,N/A,NON INTERSECTION,27.74849889,DAYLIGHT,YES,-97.12565643,ONE MOTOR VEHICLE - GOING STRAIGHT,NO MEDIAN,NOT APPLICABLE,5,HIT GUARDRAIL,True,NOT APPLICABLE,"250,000 POP AND OVER",NO,0628,0.588,US & STATE HIGHWAYS,"STRAIGHT, LEVEL",MINOR ARTERIAL,OFF ROADWAY,"4 OR MORE LANES, UNDIVIDED",False,60,SH0361,DRY,MARKED LANES,CLEAR
18759003,10439,True,10439,2023,CORPUS CHRISTI,FAILED TO YIELD RIGHT OF WAY - STOP SIGN;UNDER INFLUENCE - DRUG,226303,26.723,2022-02-14,0,2,0,0,N - NOT INJURED,0,0424,0,2022,MONDAY,34.442,0,MOTOR VEHICLE IN TRANSPORT,TWO-WAY,04:00 - 04:59,0022,PR0022,INTERSECTION,27.62201986,"DARK, LIGHTED",YES,-97.21077788,ANGLE - ONE STRAIGHT-ONE BACKING,NO MEDIAN,THREE ENTERING ROADS - T,5,OVERTURNED,True,NOT APPLICABLE,"250,000 POP AND OVER",NO,0638,0.76,US & STATE HIGHWAYS,"STRAIGHT, LEVEL",MINOR ARTERIAL,ON ROADWAY,"4 OR MORE LANES, UNDIVIDED",False,55,SH0361,DRY,STOP SIGN,CLEAR
18782598,6181,False,6181,2023,ARANSAS PASS,OTHER (EXPLAIN IN NARRATIVE),226302,1.604,2022-02-18,0,2,1,0,B - SUSPECTED MINOR INJURY,0,1858,1,2022,FRIDAY,12.041,0,OVERTURNED,TWO-WAY,18:00 - 18:59,,N/A,NON INTERSECTION,27.89125972,"DARK, NOT LIGHTED",YES,-97.11557412,ONE MOTOR VEHICLE - GOING STRAIGHT,NO MEDIAN,OTHER (EXPLAIN IN NARRATIVE),2,OVERTURNED,True,NOT APPLICABLE,"5,000 - 9,999 POP",NO,0616,-0.267,US & STATE HIGHWAYS,"STRAIGHT, LEVEL",MINOR ARTERIAL,ON ROADWAY,"2 LANE, 2 WAY",False,55,SH0361,DRY,MARKED LANES,CLEAR
18769338,,False,,,PORT ARANSAS,FAULTY EVASIVE ACTION;UNSAFE SPEED,,,2022-02-24,0,2,0,0,N - NOT INJURED,0,1840,0,2022,THURSDAY,,0,MOTOR VEHICLE IN TRANSPORT,,18:00 - 18:59,,N/A,NON INTERSECTION,,"DARK, NOT LIGHTED",?0,,SAME DIRECTION - BOTH GOING STRAIGHT-REAR END,,THREE ENTERING ROADS - T,,NOT APPLICABLE,True,NOT APPLICABLE,"2,500 - 4,999 POP",NO,,,US & STATE HIGHWAYS,"STRAIGHT, LEVEL",,ON ROADWAY,,True,60,SH0361,WET,NONE,CLOUDY
18820005,12050,False,12050,2023,CORPUS CHRISTI,FAILED TO DRIVE IN SINGLE LANE,226303,14.415,2022-03-05,0,3,0,0,N - NOT INJURED,0,1823,0,2022,SATURDAY,22.134,0,OVERTURNED,TWO-WAY,18:00 - 18:59,,N/A,NON INTERSECTION,27.77533577,DAYLIGHT,YES,-97.10753182,ONE MOTOR VEHICLE - GOING STRAIGHT,NO MEDIAN,NOT APPLICABLE,5,OVERTURNED,True,NOT APPLICABLE,"250,000 POP AND OVER",NO,0626,0.422,US & STATE HIGHWAYS,"STRAIGHT, LEVEL",MINOR ARTERIAL,OFF ROADWAY,"4 OR MORE LANES, UNDIVIDED",False,60,SH0361,DRY,MARKED LANES,CLEAR
18783960,15893,False,15893,2023,PORT ARANSAS,DRIVER INATTENTION;FAILED TO YIELD RIGHT OF WAY - TURNING LEFT,226303,11.212,2022-03-06,0,3,0,0,N - NOT INJURED,0,1057,0,2022,SUNDAY,18.931,0,MOTOR VEHICLE IN TRANSPORT,TWO-WAY,10:00 - 10:59,,N/A,DRIVEWAY ACCESS,27.81305517,DAYLIGHT,YES,-97.07702484,ANGLE - ONE STRAIGHT-ONE LEFT TURN,NO MEDIAN,THREE ENTERING ROADS - T,2,NOT APPLICABLE,True,ONE VEHICLE LEAVING DRIVEWAY,"2,500 - 4,999 POP",NO,0624,-0.819,US & STATE HIGHWAYS,"STRAIGHT, LEVEL",MINOR ARTERIAL,ON ROADWAY,"2 LANE, 2 WAY",True,45,SH0361,DRY,NONE,CLEAR
18808403,10439,False,10439,2023,CORPUS CHRISTI,FAILED TO CONTROL SPEED,226303,22.498,2022-03-11,0,3,0,0,N - NOT INJURED,0,1240,0,2022,FRIDAY,30.217,0,OTHER NON COLLISION,TWO-WAY,12:00 - 12:59,,N/A,NON INTERSECTION,27.67464092,DAYLIGHT,YES,-97.1753381,ONE MOTOR VEHICLE - TURNING LEFT,NO MEDIAN,NOT APPLICABLE,5,NOT APPLICABLE,True,NOT APPLICABLE,"250,000 POP AND OVER",NO,0634,0.534,US & STATE HIGHWAYS,"STRAIGHT, LEVEL",MINOR ARTERIAL,OFF ROADWAY,"4 OR MORE LANES, UNDIVIDED",False,60,SH0361,WET,MARKED LANES,CLOUDY
18808486,6181,False,6181,2023,ARANSAS PASS,CHANGED LANE WHEN UNSAFE,226302,4.039,2022-03-15,0,3,0,0,A - SUSPECTED SERIOUS INJURY,1,1359,1,2022,TUESDAY,14.476,0,MOTOR VEHICLE IN TRANSPORT,TWO-WAY,13:00 - 13:59,,N/A,NON INTERSECTION,27.86776385,DAYLIGHT,YES,-97.08630355,SAME DIRECTION - BOTH GOING STRAIGHT-SIDESWIPE,NO MEDIAN,NOT APPLICABLE,2,OVERTURNED,True,VEHICLE CHANGING LANES,"5,000 - 9,999 POP",NO,0618,0.097,US & STATE HIGHWAYS,"STRAIGHT, LEVEL",MINOR ARTERIAL,ON ROADWAY,"2 LANE, 2 WAY",False,55,SH0361,DRY,MARKED LANES,CLEAR
18801552,9764,False,9764,2023,PORT ARANSAS,DRIVER INATTENTION; FAILED TO CONTROL SPEED,226302,7.077,2022-03-16,0,3,0,0,N - NOT INJURED,0,1848,0,2022,WEDNESDAY,17.529,0,MOTOR VEHICLE IN TRANSPORT,TWO-WAY,18:00 - 18:59,,S ALISTER ST,INTERSECTION RELATED,27.82991015,DAYLIGHT,YES,-97.06942427,SAME DIRECTION - ONE STRAIGHT-ONE STOPPED,NO MEDIAN,NOT APPLICABLE,2,NOT APPLICABLE,True,"SLOWING/STOPPING - FOR OFFICER, FLAGMAN, OR TRAFFIC CONTROL","2,500 - 4,999 POP",NO,0622,-0.199,CITY STREET,"STRAIGHT, LEVEL",MINOR ARTERIAL,ON ROADWAY,"2 LANE, 2 WAY",True,35,SH0361,DRY,SIGNAL LIGHT,CLEAR
18801584,9764,True,9764,2023,PORT ARANSAS,FAILED TO CONTROL SPEED; UNDER INFLUENCE - ALCOHOL,226302,7.266,2022-03-17,0,3,0,0,N - NOT INJURED,0,2050,0,2022,THURSDAY,17.718,0,MOTOR VEHICLE IN TRANSPORT,TWO-WAY,20:00 - 20:59,,S ALISTER ST,INTERSECTION RELATED,27.82817809,"DARK, LIGHTED",YES,-97.06701784,SAME DIRECTION - BOTH GOING STRAIGHT-REAR END,NO MEDIAN,FOUR ENTERING ROADS,2,NOT APPLICABLE,True,NOT APPLICABLE,"2,500 - 4,999 POP",NO,0622,-0.01,CITY STREET,"STRAIGHT, LEVEL",MINOR ARTERIAL,ON ROADWAY,"2 LANE, 2 WAY",True,30,SH0361,DRY,SIGNAL LIGHT,CLEAR
18801850,15893,True,15893,2023,PORT ARANSAS,FAILED TO YIELD RIGHT OF WAY - OPEN INTERSECTION;UNDER INFLUENCE - ALCOHOL,226303,10.755,2022-03-17,0,3,0,1,A - SUSPECTED SERIOUS INJURY,1,0100,2,2022,THURSDAY,18.474,0,MOTOR VEHICLE IN TRANSPORT,TWO-WAY,01:00 - 01:59,,E HOWARD BLVD,INTERSECTION,27.8189672,"DARK, LIGHTED",YES,-97.07363613,ANGLE - BOTH GOING STRAIGHT,NO MEDIAN,THREE ENTERING ROADS - T,2,NOT APPLICABLE,True,NOT APPLICABLE,"2,500 - 4,999 POP",NO,0622,0.746,US & STATE HIGHWAYS,"STRAIGHT, LEVEL",MINOR ARTERIAL,ON ROADWAY,"2 LANE, 2 WAY",True,45,SH0361,DRY,MARKED LANES,CLEAR
18804035,15893,True,15893,2023,PORT ARANSAS,DRIVER INATTENTION; FAILED TO CONTROL SPEED,226303,11.782,2022-03-17,0,3,0,0,N - NOT INJURED,0,1914,0,2022,THURSDAY,19.501,0,MOTOR VEHICLE IN TRANSPORT,BOULEVARD,19:00 - 19:59,,N/A,NON INTERSECTION,27.80637738,DAYLIGHT,YES,-97.0824751,SAME DIRECTION - ONE STRAIGHT-ONE STOPPED,CURBED,THREE ENTERING ROADS - T,4,NOT APPLICABLE,True,SLOWING/STOPPING-FOR TRAFFIC,"2,500 - 4,999 POP",NO,0624,-0.249,US & STATE HIGHWAYS,"STRAIGHT, LEVEL",MINOR ARTERIAL,ON ROADWAY,"4 OR MORE LANES, DIVIDED",True,60,SH0361,DRY,OTHER (EXPLAIN IN NARRATIVE),CLEAR
18803804,10439,False,10439,2023,CORPUS CHRISTI,UNSAFE SPEED,226303,27.46,2022-03-18,0,3,0,0,N - NOT INJURED,0,1652,0,2022,FRIDAY,35.179,0,MOTOR VEHICLE IN TRANSPORT,TWO-WAY,16:00 - 16:59,,N/A,NON INTERSECTION,27.61788081,DAYLIGHT,YES,-97.22115549,SAME DIRECTION - BOTH GOING STRAIGHT-REAR END,NO MEDIAN,NOT APPLICABLE,5,NOT APPLICABLE,True,SLOWING/STOPPING-FOR TRAFFIC,"250,000 POP AND OVER",NO,0638,1.497,US & STATE HIGHWAYS,"STRAIGHT, GRADE",MINOR ARTERIAL,ON ROADWAY,"4 OR MORE LANES, UNDIVIDED",False,55,SH0361,DRY,MARKED LANES,CLEAR
18810567,15893,True,15893,2023,PORT ARANSAS,FAILED TO YIELD RIGHT OF WAY - TURNING LEFT,226303,11.782,2022-03-19,0,3,1,0,A - SUSPECTED SERIOUS INJURY,2,2119,3,2022,SATURDAY,19.501,0,MOTOR VEHICLE IN TRANSPORT,BOULEVARD,21:00 - 21:59,,PIPER BLVD,INTERSECTION,27.80637738,"DARK, LIGHTED",YES,-97.0824751,OPPOSITE DIRECTION - ONE STRAIGHT-ONE LEFT TURN,CURBED,THREE ENTERING ROADS - T,4,NOT APPLICABLE,True,NOT APPLICABLE,"2,500 - 4,999 POP",NO,0624,-0.249,US & STATE HIGHWAYS,"STRAIGHT, LEVEL",MINOR ARTERIAL,ON ROADWAY,"4 OR MORE LANES, DIVIDED",True,55,SH0361,DRY,FLASHING YELLOW LIGHT,CLEAR
18818093,5888,False,5888,2023,PORT ARANSAS,CHANGED LANE WHEN UNSAFE; DRIVER INATTENTION,226302,6.573,2022-03-25,0,3,0,2,C - POSSIBLE INJURY,0,1703,2,2022,FRIDAY,17.025,0,MOTOR VEHICLE IN TRANSPORT,TWO-WAY,17:00 - 17:59,,W AVENUE A,INTERSECTION RELATED,27.83609552,DAYLIGHT,YES,-97.06968029,SAME DIRECTION - BOTH GOING STRAIGHT-SIDESWIPE,NO MEDIAN,THREE ENTERING ROADS - T,2,NOT APPLICABLE,True,VEHICLE CHANGING LANES,"2,500 - 4,999 POP",NO,0622,-0.703,CITY STREET,"STRAIGHT, LEVEL",MINOR ARTERIAL,ON ROADWAY,"2 LANE, 2 WAY",True,35,SH0361,DRY,SIGNAL LIGHT,CLEAR
18826141,12050,False,12050,2023,CORPUS CHRISTI,FAILED TO CONTROL SPEED; FATIGUED OR ASLEEP,226303,19.384,2022-03-25,0,3,1,2,B - SUSPECTED MINOR INJURY,0,1438,3,2022,FRIDAY,27.103,0,FIXED OBJECT,TWO-WAY,14:00 - 14:59,,N/A,NON INTERSECTION,27.71344216,DAYLIGHT,YES,-97.14926171,ONE MOTOR VEHICLE - GOING STRAIGHT,NO MEDIAN,NOT APPLICABLE,5,DITCH,True,SWERVED OR VEERED-REASON NOT SPECIFIED,"250,000 POP AND OVER",NO,0632,-0.58,US & STATE HIGHWAYS,"STRAIGHT, LEVEL",MINOR ARTERIAL,OFF ROADWAY,"4 OR MORE LANES, UNDIVIDED",False,60,SH0361,DRY,MARKED LANES,CLEAR
18818099,9764,True,9764,2023,PORT ARANSAS,DRIVER INATTENTION; FAILED TO CONTROL SPEED,226302,7.266,2022-03-26,0,3,0,0,N - NOT INJURED,0,1947,0,2022,SATURDAY,17.718,0,MOTOR VEHICLE IN TRANSPORT,TWO-WAY,19:00 - 19:59,,W AVENUE G,INTERSECTION RELATED,27.82817809,DAYLIGHT,YES,-97.06701784,SAME DIRECTION - BOTH GOING STRAIGHT-REAR END,NO MEDIAN,FOUR ENTERING ROADS,2,NOT APPLICABLE,True,SLOWING/STOPPING-TO MAKE RIGHT TURN,"2,500 - 4,999 POP",NO,0622,-0.01,US & STATE HIGHWAYS,"STRAIGHT, LEVEL",MINOR ARTERIAL,ON ROADWAY,"2 LANE, 2 WAY",True,35,SH0361,DRY,MARKED LANES,CLEAR
18828785,12050,False,12050,2023,CORPUS CHRISTI,ANIMAL ON ROAD - WILD,226303,18.072,2022-03-26,0,3,0,0,N - NOT INJURED,0,2318,0,2022,SATURDAY,25.791,0,ANIMAL,TWO-WAY,23:00 - 23:59,,N/A,NON INTERSECTION,27.72978106,"DARK, NOT LIGHTED",YES,-97.13825323,ONE MOTOR VEHICLE - GOING STRAIGHT,NO MEDIAN,NOT APPLICABLE,5,NOT APPLICABLE,True,NOT APPLICABLE,"250,000 POP AND OVER",NO,0630,0.059,US & STATE HIGHWAYS,"STRAIGHT, LEVEL",MINOR ARTERIAL,ON ROADWAY,"4 OR MORE LANES, UNDIVIDED",False,55,SH0361,DRY,MARKED LANES,CLEAR
18832350,9764,True,9764,2023,PORT ARANSAS,TURNED IMPROPERLY - CUT CORNER ON LEFT,226302,7.266,2022-03-26,0,3,0,0,N - NOT INJURED,0,1333,0,2022,SATURDAY,17.718,0,MOTOR VEHICLE IN TRANSPORT,TWO-WAY,13:00 - 13:59,,N/A,DRIVEWAY ACCESS,27.82817809,DAYLIGHT,YES,-97.06701784,OPPOSITE DIRECTION - ONE LEFT TURN-ONE STOPPED,NO MEDIAN,FOUR ENTERING ROADS,2,NOT APPLICABLE,True,ONE VEHICLE ENTERING DRIVEWAY,"2,500 - 4,999 POP",NO,0622,-0.01,CITY STREET,"STRAIGHT, LEVEL",MINOR ARTERIAL,ON ROADWAY,"2 LANE, 2 WAY",True,30,SH0361,DRY,SIGNAL LIGHT,CLEAR
18836492,10439,False,10439,2023,CORPUS CHRISTI,FAILED TO DRIVE IN SINGLE LANE,226303,22.339,2022-03-30,0,3,0,2,C - POSSIBLE INJURY,0,1629,2,2022,WEDNESDAY,30.058,0,MOTOR VEHICLE IN TRANSPORT,TWO-WAY,16:00 - 16:59,,N/A,NON INTERSECTION,27.67662078,DAYLIGHT,YES,-97.17401609,OPPOSITE DIRECTION - BOTH GOING STRAIGHT,NO MEDIAN,NOT APPLICABLE,5,NOT APPLICABLE,True,NOT APPLICABLE,"250,000 POP AND OVER",NO,0634,0.375,US & STATE HIGHWAYS,"STRAIGHT, LEVEL",MINOR ARTERIAL,ON ROADWAY,"4 OR MORE LANES, UNDIVIDED",False,60,SH0361,DRY,MARKED LANES,CLEAR
18831174,9764,False,9764,2023,PORT ARANSAS,NONE,226302,7.093,2022-04-03,0,4,1,0,B - SUSPECTED MINOR INJURY,0,0204,1,2022,SUNDAY,17.545,0,OTHER NON COLLISION,TWO-WAY,02:00 - 02:59,,N/A,NON INTERSECTION,27.8297634,"DARK, LIGHTED",YES,-97.06922706,ONE MOTOR VEHICLE - TURNING LEFT,NO MEDIAN,NOT APPLICABLE,2,PERSON FELL OR JUMPED FROM VEHICLE,True,NOT APPLICABLE,"2,500 - 4,999 POP",NO,0622,-0.183,CITY STREET,"STRAIGHT, LEVEL",MINOR ARTERIAL,ON ROADWAY,"2 LANE, 2 WAY",True,35,SH0361,DRY,MARKED LANES,CLEAR
18835210,15893,True,15893,2023,PORT ARANSAS,DRIVER INATTENTION,226303,12.038,2022-04-04,0,4,0,0,N - NOT INJURED,0,0920,0,2022,MONDAY,19.757,0,MOTOR VEHICLE IN TRANSPORT,BOULEVARD,09:00 - 09:59,,PALMILLA WAY,INTERSECTION,27.80338938,DAYLIGHT,YES,-97.08498763,SAME DIRECTION - ONE STRAIGHT-ONE RIGHT TURN,CURBED,FOUR ENTERING ROADS,4,NOT APPLICABLE,True,ATTENTION DIVERTED FROM DRIVING,"2,500 - 4,999 POP",NO,0624,0.007,US & STATE HIGHWAYS,"STRAIGHT, LEVEL",MINOR ARTERIAL,ON ROADWAY,"4 OR MORE LANES, DIVIDED",True,55,SH0361,DRY,CENTER STRIPE/DIVIDER,CLOUDY
18856213,10439,False,10439,2023,CORPUS CHRISTI,PASSED ON RIGHT SHOULDER,226303,25.731,2022-04-09,0,4,0,0,N - NOT INJURED,0,1910,0,2022,SATURDAY,33.45,0,MOTOR VEHICLE IN TRANSPORT,TWO-WAY,19:00 - 19:59,,N/A,NON INTERSECTION,27.63435403,DAYLIGHT,YES,-97.20242374,SAME DIRECTION - BOTH GOING STRAIGHT-SIDESWIPE,NO MEDIAN,NOT APPLICABLE,5,NOT APPLICABLE,True,VEHICLE PASSING OR ATTEMPTING TO PASS ON RIGHT,"250,000 POP AND OVER",NO,0638,-0.232,US & STATE HIGHWAYS,"STRAIGHT, LEVEL",MINOR ARTERIAL,ON ROADWAY,"4 OR MORE LANES, UNDIVIDED",False,60,SH0361,DRY,MARKED LANES,CLEAR
18855051,6181,False,6181,2023,ARANSAS PASS,DRIVER INATTENTION; FAILED TO CONTROL SPEED,226302,5.213,2022-04-16,0,4,0,1,C - POSSIBLE INJURY,0,1253,1,2022,SATURDAY,15.65,0,MOTOR VEHICLE IN TRANSPORT,TWO-WAY,12:00 - 12:59,,N/A,NON INTERSECTION,27.85248102,DAYLIGHT,YES,-97.07835207,SAME DIRECTION - ONE STRAIGHT-ONE STOPPED,NO MEDIAN,NOT APPLICABLE,2,NOT APPLICABLE,True,SLOWING/STOPPING-FOR TRAFFIC,"5,000 - 9,999 POP",NO,0620,-0.617,US & STATE HIGHWAYS,"STRAIGHT, LEVEL",MINOR ARTERIAL,ON ROADWAY,"2 LANE, 2 WAY",False,55,SH0361,DRY,MARKED LANES,CLOUDY
18881343,14248,False,14248,2023,PORT ARANSAS,DRIVER INATTENTION; FAILED TO CONTROL SPEED,226303,10.095,2022-04-30,0,4,0,1,C - POSSIBLE INJURY,0,1039,1,2022,SATURDAY,17.814,0,MOTOR VEHICLE IN TRANSPORT,TWO-WAY,10:00 - 10:59,,N/A,DRIVEWAY ACCESS,27.82710311,DAYLIGHT,YES,-97.06796643,SAME DIRECTION - ONE STRAIGHT-ONE LEFT TURN,NO MEDIAN,FOUR ENTERING ROADS,2,NOT APPLICABLE,True,ONE VEHICLE ENTERING DRIVEWAY,"2,500 - 4,999 POP",NO,0622,0.086,US & STATE HIGHWAYS,"STRAIGHT, LEVEL",MINOR ARTERIAL,ON ROADWAY,"2 LANE, 2 WAY",True,35,SH0361,DRY,SIGNAL LIGHT,CLEAR
18893113,15893,False,15893,2023,PORT ARANSAS,OTHER (EXPLAIN IN NARRATIVE),226303,11.285,2022-05-01,0,5,0,0,N - NOT INJURED,0,1556,0,2022,SUNDAY,19.004,0,FIXED OBJECT,TWO-WAY,15:00 - 15:59,,N/A,NON INTERSECTION,27.81211805,DAYLIGHT,YES,-97.07758355,ONE MOTOR VEHICLE - GOING STRAIGHT,NO MEDIAN,NOT APPLICABLE,2,HIT CONCRETE TRAFFIC BARRIER (NOT IN MEDIAN),True,SWERVED OR VEERED-REASON NOT SPECIFIED,"2,500 - 4,999 POP",NO,0624,-0.746,US & STATE HIGHWAYS,"STRAIGHT, LEVEL",MINOR ARTERIAL,OFF ROADWAY,"2 LANE, 2 WAY",True,45,SH0361,DRY,NONE,CLOUDY
18947263,10439,True,10439,2023,CORPUS CHRISTI,DISREGARD STOP SIGN OR LIGHT,226303,26.723,2022-05-07,0,5,0,8,C - POSSIBLE INJURY,0,0037,8,2022,SATURDAY,34.442,0,MOTOR VEHICLE IN TRANSPORT,TWO-WAY,00:00 - 00:59,,ZAHN RD,INTERSECTION,27.62201986,"DARK, LIGHTED",YES,-97.21077788,ANGLE - ONE STRAIGHT-ONE LEFT TURN,NO MEDIAN,THREE ENTERING ROADS - T,5,NOT APPLICABLE,True,NOT APPLICABLE,"250,000 POP AND OVER",NO,0638,0.76,US & STATE HIGHWAYS,"STRAIGHT, LEVEL",MINOR ARTERIAL,ON ROADWAY,"4 OR MORE LANES, UNDIVIDED",False,55,SH0361,DRY,STOP SIGN,CLEAR
18896872,10439,False,10439,2023,CORPUS CHRISTI,FAILED TO YIELD RIGHT OF WAY - PRIVATE DRIVE,226303,27.479,2022-05-08,0,5,0,0,N - NOT INJURED,0,1129,0,2022,SUNDAY,35.198,0,MOTOR VEHICLE IN TRANSPORT,TWO-WAY,11:00 - 11:59,,N/A,DRIVEWAY ACCESS,27.61788517,DAYLIGHT,YES,-97.22146329,ANGLE - ONE STRAIGHT-ONE LEFT TURN,NO MEDIAN,NOT APPLICABLE,5,NOT APPLICABLE,True,ONE VEHICLE LEAVING DRIVEWAY,"250,000 POP AND OVER",NO,0638,1.516,US & STATE HIGHWAYS,"STRAIGHT, LEVEL",MINOR ARTERIAL,ON ROADWAY,"4 OR MORE LANES, UNDIVIDED",False,55,SH0361,DRY,CENTER STRIPE/DIVIDER,CLEAR
18929547,15893,False,15893,2023,PORT ARANSAS,DRIVER INATTENTION; TURNED WHEN UNSAFE,226303,10.377,2022-05-16,0,5,0,0,N - NOT INJURED,0,1146,0,2022,MONDAY,18.096,0,MOTOR VEHICLE IN TRANSPORT,TWO-WAY,11:00 - 11:59,,N/A,DRIVEWAY ACCESS,27.82378243,DAYLIGHT,YES,-97.07066537,ANGLE - ONE STRAIGHT-ONE LEFT TURN,NO MEDIAN,THREE ENTERING ROADS - T,2,NOT APPLICABLE,True,ONE VEHICLE LEAVING DRIVEWAY,"2,500 - 4,999 POP",NO,0622,0.368,US & STATE HIGHWAYS,"STRAIGHT, LEVEL",MINOR ARTERIAL,ON ROADWAY,"2 LANE, 2 WAY",True,35,SH0361,DRY,STOP SIGN,CLEAR
18930562,10439,True,10439,2023,CORPUS CHRISTI,FAILED TO YIELD RIGHT OF WAY - STOP SIGN,226303,26.723,2022-05-21,0,5,0,0,N - NOT INJURED,0,1647,0,2022,SATURDAY,34.442,0,MOTOR VEHICLE IN TRANSPORT,TWO-WAY,16:00 - 16:59,,ZAHN RD,INTERSECTION,27.62201986,DAYLIGHT,YES,-97.21077788,ANGLE - ONE STRAIGHT-ONE LEFT TURN,NO MEDIAN,THREE ENTERING ROADS - T,5,NOT APPLICABLE,True,NOT APPLICABLE,"250,000 POP AND OVER",NO,0638,0.76,US & STATE HIGHWAYS,"STRAIGHT, LEVEL",MINOR ARTERIAL,ON ROADWAY,"4 OR MORE LANES, UNDIVIDED",False,55,SH0361,DRY,STOP SIGN,CLEAR
18925130,10439,False,10439,2023,CORPUS CHRISTI,FAILED TO CONTROL SPEED,226303,22.55,2022-05-22,0,5,0,0,N - NOT INJURED,0,1249,0,2022,SUNDAY,30.269,0,MOTOR VEHICLE IN TRANSPORT,TWO-WAY,12:00 - 12:59,,N/A,NON INTERSECTION,27.67399068,DAYLIGHT,YES,-97.17577252,SAME DIRECTION - BOTH GOING STRAIGHT-REAR END,NO MEDIAN,NOT APPLICABLE,5,NOT APPLICABLE,True,SLOWING/STOPPING-FOR TRAFFIC,"250,000 POP AND OVER",NO,0634,0.586,US & STATE HIGHWAYS,"STRAIGHT, LEVEL",MINOR ARTERIAL,ON ROADWAY,"4 OR MORE LANES, UNDIVIDED",False,65,SH0361,DRY,MARKED LANES,CLOUDY
18930857,12050,False,12050,2023,CORPUS CHRISTI,FAILED TO DRIVE IN SINGLE LANE; FATIGUED OR ASLEEP; UNDER INFLUENCE - DRUG,226303,15.272,2022-05-25,0,5,1,0,B - SUSPECTED MINOR INJURY,0,0743,1,2022,WEDNESDAY,22.991,0,MOTOR VEHICLE IN TRANSPORT,TWO-WAY,07:00 - 07:59,,N/A,NON INTERSECTION,27.76466462,DAYLIGHT,YES,-97.11474257,OPPOSITE DIRECTION - BOTH GOING STRAIGHT,NO MEDIAN,NOT APPLICABLE,5,NOT APPLICABLE,True,NOT APPLICABLE,"250,000 POP AND OVER",NO,0628,-0.71,US & STATE HIGHWAYS,"STRAIGHT, LEVEL",MINOR ARTERIAL,ON ROADWAY,"4 OR MORE LANES, UNDIVIDED",False,60,SH0361,DRY,MARKED LANES,CLEAR
18933746,14248,False,14248,2023,PORT ARANSAS,OTHER (EXPLAIN IN NARRATIVE),226303,10.017,2022-05-27,0,5,0,0,N - NOT INJURED,0,1546,0,2022,FRIDAY,17.736,0,MOTOR VEHICLE IN TRANSPORT,TWO-WAY,15:00 - 15:59,,N/A,DRIVEWAY ACCESS,27.82798197,DAYLIGHT,YES,-97.06717948,ANGLE - ONE STRAIGHT-ONE LEFT TURN,NO MEDIAN,OTHER (EXPLAIN IN NARRATIVE),2,NOT APPLICABLE,True,ONE VEHICLE LEAVING DRIVEWAY,"2,500 - 4,999 POP",NO,0622,0.008,US & STATE HIGHWAYS,"STRAIGHT, LEVEL",MINOR ARTERIAL,ON ROADWAY,"2 LANE, 2 WAY",True,35,SH0361,DRY,NONE,CLEAR
18941987,6181,False,6181,2023,ARANSAS PASS,FAILED TO CONTROL SPEED,226302,4.688,2022-05-29,0,5,0,0,N - NOT INJURED,0,1211,0,2022,SUNDAY,15.125,0,MOTOR VEHICLE IN TRANSPORT,TWO-WAY,12:00 - 12:59,,N/A,NON INTERSECTION,27.85965148,DAYLIGHT,YES,-97.08109242,SAME DIRECTION - BOTH GOING STRAIGHT-REAR END,NO MEDIAN,NOT APPLICABLE,2,NOT APPLICABLE,True,SLOWING/STOPPING-FOR TRAFFIC,"5,000 - 9,999 POP",NO,0618,0.746,US & STATE HIGHWAYS,"STRAIGHT, LEVEL",MINOR ARTERIAL,ON ROADWAY,"2 LANE, 2 WAY",False,55,SH0361,DRY,MARKED LANES,CLEAR
18951105,12050,False,12050,2023,CORPUS CHRISTI,DRIVER INATTENTION; FAILED TO CONTROL SPEED; FOLLOWED TOO CLOSELY,226303,16.435,2022-06-01,0,6,0,0,N - NOT INJURED,0,0845,0,2022,WEDNESDAY,24.154,0,MOTOR VEHICLE IN TRANSPORT,TWO-WAY,08:00 - 08:59,,N/A,NON INTERSECTION,27.75018442,DAYLIGHT,YES,-97.1245264,SAME DIRECTION - BOTH GOING STRAIGHT-REAR END,NO MEDIAN,THREE ENTERING ROADS - T,5,NOT APPLICABLE,True,SLOWING/STOPPING-FOR TRAFFIC,"250,000 POP AND OVER",NO,0628,0.453,US & STATE HIGHWAYS,"STRAIGHT, LEVEL",MINOR ARTERIAL,ON ROADWAY,"4 OR MORE LANES, UNDIVIDED",False,60,SH0361,DRY,NONE,CLEAR
18951458,6181,False,6181,2023,ARANSAS PASS,FAILED TO CONTROL SPEED,226302,1.589,2022-06-08,0,6,0,0,A - SUSPECTED SERIOUS INJURY,1,1351,1,2022,WEDNESDAY,12.026,0,OVERTURNED,TWO-WAY,13:00 - 13:59,,N/A,NON INTERSECTION,27.89131841,DAYLIGHT,YES,-97.11580867,ONE MOTOR VEHICLE - GOING STRAIGHT,NO MEDIAN,OTHER (EXPLAIN IN NARRATIVE),2,OVERTURNED,True,"LOST CONTROL OR SKIDDED (ICY OR SLICK ROAD, ETC.)","5,000 - 9,999 POP",NO,0616,-0.282,US & STATE HIGHWAYS,"CURVE, LEVEL",MINOR ARTERIAL,SHOULDER,"2 LANE, 2 WAY",False,55,SH0361,DRY,MARKED LANES,CLEAR
18960392,10439,False,10439,2023,CORPUS CHRISTI,FAILED TO YIELD RIGHT OF WAY - TURN ON RED,226303,27.489,2022-06-08,0,6,0,0,N - NOT INJURED,0,1747,0,2022,WEDNESDAY,35.208,0,MOTOR VEHICLE IN TRANSPORT,TWO-WAY,17:00 - 17:59,0022,PR0022,INTERSECTION RELATED,27.61788736,DAYLIGHT,YES,-97.22161719,OPPOSITE DIRECTION - ONE RIGHT TURN-ONE LEFT TURN,NO MEDIAN,FOUR ENTERING ROADS,5,NOT APPLICABLE,True,NOT APPLICABLE,"250,000 POP AND OVER",NO,0638,1.526,US & STATE HIGHWAYS,"STRAIGHT, LEVEL",MINOR ARTERIAL,ON ROADWAY,"4 OR MORE LANES, UNDIVIDED",False,55,SH0361,DRY,SIGNAL LIGHT,CLEAR
18955367,9764,False,9764,2023,PORT ARANSAS,DRIVER INATTENTION; FAILED TO DRIVE IN SINGLE LANE; FATIGUED OR ASLEEP,226302,6.98,2022-06-11,0,6,0,0,N - NOT INJURED,0,0412,0,2022,SATURDAY,17.432,0,FIXED OBJECT,TWO-WAY,04:00 - 04:59,,N/A,NON INTERSECTION,27.83080151,"DARK, LIGHTED",YES,-97.07065052,ONE MOTOR VEHICLE - GOING STRAIGHT,NO MEDIAN,THREE ENTERING ROADS - Y,2,HIT HIGHWAY SIGN,True,ATTENTION DIVERTED FROM DRIVING,"2,500 - 4,999 POP",NO,0622,-0.296,CITY STREET,"CURVE, LEVEL",MINOR ARTERIAL,MEDIAN,"2 LANE, 2 WAY",True,35,SH0361,DRY,WARNING SIGN,CLEAR
18967352,9764,False,9764,2023,PORT ARANSAS,OTHER (EXPLAIN IN NARRATIVE),226302,7.015,2022-06-15,0,6,0,0,A - SUSPECTED SERIOUS INJURY,1,1330,1,2022,WEDNESDAY,17.467,0,MOTOR VEHICLE IN TRANSPORT,TWO-WAY,13:00 - 13:59,,UNKNOWN,INTERSECTION RELATED,27.83048449,DAYLIGHT,YES,-97.07020011,OPPOSITE DIRECTION - BOTH GOING STRAIGHT,NO MEDIAN,OTHER (EXPLAIN IN NARRATIVE),2,NOT APPLICABLE,True,NOT APPLICABLE,"2,500 - 4,999 POP",NO,0622,-0.261,CITY STREET,"STRAIGHT, LEVEL",MINOR ARTERIAL,ON ROADWAY,"2 LANE, 2 WAY",True,30,SH0361,DRY,NONE,CLEAR
18977767,12050,False,12050,2023,CORPUS CHRISTI,DRIVER INATTENTION; FAILED TO DRIVE IN SINGLE LANE,226303,14.844,2022-06-16,1,6,0,0,K - FATAL INJURY,1,0734,1,2022,THURSDAY,22.563,1,MOTOR VEHICLE IN TRANSPORT,TWO-WAY,07:00 - 07:59,,N/A,NON INTERSECTION,27.76998938,DAYLIGHT,YES,-97.1111445,OPPOSITE DIRECTION - BOTH GOING STRAIGHT,NO MEDIAN,NOT APPLICABLE,5,NOT APPLICABLE,True,NOT APPLICABLE,"250,000 POP AND OVER",NO,0626,0.851,US & STATE HIGHWAYS,"STRAIGHT, LEVEL",MINOR ARTERIAL,ON ROADWAY,"4 OR MORE LANES, UNDIVIDED",False,60,SH0361,DRY,CENTER STRIPE/DIVIDER,CLEAR
18967355,15893,True,15893,2023,PORT ARANSAS,FAILED TO YIELD RIGHT OF WAY - STOP SIGN;OTHER (EXPLAIN IN NARRATIVE),226303,10.755,2022-06-18,0,6,0,0,N - NOT INJURED,0,0853,0,2022,SATURDAY,18.474,0,MOTOR VEHICLE IN TRANSPORT,TWO-WAY,08:00 - 08:59,,E HOWARD BLVD,INTERSECTION RELATED,27.8189672,DAYLIGHT,YES,-97.07363613,ANGLE - ONE LEFT TURN-ONE STOPPED,NO MEDIAN,OTHER (EXPLAIN IN NARRATIVE),2,NOT APPLICABLE,True,"SLOWING/STOPPING - FOR OFFICER, FLAGMAN, OR TRAFFIC CONTROL","2,500 - 4,999 POP",NO,0622,0.746,US & STATE HIGHWAYS,"STRAIGHT, LEVEL",MINOR ARTERIAL,ON ROADWAY,"2 LANE, 2 WAY",True,45,SH0361,WET,STOP SIGN,RAIN
18983962,9764,False,9764,2023,PORT ARANSAS,DRIVER INATTENTION,226302,7.153,2022-06-22,0,6,0,0,N - NOT INJURED,0,1715,0,2022,WEDNESDAY,17.605,0,MOTOR VEHICLE IN TRANSPORT,TWO-WAY,17:00 - 17:59,,N/A,NON INTERSECTION,27.82921162,DAYLIGHT,YES,-97.0684657,SAME DIRECTION - ONE STRAIGHT-ONE STOPPED,NO MEDIAN,NOT APPLICABLE,2,NOT APPLICABLE,True,SLOWING/STOPPING-FOR TRAFFIC,"2,500 - 4,999 POP",NO,0622,-0.123,CITY STREET,"STRAIGHT, LEVEL",MINOR ARTERIAL,ON ROADWAY,"2 LANE, 2 WAY",True,35,SH0361,DRY,NONE,CLEAR
18984016,15893,False,15893,2023,PORT ARANSAS,FAILED TO YIELD RIGHT OF WAY - PRIVATE DRIVE;OTHER (EXPLAIN IN NARRATIVE),226303,11.153,2022-06-25,0,6,0,1,C - POSSIBLE INJURY,0,1846,1,2022,SATURDAY,18.872,0,MOTOR VEHICLE IN TRANSPORT,TWO-WAY,18:00 - 18:59,,N/A,DRIVEWAY ACCESS,27.81380863,DAYLIGHT,YES,-97.07658554,ANGLE - BOTH GOING STRAIGHT,NO MEDIAN,THREE ENTERING ROADS - T,2,NOT APPLICABLE,True,ONE VEHICLE LEAVING DRIVEWAY,"2,500 - 4,999 POP",NO,0624,-0.878,US & STATE HIGHWAYS,"STRAIGHT, LEVEL",MINOR ARTERIAL,ON ROADWAY,"2 LANE, 2 WAY",True,45,SH0361,DRY,STOP SIGN,CLEAR
18996076,10439,False,10439,2023,CORPUS CHRISTI,FAILED TO YIELD RIGHT OF WAY - PRIVATE DRIVE,226303,27.479,2022-06-26,0,6,0,0,N - NOT INJURED,0,1015,0,2022,SUNDAY,35.198,0,MOTOR VEHICLE IN TRANSPORT,TWO-WAY,10:00 - 10:59,,N/A,DRIVEWAY ACCESS,27.61788517,DAYLIGHT,YES,-97.22146329,ANGLE - BOTH GOING STRAIGHT,NO MEDIAN,NOT APPLICABLE,5,NOT APPLICABLE,True,ONE VEHICLE LEAVING DRIVEWAY,"250,000 POP AND OVER",NO,0638,1.516,US & STATE HIGHWAYS,"STRAIGHT, LEVEL",MINOR ARTERIAL,ON ROADWAY,"4 OR MORE LANES, UNDIVIDED",False,45,SH0361,DRY,MARKED LANES,CLEAR
18985899,6181,False,6181,2023,PORT ARANSAS,DRIVER INATTENTION,226302,5.556,2022-06-27,0,6,0,0,N - NOT INJURED,0,1441,0,2022,MONDAY,15.993,0,MOTOR VEHICLE IN TRANSPORT,TWO-WAY,14:00 - 14:59,,N/A,NON INTERSECTION,27.8484646,DAYLIGHT,YES,-97.07503808,SAME DIRECTION - ONE STRAIGHT-ONE STOPPED,NO MEDIAN,NOT APPLICABLE,2,NOT APPLICABLE,True,SLOWING/STOPPING-REASON NOT SPECIFIED,"2,500 - 4,999 POP",NO,0620,-0.274,US & STATE HIGHWAYS,"STRAIGHT, LEVEL",MINOR ARTERIAL,ON ROADWAY,"2 LANE, 2 WAY",True,55,SH0361,DRY,FLAGMAN,CLEAR
18988200,15893,True,15893,2023,PORT ARANSAS,FAILED TO CONTROL SPEED,226303,11.087,2022-06-29,0,6,0,0,N - NOT INJURED,0,1629,0,2022,WEDNESDAY,18.806,0,OVERTURNED,TWO-WAY,16:00 - 16:59,,PARADISE POINTE DR,INTERSECTION RELATED,27.81467321,DAYLIGHT,YES,-97.07609917,ONE MOTOR VEHICLE - TURNING RIGHT,NO MEDIAN,THREE ENTERING ROADS - T,2,OVERTURNED,True,NOT APPLICABLE,"2,500 - 4,999 POP",NO,0624,-0.944,US & STATE HIGHWAYS,"STRAIGHT, LEVEL",MINOR ARTERIAL,ON ROADWAY,"2 LANE, 2 WAY",True,45,SH0361,DRY,STOP SIGN,CLEAR
18996671,6181,False,6181,2023,ARANSAS PASS,FAILED TO DRIVE IN SINGLE LANE; FOLLOWED TOO CLOSELY; UNDER INFLUENCE - ALCOHOL,226302,3.341,2022-06-29,2,6,0,0,K - FATAL INJURY,0,2324,0,2022,WEDNESDAY,13.778,1,MOTOR VEHICLE IN TRANSPORT,TWO-WAY,23:00 - 23:59,,N/A,NON INTERSECTION,27.87501167,"DARK, NOT LIGHTED",YES,-97.09428238,OPPOSITE DIRECTION - BOTH GOING STRAIGHT,NO MEDIAN,NOT APPLICABLE,2,OVERTURNED,True,NOT APPLICABLE,"5,000 - 9,999 POP",NO,0618,-0.601,US & STATE HIGHWAYS,"STRAIGHT, LEVEL",MINOR ARTERIAL,ON ROADWAY,"2 LANE, 2 WAY",False,55,SH0361,DRY,MARKED LANES,CLEAR
18996702,6181,False,6181,2023,ARANSAS PASS,FOLLOWED TOO CLOSELY,226302,5.136,2022-07-03,0,7,0,0,N - NOT INJURED,0,1041,0,2022,SUNDAY,15.573,0,MOTOR VEHICLE IN TRANSPORT,TWO-WAY,10:00 - 10:59,,N/A,NON INTERSECTION,27.85345543,DAYLIGHT,YES,-97.07897641,SAME DIRECTION - ONE STRAIGHT-ONE STOPPED,NO MEDIAN,NOT APPLICABLE,2,NOT APPLICABLE,True,SLOWING/STOPPING-REASON NOT SPECIFIED,"5,000 - 9,999 POP",NO,0620,-0.694,US & STATE HIGHWAYS,"STRAIGHT, LEVEL",MINOR ARTERIAL,ON ROADWAY,"2 LANE, 2 WAY",False,55,SH0361,DRY,MARKED LANES,CLEAR
18996708,6181,False,6181,2023,ARANSAS PASS,FATIGUED OR ASLEEP; HAD BEEN DRINKING,226302,3.273,2022-07-04,0,7,0,0,99 - UNKNOWN,0,0615,0,2022,MONDAY,13.71,0,FIXED OBJECT,TWO-WAY,06:00 - 06:59,,N/A,NON INTERSECTION,27.87571237,DAWN,YES,-97.09505272,ONE MOTOR VEHICLE - GOING STRAIGHT,NO MEDIAN,NOT APPLICABLE,2,"HIT TREE, SHRUB, LANDSCAPING",True,SWERVED OR VEERED-REASON NOT SPECIFIED,"5,000 - 9,999 POP",NO,0618,-0.669,US & STATE HIGHWAYS,"STRAIGHT, LEVEL",MINOR ARTERIAL,OFF ROADWAY,"2 LANE, 2 WAY",False,55,SH0361,DRY,MARKED LANES,UNKNOWN
19010166,15893,False,15893,2023,PORT ARANSAS,FAILED TO CONTROL SPEED;OTHER (EXPLAIN IN NARRATIVE),226303,11.385,2022-07-14,0,7,0,0,N - NOT INJURED,0,0036,0,2022,THURSDAY,19.104,0,MOTOR VEHICLE IN TRANSPORT,BOULEVARD,00:00 - 00:59,,ACCESS ROAD 1 A,INTERSECTION RELATED,27.8109128,"DARK, NOT LIGHTED",YES,-97.07846992,SAME DIRECTION - BOTH GOING STRAIGHT-REAR END,CURBED,NOT APPLICABLE,4,NOT APPLICABLE,True,SLOWING/STOPPING-TO MAKE RIGHT TURN,"2,500 - 4,999 POP",NO,0624,-0.646,US & STATE HIGHWAYS,"STRAIGHT, LEVEL",MINOR ARTERIAL,ON ROADWAY,"4 OR MORE LANES, DIVIDED",True,45,SH0361,DRY,MARKED LANES,CLEAR
19013450,14248,False,14248,2023,PORT ARANSAS,FAILED TO YIELD RIGHT OF WAY - PRIVATE DRIVE,226303,10.095,2022-07-16,0,7,0,0,N - NOT INJURED,0,1342,0,2022,SATURDAY,17.814,0,MOTOR VEHICLE IN TRANSPORT,TWO-WAY,13:00 - 13:59,,N/A,DRIVEWAY ACCESS,27.82710311,DAYLIGHT,YES,-97.06796643,ANGLE - ONE STRAIGHT-ONE LEFT TURN,NO MEDIAN,THREE ENTERING ROADS - T,2,NOT APPLICABLE,True,ONE VEHICLE LEAVING DRIVEWAY,"2,500 - 4,999 POP",NO,0622,0.086,US & STATE HIGHWAYS,"STRAIGHT, LEVEL",MINOR ARTERIAL,ON ROADWAY,"2 LANE, 2 WAY",True,35,SH0361,DRY,NONE,CLEAR
19013460,5888,True,5888,2023,PORT ARANSAS,DRIVER INATTENTION;FAILED TO YIELD RIGHT OF WAY - TURNING LEFT,226302,6.526,2022-07-16,0,7,0,0,N - NOT INJURED,0,0956,0,2022,SATURDAY,16.978,0,MOTOR VEHICLE IN TRANSPORT,TWO-WAY,09:00 - 09:59,,PORT ST,INTERSECTION,27.8366335,DAYLIGHT,YES,-97.06920077,OPPOSITE DIRECTION - ONE STRAIGHT-ONE LEFT TURN,NO MEDIAN,FOUR ENTERING ROADS,2,NOT APPLICABLE,True,ATTENTION DIVERTED FROM DRIVING,"2,500 - 4,999 POP",NO,0620,0.711,CITY STREET,"STRAIGHT, LEVEL",MINOR ARTERIAL,ON ROADWAY,"2 LANE, 2 WAY",True,35,SH0361,DRY,SIGNAL LIGHT,CLEAR
19021032,9764,True,9764,2023,PORT ARANSAS,FAILED TO YIELD RIGHT OF WAY - STOP SIGN,226302,7.078,2022-07-18,0,7,2,0,B - SUSPECTED MINOR INJURY,0,1456,2,2022,MONDAY,17.53,0,MOTOR VEHICLE IN TRANSPORT,TWO-WAY,14:00 - 14:59,,UNKNOWN,INTERSECTION,27.82990054,DAYLIGHT,YES,-97.06941135,ANGLE - ONE STRAIGHT-ONE RIGHT TURN,NO MEDIAN,THREE ENTERING ROADS - T,2,NOT APPLICABLE,True,NOT APPLICABLE,"2,500 - 4,999 POP",NO,0622,-0.198,CITY STREET,"STRAIGHT, LEVEL",MINOR ARTERIAL,ON ROADWAY,"2 LANE, 2 WAY",True,30,SH0361,DRY,STOP SIGN,CLEAR
19019067,6181,False,6181,2023,ARANSAS PASS,ANIMAL ON ROAD - WILD,226302,4.599,2022-07-19,0,7,0,0,N - NOT INJURED,0,0003,0,2022,TUESDAY,15.036,0,FIXED OBJECT,TWO-WAY,00:00 - 00:59,,N/A,NON INTERSECTION,27.86085432,"DARK, NOT LIGHTED",YES,-97.08159709,ONE MOTOR VEHICLE - GOING STRAIGHT,NO MEDIAN,NOT APPLICABLE,2,HIT GUARDRAIL,True,SWERVED OR VEERED-AVOIDING ANIMAL IN ROAD,"5,000 - 9,999 POP",NO,0618,0.657,US & STATE HIGHWAYS,"STRAIGHT, LEVEL",MINOR ARTERIAL,OFF ROADWAY,"2 LANE, 2 WAY",False,55,SH0361,DRY,MARKED LANES,CLEAR
19019123,10439,True,10439,2023,CORPUS CHRISTI,FAILED TO CONTROL SPEED,226303,27.498,2022-07-20,0,7,0,0,N - NOT INJURED,0,0801,0,2022,WEDNESDAY,35.217,0,MOTOR VEHICLE IN TRANSPORT,TWO-WAY,08:00 - 08:59,0022,PR0022,INTERSECTION,27.6178894,DAYLIGHT,YES,-97.22177124,SAME DIRECTION - BOTH GOING STRAIGHT-REAR END,NO MEDIAN,FOUR ENTERING ROADS,5,NOT APPLICABLE,True,SLOWING/STOPPING-FOR TRAFFIC,"250,000 POP AND OVER",NO,0638,1.535,US & STATE HIGHWAYS,"STRAIGHT, LEVEL",MINOR ARTERIAL,ON ROADWAY,"4 OR MORE LANES, UNDIVIDED",False,55,SH0361,DRY,SIGNAL LIGHT,CLEAR
19031708,15893,True,15893,2023,PORT ARANSAS,DISREGARD STOP AND GO SIGNAL,226303,11.782,2022-07-27,0,7,0,0,N - NOT INJURED,0,1534,0,2022,WEDNESDAY,19.501,0,MOTOR VEHICLE IN TRANSPORT,BOULEVARD,15:00 - 15:59,,ACCESS ROAD 1 A,INTERSECTION,27.80637738,DAYLIGHT,YES,-97.0824751,ANGLE - ONE STRAIGHT-ONE LEFT TURN,CURBED,FOUR ENTERING ROADS,4,NOT APPLICABLE,True,NOT APPLICABLE,"2,500 - 4,999 POP",NO,0624,-0.249,US & STATE HIGHWAYS,"STRAIGHT, LEVEL",MINOR ARTERIAL,ON ROADWAY,"4 OR MORE LANES, DIVIDED",True,45,SH0361,DRY,SIGNAL LIGHT,CLEAR
19040797,5888,True,5888,2023,PORT ARANSAS,DRIVER INATTENTION; FAILED TO DRIVE IN SINGLE LANE,226302,6.952,2022-07-30,0,7,0,0,N - NOT INJURED,0,1826,0,2022,SATURDAY,17.404,0,MOTOR VEHICLE IN TRANSPORT,TWO-WAY,18:00 - 18:59,,6TH ST,INTERSECTION,27.83105279,DAYLIGHT,YES,-97.07100138,SAME DIRECTION - BOTH GOING STRAIGHT-SIDESWIPE,NO MEDIAN,FOUR ENTERING ROADS,2,NOT APPLICABLE,True,ATTENTION DIVERTED FROM DRIVING,"2,500 - 4,999 POP",NO,0622,-0.324,CITY STREET,"CURVE, LEVEL",MINOR ARTERIAL,ON ROADWAY,"2 LANE, 2 WAY",True,35,SH0361,DRY,NONE,CLEAR
19075579,10439,False,10439,2023,CORPUS CHRISTI,UNDER INFLUENCE - ALCOHOL; WRONG SIDE - NOT PASSING,226303,20.115,2022-08-13,2,8,1,0,K - FATAL INJURY,0,2356,1,2022,SATURDAY,27.834,1,MOTOR VEHICLE IN TRANSPORT,TWO-WAY,23:00 - 23:59,,N/A,NON INTERSECTION,27.7043407,"DARK, NOT LIGHTED",YES,-97.1553801,OPPOSITE DIRECTION - BOTH GOING STRAIGHT,NO MEDIAN,NOT APPLICABLE,5,HIT UTILITY POLE,True,SWERVED OR VEERED-REASON NOT SPECIFIED,"250,000 POP AND OVER",NO,0632,0.151,US & STATE HIGHWAYS,"STRAIGHT, LEVEL",MINOR ARTERIAL,ON ROADWAY,"4 OR MORE LANES, UNDIVIDED",False,60,SH0361,DRY,MARKED LANES,CLEAR
19101670,10439,False,10439,2023,CORPUS CHRISTI,FAILED TO CONTROL SPEED,226303,20.255,2022-08-14,0,8,1,0,B - SUSPECTED MINOR INJURY,0,1217,1,2022,SUNDAY,27.974,0,MOTOR VEHICLE IN TRANSPORT,TWO-WAY,12:00 - 12:59,,N/A,NON INTERSECTION,27.70257769,DAYLIGHT,YES,-97.15654624,SAME DIRECTION - ONE STRAIGHT-ONE STOPPED,NO MEDIAN,NOT APPLICABLE,5,NOT APPLICABLE,True,SLOWING/STOPPING-FOR TRAFFIC,"250,000 POP AND OVER",NO,0632,0.291,US & STATE HIGHWAYS,"STRAIGHT, LEVEL",MINOR ARTERIAL,ON ROADWAY,"4 OR MORE LANES, UNDIVIDED",False,65,SH0361,WET,CENTER STRIPE/DIVIDER,RAIN
19075435,10439,True,10439,2023,CORPUS CHRISTI,FAILED TO YIELD RIGHT OF WAY - STOP SIGN,226303,26.723,2022-08-20,0,8,0,2,C - POSSIBLE INJURY,0,1929,2,2022,SATURDAY,34.442,0,MOTOR VEHICLE IN TRANSPORT,TWO-WAY,19:00 - 19:59,,ZAHN RD,INTERSECTION,27.62201986,DAYLIGHT,YES,-97.21077788,ANGLE - ONE STRAIGHT-ONE LEFT TURN,NO MEDIAN,THREE ENTERING ROADS - T,5,NOT APPLICABLE,True,NOT APPLICABLE,"250,000 POP AND OVER",NO,0638,0.76,US & STATE HIGHWAYS,"STRAIGHT, LEVEL",MINOR ARTERIAL,ON ROADWAY,"4 OR MORE LANES, UNDIVIDED",False,55,SH0361,DRY,STOP SIGN,CLEAR
19121151,10439,False,10439,2023,CORPUS CHRISTI,FAILED TO CONTROL SPEED,226303,26.836,2022-08-27,0,8,0,0,99 - UNKNOWN,0,0711,0,2022,SATURDAY,34.555,0,FIXED OBJECT,TWO-WAY,07:00 - 07:59,,N/A,NON INTERSECTION,27.62071413,DAYLIGHT,YES,-97.21189669,ONE MOTOR VEHICLE - GOING STRAIGHT,NO MEDIAN,NOT APPLICABLE,5,HIT LUMINAIRE POLE,True,NOT APPLICABLE,"250,000 POP AND OVER",NO,0638,0.873,US & STATE HIGHWAYS,"CURVE, LEVEL",MINOR ARTERIAL,OFF ROADWAY,"4 OR MORE LANES, UNDIVIDED",False,15,SH0361,DRY,CENTER STRIPE/DIVIDER,CLEAR
19086461,15893,True,15893,2023,PORT ARANSAS,FAILED TO YIELD RIGHT OF WAY - TURNING LEFT,226303,11.782,2022-08-28,0,8,3,0,A - SUSPECTED SERIOUS INJURY,1,1727,4,2022,SUNDAY,19.501,0,MOTOR VEHICLE IN TRANSPORT,BOULEVARD,17:00 - 17:59,,UNKNOWN,INTERSECTION,27.80637677,DAYLIGHT,YES,-97.08247565,OPPOSITE DIRECTION - ONE STRAIGHT-ONE LEFT TURN,CURBED,FOUR ENTERING ROADS,4,OVERTURNED,True,NOT APPLICABLE,"2,500 - 4,999 POP",NO,0624,-0.249,US & STATE HIGHWAYS,"STRAIGHT, LEVEL",MINOR ARTERIAL,ON ROADWAY,"4 OR MORE LANES, DIVIDED",True,55,SH0361,DRY,SIGNAL LIGHT,CLEAR
19101688,10439,True,10439,2023,CORPUS CHRISTI,DISREGARD STOP SIGN OR LIGHT,226303,27.498,2022-08-31,0,8,0,0,N - NOT INJURED,0,1929,0,2022,WEDNESDAY,35.217,0,MOTOR VEHICLE IN TRANSPORT,TWO-WAY,19:00 - 19:59,0022,PR0022,INTERSECTION,27.6178894,"DARK, LIGHTED",YES,-97.22177124,OPPOSITE DIRECTION - ONE STRAIGHT-ONE LEFT TURN,NO MEDIAN,FOUR ENTERING ROADS,5,NOT APPLICABLE,True,NOT APPLICABLE,"250,000 POP AND OVER",NO,0638,1.535,US & STATE HIGHWAYS,"STRAIGHT, LEVEL",MINOR ARTERIAL,ON ROADWAY,"4 OR MORE LANES, UNDIVIDED",False,55,SH0361,DRY,MARKED LANES,CLEAR
19096958,10439,False,10439,2023,CORPUS CHRISTI,BACKED WITHOUT SAFETY; UNDER INFLUENCE - ALCOHOL,226303,20.449,2022-09-05,0,9,0,0,N - NOT INJURED,0,1204,0,2022,MONDAY,28.168,0,MOTOR VEHICLE IN TRANSPORT,TWO-WAY,12:00 - 12:59,,N/A,NON INTERSECTION,27.70016485,DAYLIGHT,YES,-97.15817309,OPPOSITE DIRECTION - ONE STRAIGHT-ONE BACKING,NO MEDIAN,NOT APPLICABLE,5,NOT APPLICABLE,True,SLOWING/STOPPING-FOR TRAFFIC,"250,000 POP AND OVER",NO,0632,0.485,US & STATE HIGHWAYS,"STRAIGHT, LEVEL",MINOR ARTERIAL,ON ROADWAY,"4 OR MORE LANES, UNDIVIDED",False,60,SH0361,WET,MARKED LANES,CLOUDY
19113966,10439,False,10439,2023,CORPUS CHRISTI,FAILED TO DRIVE IN SINGLE LANE; FAILED TO PASS TO LEFT SAFELY,226303,24.541,2022-09-07,0,9,0,0,N - NOT INJURED,0,1758,0,2022,WEDNESDAY,32.26,0,MOTOR VEHICLE IN TRANSPORT,TWO-WAY,17:00 - 17:59,,N/A,NON INTERSECTION,27.64917717,DAYLIGHT,YES,-97.19245626,SAME DIRECTION - BOTH GOING STRAIGHT-SIDESWIPE,NO MEDIAN,NOT APPLICABLE,5,NOT APPLICABLE,True,VEHICLE PASSING OR ATTEMPTING TO PASS ON LEFT,"250,000 POP AND OVER",NO,0636,0.577,US & STATE HIGHWAYS,"STRAIGHT, LEVEL",MINOR ARTERIAL,ON ROADWAY,"4 OR MORE LANES, UNDIVIDED",False,60,SH0361,DRY,MARKED LANES,CLEAR
19107092,12050,True,12050,2023,CORPUS CHRISTI,FAILED TO YIELD RIGHT OF WAY - TURNING LEFT,226303,17.571,2022-09-10,0,9,0,2,A - SUSPECTED SERIOUS INJURY,1,1606,3,2022,SATURDAY,25.29,0,MOTOR VEHICLE IN TRANSPORT,TWO-WAY,16:00 - 16:59,,N/A,DRIVEWAY ACCESS,27.7360313,DAYLIGHT,YES,-97.13403683,OPPOSITE DIRECTION - ONE STRAIGHT-ONE LEFT TURN,NO MEDIAN,THREE ENTERING ROADS - T,5,NOT APPLICABLE,True,ONE VEHICLE ENTERING DRIVEWAY,"250,000 POP AND OVER",NO,0630,-0.442,US & STATE HIGHWAYS,"STRAIGHT, LEVEL",MINOR ARTERIAL,ON ROADWAY,"4 OR MORE LANES, UNDIVIDED",False,60,SH0361,DRY,MARKED LANES,CLEAR
19108882,15893,True,15893,2023,PORT ARANSAS,UNDER INFLUENCE - ALCOHOL,226303,10.755,2022-09-13,0,9,0,0,N - NOT INJURED,0,0115,0,2022,TUESDAY,18.474,0,FIXED OBJECT,TWO-WAY,01:00 - 01:59,,N/A,NON INTERSECTION,27.8189672,"DARK, LIGHTED",YES,-97.07363613,ONE MOTOR VEHICLE - GOING STRAIGHT,NO MEDIAN,THREE ENTERING ROADS - T,2,DITCH,True,NOT APPLICABLE,"2,500 - 4,999 POP",NO,0622,0.746,US & STATE HIGHWAYS,"STRAIGHT, LEVEL",MINOR ARTERIAL,OFF ROADWAY,"2 LANE, 2 WAY",True,45,SH0361,DRY,MARKED LANES,CLEAR
19112382,15893,False,15893,2023,PORT ARANSAS,FAILED TO CONTROL SPEED; FOLLOWED TOO CLOSELY,226303,11.285,2022-09-13,0,9,0,0,N - NOT INJURED,0,1637,0,2022,TUESDAY,19.004,0,MOTOR VEHICLE IN TRANSPORT,TWO-WAY,16:00 - 16:59,,N/A,NON INTERSECTION,27.81211805,DAYLIGHT,YES,-97.07758355,SAME DIRECTION - BOTH GOING STRAIGHT-REAR END,NO MEDIAN,THREE ENTERING ROADS - T,2,NOT APPLICABLE,True,CONSTRUCTION-IN OTHER CONSTRUCTION MAINTENANCE AREA (RELATED TO CRASH),"2,500 - 4,999 POP",NO,0624,-0.746,US & STATE HIGHWAYS,"STRAIGHT, LEVEL",MINOR ARTERIAL,ON ROADWAY,"2 LANE, 2 WAY",True,45,SH0361,DRY,NONE,CLEAR
19161549,10439,False,10439,2023,CORPUS CHRISTI,ILL (EXPLAIN IN NARRATIVE),226303,24.69,2022-10-03,0,10,1,0,B - SUSPECTED MINOR INJURY,0,0854,1,2022,MONDAY,32.409,0,FIXED OBJECT,TWO-WAY,08:00 - 08:59,,N/A,NON INTERSECTION,27.64731117,DAYLIGHT,YES,-97.19368782,ONE MOTOR VEHICLE - GOING STRAIGHT,NO MEDIAN,NOT APPLICABLE,5,HIT CULVERT-HEADWALL,True,ATTENTION DIVERTED FROM DRIVING,"250,000 POP AND OVER",NO,0636,0.726,US & STATE HIGHWAYS,"STRAIGHT, LEVEL",MINOR ARTERIAL,OFF ROADWAY,"4 OR MORE LANES, UNDIVIDED",False,65,SH0361,DRY,CENTER STRIPE/DIVIDER,CLEAR
19192267,15893,False,15893,2023,PORT ARANSAS,DISTRACTION IN VEHICLE,226303,11.971,2022-10-17,0,10,0,0,N - NOT INJURED,0,1150,0,2022,MONDAY,19.69,0,MOTOR VEHICLE IN TRANSPORT,BOULEVARD,11:00 - 11:59,,N/A,NON INTERSECTION,27.80417809,DAYLIGHT,YES,-97.0843246,SAME DIRECTION - BOTH GOING STRAIGHT-REAR END,CURBED,NOT APPLICABLE,4,NOT APPLICABLE,True,ATTENTION DIVERTED FROM DRIVING,"2,500 - 4,999 POP",NO,0624,-0.06,US & STATE HIGHWAYS,"STRAIGHT, LEVEL",MINOR ARTERIAL,ON ROADWAY,"4 OR MORE LANES, DIVIDED",True,55,SH0361,WET,MARKED LANES,RAIN
19184563,15893,True,15893,2023,PORT ARANSAS,FAILED TO CONTROL SPEED;OTHER (EXPLAIN IN NARRATIVE),226303,12.309,2022-10-21,0,10,0,0,N - NOT INJURED,0,1635,0,2022,FRIDAY,20.028,0,MOTOR VEHICLE IN TRANSPORT,BOULEVARD,16:00 - 16:59,,MUSTANG BLVD,INTERSECTION,27.80023347,DAYLIGHT,YES,-97.08764061,SAME DIRECTION - BOTH GOING STRAIGHT-REAR END,CURBED,THREE ENTERING ROADS - T,4,NOT APPLICABLE,True,SLOWING/STOPPING-FOR ANIMAL IN ROAD,"2,500 - 4,999 POP",NO,0624,0.278,US & STATE HIGHWAYS,"STRAIGHT, LEVEL",MINOR ARTERIAL,ON ROADWAY,"4 OR MORE LANES, DIVIDED",True,55,SH0361,DRY,CENTER STRIPE/DIVIDER,CLEAR
19196090,15893,True,15893,2023,PORT ARANSAS,DRIVER INATTENTION,226303,11.782,2022-10-28,0,10,0,1,C - POSSIBLE INJURY,0,1347,1,2022,FRIDAY,19.501,0,MOTOR VEHICLE IN TRANSPORT,BOULEVARD,13:00 - 13:59,,UNKNOWN,INTERSECTION RELATED,27.80637738,DAYLIGHT,YES,-97.0824751,SAME DIRECTION - ONE STRAIGHT-ONE STOPPED,CURBED,FOUR ENTERING ROADS,4,NOT APPLICABLE,True,"SLOWING/STOPPING - FOR OFFICER, FLAGMAN, OR TRAFFIC CONTROL","2,500 - 4,999 POP",NO,0624,-0.249,US & STATE HIGHWAYS,"STRAIGHT, LEVEL",MINOR ARTERIAL,ON ROADWAY,"4 OR MORE LANES, DIVIDED",True,45,SH0361,DRY,SIGNAL LIGHT,CLEAR
19218144,12050,True,12050,2023,CORPUS CHRISTI,FAILED TO YIELD RIGHT OF WAY - STOP SIGN,226303,17.571,2022-11-02,0,11,3,0,B - SUSPECTED MINOR INJURY,0,1718,3,2022,WEDNESDAY,25.29,0,MOTOR VEHICLE IN TRANSPORT,TWO-WAY,17:00 - 17:59,,SEACOMBER DR,INTERSECTION,27.7360313,DAYLIGHT,YES,-97.13403683,ANGLE - ONE STRAIGHT-ONE LEFT TURN,NO MEDIAN,THREE ENTERING ROADS - T,5,NOT APPLICABLE,True,NOT APPLICABLE,"250,000 POP AND OVER",NO,0630,-0.442,US & STATE HIGHWAYS,"STRAIGHT, LEVEL",MINOR ARTERIAL,ON ROADWAY,"4 OR MORE LANES, UNDIVIDED",False,60,SH0361,DRY,STOP SIGN,CLOUDY
19218226,10439,True,10439,2023,CORPUS CHRISTI,CHANGED LANE WHEN UNSAFE,226303,25.682,2022-11-05,0,11,2,0,B - SUSPECTED MINOR INJURY,0,1940,2,2022,SATURDAY,33.401,0,MOTOR VEHICLE IN TRANSPORT,TWO-WAY,19:00 - 19:59,,NEWPORT PASS RD,INTERSECTION,27.63496101,"DARK, LIGHTED",YES,-97.2020111,SAME DIRECTION - ONE STRAIGHT-ONE LEFT TURN,NO MEDIAN,THREE ENTERING ROADS - T,5,NOT APPLICABLE,True,VEHICLE CHANGING LANES,"250,000 POP AND OVER",NO,0638,-0.281,US & STATE HIGHWAYS,"STRAIGHT, LEVEL",MINOR ARTERIAL,ON ROADWAY,"4 OR MORE LANES, UNDIVIDED",False,65,SH0361,DRY,MARKED LANES,CLOUDY
19230055,15893,False,15893,2023,PORT ARANSAS,DRIVER INATTENTION; FAILED TO CONTROL SPEED; FAULTY EVASIVE ACTION,226303,12.309,2022-11-12,0,11,0,0,N - NOT INJURED,0,1002,0,2022,SATURDAY,20.028,0,FIXED OBJECT,BOULEVARD,10:00 - 10:59,,N/A,NON INTERSECTION,27.80023347,DAYLIGHT,YES,-97.08764061,ONE MOTOR VEHICLE - GOING STRAIGHT,CURBED,THREE ENTERING ROADS - T,4,HIT RETAINING WALL,True,ATTENTION DIVERTED FROM DRIVING,"2,500 - 4,999 POP",NO,0624,0.278,CITY STREET,"STRAIGHT, LEVEL",MINOR ARTERIAL,OFF ROADWAY,"4 OR MORE LANES, DIVIDED",True,30,SH0361,DRY,NONE,CLOUDY
19268521,,False,,,CORPUS CHRISTI,UNDER INFLUENCE - ALCOHOL;OTHER (EXPLAIN IN NARRATIVE),,,2022-11-25,0,11,0,2,C - POSSIBLE INJURY,0,2037,2,2022,FRIDAY,,0,MOTOR VEHICLE IN TRANSPORT,,20:00 - 20:59,,N/A,NON INTERSECTION,,"DARK, NOT LIGHTED",?0,,SAME DIRECTION - BOTH GOING STRAIGHT-REAR END,,NOT APPLICABLE,,NOT APPLICABLE,True,NOT APPLICABLE,"250,000 POP AND OVER",NO,,,US & STATE HIGHWAYS,"STRAIGHT, LEVEL",,ON ROADWAY,,False,60,SH0361,WET,NONE,CLOUDY
19305484,12050,False,12050,2023,CORPUS CHRISTI,DISTRACTION IN VEHICLE,226303,14.766,2022-12-26,0,12,0,0,N - NOT INJURED,0,1623,0,2022,MONDAY,22.485,0,FIXED OBJECT,TWO-WAY,16:00 - 16:59,,N/A,NON INTERSECTION,27.77096501,DAYLIGHT,YES,-97.11048525,ONE MOTOR VEHICLE - GOING STRAIGHT,NO MEDIAN,OTHER (EXPLAIN IN NARRATIVE),5,HIT CULVERT-HEADWALL,True,ATTENTION DIVERTED FROM DRIVING,"250,000 POP AND OVER",NO,0626,0.773,US & STATE HIGHWAYS,"STRAIGHT, LEVEL",MINOR ARTERIAL,OFF ROADWAY,"4 OR MORE LANES, UNDIVIDED",False,60,SH0361,DRY,MARKED LANES,CLOUDY
19315727,6181,False,6181,2023,ARANSAS PASS,OTHER (EXPLAIN IN NARRATIVE),226302,1.223,2023-01-03,0,1,0,0,N - NOT INJURED,0,0740,0,2023,TUESDAY,11.66,0,FIXED OBJECT,TWO-WAY,07:00 - 07:59,,N/A,NON INTERSECTION,27.89274654,DAYLIGHT,YES,-97.12156654,ONE MOTOR VEHICLE - GOING STRAIGHT,NO MEDIAN,OTHER (EXPLAIN IN NARRATIVE),2,"HIT TREE, SHRUB, LANDSCAPING",True,"LOST CONTROL OR SKIDDED (ICY OR SLICK ROAD, ETC.)","5,000 - 9,999 POP",NO,0616,-0.648,US & STATE HIGHWAYS,"STRAIGHT, LEVEL",MINOR ARTERIAL,OFF ROADWAY,"2 LANE, 2 WAY",False,55,SH0361,WET,MARKED LANES,FOG
19316187,15893,False,15893,2023,PORT ARANSAS,FAILED TO CONTROL SPEED; FAULTY EVASIVE ACTION,226303,11.464,2023-01-03,0,1,0,0,N - NOT INJURED,0,0719,0,2023,TUESDAY,19.183,0,FIXED OBJECT,BOULEVARD,07:00 - 07:59,,ACCESS ROAD 1 A,INTERSECTION RELATED,27.80999168,DAYLIGHT,YES,-97.07925152,ONE MOTOR VEHICLE - GOING STRAIGHT,CURBED,FOUR ENTERING ROADS,4,HIT UTILITY POLE,True,"LOST CONTROL OR SKIDDED (ICY OR SLICK ROAD, ETC.)","2,500 - 4,999 POP",NO,0624,-0.567,US & STATE HIGHWAYS,"STRAIGHT, LEVEL",MINOR ARTERIAL,OFF ROADWAY,"4 OR MORE LANES, DIVIDED",True,45,SH0361,WET,SIGNAL LIGHT,FOG
19327938,14248,False,14248,2023,PORT ARANSAS,DRIVER INATTENTION;FAILED TO CONTROL SPEED;OTHER (EXPLAIN IN NARRATIVE),226303,10.052,2023-01-06,0,1,0,1,C - POSSIBLE INJURY,0,1550,1,2023,FRIDAY,17.771,0,MOTOR VEHICLE IN TRANSPORT,TWO-WAY,15:00 - 15:59,,N/A,NON INTERSECTION,27.82757924,DAYLIGHT,YES,-97.0675401,SAME DIRECTION - BOTH GOING STRAIGHT-REAR END,NO MEDIAN,NOT APPLICABLE,2,NOT APPLICABLE,True,SLOWING/STOPPING-FOR TRAFFIC,"2,500 - 4,999 POP",NO,0622,0.043,US & STATE HIGHWAYS,"STRAIGHT, LEVEL",MINOR ARTERIAL,ON ROADWAY,"2 LANE, 2 WAY",True,35,SH0361,DRY,NONE,CLEAR
19328873,10439,True,10439,2023,CORPUS CHRISTI,FAILED TO YIELD RIGHT OF WAY - TURNING LEFT,226303,27.498,2023-01-06,0,1,0,0,N - NOT INJURED,0,0703,0,2023,FRIDAY,35.217,0,MOTOR VEHICLE IN TRANSPORT,TWO-WAY,07:00 - 07:59,0022,PR0022,INTERSECTION,27.6178894,DAYLIGHT,YES,-97.22177124,OPPOSITE DIRECTION - ONE STRAIGHT-ONE LEFT TURN,NO MEDIAN,FOUR ENTERING ROADS,5,NOT APPLICABLE,True,NOT APPLICABLE,"250,000 POP AND OVER",NO,0638,1.535,US & STATE HIGHWAYS,"STRAIGHT, LEVEL",MINOR ARTERIAL,ON ROADWAY,"4 OR MORE LANES, UNDIVIDED",False,55,SH0361,DRY,SIGNAL LIGHT,CLEAR
19327957,14248,False,14248,2023,PORT ARANSAS,FAILED TO YIELD RIGHT OF WAY - PRIVATE DRIVE,226303,10.167,2023-01-10,0,1,0,0,N - NOT INJURED,0,1540,0,2023,TUESDAY,17.886,0,MOTOR VEHICLE IN TRANSPORT,TWO-WAY,15:00 - 15:59,,N/A,DRIVEWAY ACCESS,27.82627445,DAYLIGHT,YES,-97.06870848,ANGLE - ONE STRAIGHT-ONE LEFT TURN,NO MEDIAN,THREE ENTERING ROADS - T,2,NOT APPLICABLE,True,ONE VEHICLE LEAVING DRIVEWAY,"2,500 - 4,999 POP",NO,0622,0.158,US & STATE HIGHWAYS,"STRAIGHT, LEVEL",MINOR ARTERIAL,ON ROADWAY,"2 LANE, 2 WAY",True,45,SH0361,DRY,CENTER STRIPE/DIVIDER,CLEAR
19357822,15893,True,15893,2023,PORT ARANSAS,CHANGED LANE WHEN UNSAFE,226303,12.309,2023-01-23,0,1,0,1,C - POSSIBLE INJURY,0,1203,1,2023,MONDAY,20.028,0,MOTOR VEHICLE IN TRANSPORT,BOULEVARD,12:00 - 12:59,,UNKNOWN,INTERSECTION,27.80023397,DAYLIGHT,YES,-97.08764019,SAME DIRECTION - ONE STRAIGHT-ONE LEFT TURN,CURBED,THREE ENTERING ROADS - T,4,NOT APPLICABLE,True,NOT APPLICABLE,"2,500 - 4,999 POP",NO,0624,0.278,US & STATE HIGHWAYS,"STRAIGHT, LEVEL",MINOR ARTERIAL,ON ROADWAY,"4 OR MORE LANES, DIVIDED",True,55,SH0361,DRY,MARKED LANES,CLEAR
19383592,9764,True,9764,2023,PORT ARANSAS,DRIVER INATTENTION; UNDER INFLUENCE - ALCOHOL,226302,7.136,2023-02-04,0,2,1,0,A - SUSPECTED SERIOUS INJURY,1,1849,2,2023,SATURDAY,17.588,0,MOTOR VEHICLE IN TRANSPORT,TWO-WAY,18:00 - 18:59,,UNKNOWN,INTERSECTION,27.8293669,"DARK, LIGHTED",YES,-97.06868322,ANGLE - ONE STRAIGHT-ONE RIGHT TURN,NO MEDIAN,FOUR ENTERING ROADS,2,NOT APPLICABLE,True,ATTENTION DIVERTED FROM DRIVING,"2,500 - 4,999 POP",NO,0622,-0.14,CITY STREET,"STRAIGHT, LEVEL",MINOR ARTERIAL,ON ROADWAY,"2 LANE, 2 WAY",True,30,SH0361,DRY,STOP SIGN,CLEAR
19398202,10439,False,10439,2023,CORPUS CHRISTI,FAILED TO CONTROL SPEED,226303,25.88,2023-02-19,0,2,0,0,N - NOT INJURED,0,1014,0,2023,SUNDAY,33.599,0,MOTOR VEHICLE IN TRANSPORT,TWO-WAY,10:00 - 10:59,,N/A,NON INTERSECTION,27.63249312,DAYLIGHT,YES,-97.20368659,SAME DIRECTION - ONE STRAIGHT-ONE STOPPED,NO MEDIAN,NOT APPLICABLE,5,NOT APPLICABLE,True,SLOWING/STOPPING-FOR TRAFFIC,"250,000 POP AND OVER",NO,0638,-0.083,US & STATE HIGHWAYS,"STRAIGHT, LEVEL",MINOR ARTERIAL,ON ROADWAY,"4 OR MORE LANES, UNDIVIDED",False,60,SH0361,DRY,CENTER STRIPE/DIVIDER,CLEAR
19411617,10439,False,10439,2023,CORPUS CHRISTI,FAULTY EVASIVE ACTION,226303,25.757,2023-02-27,0,2,0,0,N - NOT INJURED,0,1141,0,2023,MONDAY,33.476,0,OVERTURNED,TWO-WAY,11:00 - 11:59,,N/A,NON INTERSECTION,27.63402184,DAYLIGHT,YES,-97.20264958,ONE MOTOR VEHICLE - GOING STRAIGHT,NO MEDIAN,NOT APPLICABLE,5,OVERTURNED,True,GUSTY WINDS,"250,000 POP AND OVER",NO,0638,-0.206,US & STATE HIGHWAYS,"STRAIGHT, LEVEL",MINOR ARTERIAL,OFF ROADWAY,"4 OR MORE LANES, UNDIVIDED",False,60,SH0361,DRY,MARKED LANES,CLOUDY
19427069,10439,False,10439,2023,CORPUS CHRISTI,BACKED WITHOUT SAFETY; UNDER INFLUENCE - ALCOHOL,226303,26.508,2023-03-05,0,3,0,0,N - NOT INJURED,0,1552,0,2023,SUNDAY,34.227,0,PARKED CAR,TWO-WAY,15:00 - 15:59,,N/A,NON INTERSECTION,27.62466999,DAYLIGHT,YES,-97.20893072,ONE MOTOR VEHICLE - BACKING,NO MEDIAN,NOT APPLICABLE,5,NOT APPLICABLE,True,CRASH OCCURRED ON A BEACH,"250,000 POP AND OVER",NO,0638,0.545,OTHER ROADS,"STRAIGHT, LEVEL",MINOR ARTERIAL,ON ROADWAY,"4 OR MORE LANES, UNDIVIDED",False,15,SH0361,"SAND, MUD, DIRT",NONE,CLEAR
19424206,6181,False,6181,2023,PORT ARANSAS,DRIVER INATTENTION; FAILED TO CONTROL SPEED,226302,5.43,2023-03-06,0,3,2,0,B - SUSPECTED MINOR INJURY,0,1449,2,2023,MONDAY,15.867,0,MOTOR VEHICLE IN TRANSPORT,TWO-WAY,14:00 - 14:59,,UNKNOWN,INTERSECTION RELATED,27.84989056,DAYLIGHT,YES,-97.07632559,SAME DIRECTION - ONE STRAIGHT-ONE STOPPED,NO MEDIAN,THREE ENTERING ROADS - T,2,NOT APPLICABLE,True,"SLOWING/STOPPING - FOR OFFICER, FLAGMAN, OR TRAFFIC CONTROL","2,500 - 4,999 POP",NO,0620,-0.4,US & STATE HIGHWAYS,"CURVE, LEVEL",MINOR ARTERIAL,ON ROADWAY,"2 LANE, 2 WAY",True,40,SH0361,DRY,SIGNAL LIGHT,CLEAR
19425742,12050,False,12050,2023,OUTSIDE CITY LIMITS,DRIVER INATTENTION; FAILED TO CONTROL SPEED,226303,13.492,2023-03-07,0,3,0,0,N - NOT INJURED,0,1054,0,2023,TUESDAY,21.211,0,MOTOR VEHICLE IN TRANSPORT,TWO-WAY,10:00 - 10:59,,N/A,NON INTERSECTION,27.786474,DAYLIGHT,YES,-97.09920543,SAME DIRECTION - BOTH GOING STRAIGHT-REAR END,NO MEDIAN,THREE ENTERING ROADS - T,5,NOT APPLICABLE,True,ATTENTION DIVERTED FROM DRIVING,RURAL,NO,0626,-0.501,US & STATE HIGHWAYS,"STRAIGHT, LEVEL",MINOR ARTERIAL,ON ROADWAY,"4 OR MORE LANES, UNDIVIDED",True,60,SH0361,DRY,MARKED LANES,CLEAR
19472534,12050,False,12050,2023,CORPUS CHRISTI,FAILED TO DRIVE IN SINGLE LANE,226303,16.642,2023-03-08,0,3,0,0,N - NOT INJURED,0,1642,0,2023,WEDNESDAY,24.361,0,MOTOR VEHICLE IN TRANSPORT,TWO-WAY,16:00 - 16:59,,N/A,NON INTERSECTION,27.74760581,DAYLIGHT,YES,-97.12625518,SAME DIRECTION - BOTH GOING STRAIGHT-SIDESWIPE,NO MEDIAN,NOT APPLICABLE,5,NOT APPLICABLE,True,NOT APPLICABLE,"250,000 POP AND OVER",NO,0628,0.66,US & STATE HIGHWAYS,"STRAIGHT, LEVEL",MINOR ARTERIAL,ON ROADWAY,"4 OR MORE LANES, UNDIVIDED",False,60,SH0361,DRY,MARKED LANES,CLEAR
19436795,10439,False,10439,2023,CORPUS CHRISTI,FAILED TO CONTROL SPEED,226303,27.484,2023-03-10,0,3,0,0,N - NOT INJURED,0,1747,0,2023,FRIDAY,35.203,0,MOTOR VEHICLE IN TRANSPORT,TWO-WAY,17:00 - 17:59,0022,PR0022,INTERSECTION RELATED,27.61788627,DAYLIGHT,YES,-97.22154024,SAME DIRECTION - ONE STRAIGHT-ONE STOPPED,NO MEDIAN,NOT APPLICABLE,5,NOT APPLICABLE,True,"SLOWING/STOPPING - FOR OFFICER, FLAGMAN, OR TRAFFIC CONTROL","250,000 POP AND OVER",NO,0638,1.521,US & STATE HIGHWAYS,"STRAIGHT, LEVEL",MINOR ARTERIAL,ON ROADWAY,"4 OR MORE LANES, UNDIVIDED",False,55,SH0361,DRY,SIGNAL LIGHT,CLEAR
19440755,6181,False,6181,2023,ARANSAS PASS,DRIVER INATTENTION,226302,1.058,2023-03-13,0,3,0,0,N - NOT INJURED,0,1736,0,2023,MONDAY,11.495,0,MOTOR VEHICLE IN TRANSPORT,TWO-WAY,17:00 - 17:59,,N/A,NON INTERSECTION,27.89338683,DAYLIGHT,YES,-97.12415746,OPPOSITE DIRECTION - BOTH GOING STRAIGHT,NO MEDIAN,NOT APPLICABLE,2,NOT APPLICABLE,True,ATTENTION DIVERTED FROM DRIVING,"5,000 - 9,999 POP",NO,0616,-0.813,US & STATE HIGHWAYS,"STRAIGHT, LEVEL",MINOR ARTERIAL,ON ROADWAY,"2 LANE, 2 WAY",False,55,SH0361,DRY,CENTER STRIPE/DIVIDER,CLOUDY
19439970,15893,True,15893,2023,PORT ARANSAS,DRIVER INATTENTION; FAILED TO CONTROL SPEED,226303,10.755,2023-03-16,0,3,0,0,N - NOT INJURED,0,2336,0,2023,THURSDAY,18.474,0,FIXED OBJECT,TWO-WAY,23:00 - 23:59,,E HOWARD BLVD,INTERSECTION RELATED,27.8189672,"DARK, NOT LIGHTED",YES,-97.07363613,ONE MOTOR VEHICLE - TURNING LEFT,NO MEDIAN,THREE ENTERING ROADS - T,2,DITCH,True,ATTENTION DIVERTED FROM DRIVING,"2,500 - 4,999 POP",NO,0622,0.746,US & STATE HIGHWAYS,"STRAIGHT, LEVEL",MINOR ARTERIAL,OFF ROADWAY,"2 LANE, 2 WAY",True,45,SH0361,DRY,STOP SIGN,CLEAR
19441716,12050,False,12050,2023,PORT ARANSAS,FATIGUED OR ASLEEP,226303,12.775,2023-03-16,0,3,0,0,N - NOT INJURED,0,0739,0,2023,THURSDAY,20.494,0,FIXED OBJECT,TWO-WAY,07:00 - 07:59,,N/A,NON INTERSECTION,27.79482397,DAYLIGHT,YES,-97.09217567,ONE MOTOR VEHICLE - GOING STRAIGHT,NO MEDIAN,THREE ENTERING ROADS - T,5,HIT HIGHWAY SIGN,True,ATTENTION DIVERTED FROM DRIVING,"2,500 - 4,999 POP",NO,0624,0.744,US & STATE HIGHWAYS,"STRAIGHT, LEVEL",MINOR ARTERIAL,OFF ROADWAY,"4 OR MORE LANES, UNDIVIDED",True,60,SH0361,DRY,NONE,CLOUDY
19443332,5888,True,5888,2023,PORT ARANSAS,DRIVER INATTENTION;CELL/MOBILE DEVICE USE - TEXTING,226302,6.526,2023-03-16,0,3,0,0,N - NOT INJURED,0,1208,0,2023,THURSDAY,16.978,0,MOTOR VEHICLE IN TRANSPORT,TWO-WAY,12:00 - 12:59,,W AVENUE A,INTERSECTION RELATED,27.8366335,DAYLIGHT,YES,-97.06920077,SAME DIRECTION - ONE STRAIGHT-ONE STOPPED,NO MEDIAN,THREE ENTERING ROADS - T,2,NOT APPLICABLE,True,"SLOWING/STOPPING - FOR OFFICER, FLAGMAN, OR TRAFFIC CONTROL","2,500 - 4,999 POP",NO,0620,0.711,CITY STREET,"STRAIGHT, LEVEL",MINOR ARTERIAL,ON ROADWAY,"2 LANE, 2 WAY",True,35,SH0361,DRY,SIGNAL LIGHT,CLOUDY
19443353,15893,True,15893,2023,PORT ARANSAS,FAILED TO YIELD RIGHT OF WAY - STOP SIGN;HAD BEEN DRINKING,226303,11.782,2023-03-16,0,3,0,0,N - NOT INJURED,0,1920,0,2023,THURSDAY,19.501,0,MOTOR VEHICLE IN TRANSPORT,BOULEVARD,19:00 - 19:59,,BEACH ACCESS ROAD 1A,INTERSECTION,27.80637738,DAYLIGHT,YES,-97.0824751,ANGLE - BOTH GOING STRAIGHT,CURBED,THREE ENTERING ROADS - T,4,NOT APPLICABLE,True,NOT APPLICABLE,"2,500 - 4,999 POP",NO,0624,-0.249,US & STATE HIGHWAYS,"STRAIGHT, LEVEL",MINOR ARTERIAL,ON ROADWAY,"4 OR MORE LANES, DIVIDED",True,60,SH0361,DRY,FLASHING RED LIGHT,CLOUDY
19447686,12050,False,12050,2023,OUTSIDE CITY LIMITS,DRIVER INATTENTION; FOLLOWED TOO CLOSELY,226303,13.641,2023-03-17,0,3,0,0,N - NOT INJURED,0,1905,0,2023,FRIDAY,21.36,0,MOTOR VEHICLE IN TRANSPORT,TWO-WAY,19:00 - 19:59,,N/A,NON INTERSECTION,27.78474641,DAYLIGHT,YES,-97.10066773,SAME DIRECTION - BOTH GOING STRAIGHT-REAR END,NO MEDIAN,THREE ENTERING ROADS - T,5,NOT APPLICABLE,True,SLOWING/STOPPING-FOR TRAFFIC,RURAL,NO,0626,-0.352,US & STATE HIGHWAYS,"STRAIGHT, LEVEL",MINOR ARTERIAL,ON ROADWAY,"4 OR MORE LANES, UNDIVIDED",True,60,SH0361,DRY,NONE,CLEAR
19471548,10439,False,10439,2023,CORPUS CHRISTI,FAILED TO DRIVE IN SINGLE LANE,226303,24.392,2023-04-01,0,4,0,0,N - NOT INJURED,0,1509,0,2023,SATURDAY,32.111,0,FIXED OBJECT,TWO-WAY,15:00 - 15:59,,N/A,NON INTERSECTION,27.65103206,DAYLIGHT,YES,-97.19121206,ONE MOTOR VEHICLE - GOING STRAIGHT,NO MEDIAN,NOT APPLICABLE,5,HIT OTHER FIXED OBJECT,True,SWERVED OR VEERED-REASON NOT SPECIFIED,"250,000 POP AND OVER",NO,0636,0.428,US & STATE HIGHWAYS,"STRAIGHT, LEVEL",MINOR ARTERIAL,OFF ROADWAY,"4 OR MORE LANES, UNDIVIDED",False,60,SH0361,DRY,MARKED LANES,CLEAR
19491675,9764,False,9764,2023,PORT ARANSAS,DRIVER INATTENTION; FAILED TO CONTROL SPEED,226302,7.233,2023-04-10,0,4,0,0,N - NOT INJURED,0,1023,0,2023,MONDAY,17.685,0,MOTOR VEHICLE IN TRANSPORT,TWO-WAY,10:00 - 10:59,,UNKNOWN,INTERSECTION RELATED,27.82848206,DAYLIGHT,YES,-97.06744368,SAME DIRECTION - ONE STRAIGHT-ONE STOPPED,NO MEDIAN,THREE ENTERING ROADS - T,2,NOT APPLICABLE,True,SLOWING/STOPPING-FOR TRAFFIC,"2,500 - 4,999 POP",NO,0622,-0.043,US & STATE HIGHWAYS,"STRAIGHT, LEVEL",MINOR ARTERIAL,ON ROADWAY,"2 LANE, 2 WAY",True,-1,SH0361,DRY,SIGNAL LIGHT,CLEAR
19491683,15893,False,15893,2023,PORT ARANSAS,FAILED TO YIELD RIGHT OF WAY - PRIVATE DRIVE,226303,11.069,2023-04-14,0,4,0,0,N - NOT INJURED,0,1008,0,2023,FRIDAY,18.788,0,MOTOR VEHICLE IN TRANSPORT,TWO-WAY,10:00 - 10:59,,N/A,DRIVEWAY ACCESS,27.81491224,DAYLIGHT,YES,-97.07596168,ANGLE - ONE STRAIGHT-ONE RIGHT TURN,NO MEDIAN,THREE ENTERING ROADS - T,2,NOT APPLICABLE,True,ONE VEHICLE LEAVING DRIVEWAY,"2,500 - 4,999 POP",NO,0624,-0.962,US & STATE HIGHWAYS,"STRAIGHT, LEVEL",MINOR ARTERIAL,ON ROADWAY,"2 LANE, 2 WAY",True,45,SH0361,DRY,MARKED LANES,CLOUDY
19502385,,False,,,PORT ARANSAS,FAULTY EVASIVE ACTION; HAD BEEN DRINKING,,,2023-04-19,0,4,0,0,N - NOT INJURED,0,0054,0,2023,WEDNESDAY,,0,FIXED OBJECT,,00:00 - 00:59,,N/A,NON INTERSECTION,,"DARK, LIGHTED",?0,,ONE MOTOR VEHICLE - TURNING RIGHT,,OTHER (EXPLAIN IN NARRATIVE),,HIT FENCE,True,NOT APPLICABLE,"2,500 - 4,999 POP",YES,,,NON TRAFFICWAY,"STRAIGHT, LEVEL",,NOT APPLICABLE,,True,45,SH0361,DRY,NONE,CLEAR
19509002,15893,False,15893,2023,PORT ARANSAS,HAD BEEN DRINKING; TURNED IMPROPERLY - WIDE RIGHT,226303,11.284,2023-04-19,0,4,0,0,N - NOT INJURED,0,0054,0,2023,WEDNESDAY,19.003,0,MOTOR VEHICLE IN TRANSPORT,TWO-WAY,00:00 - 00:59,,N/A,DRIVEWAY ACCESS,27.81213384,"DARK, LIGHTED",YES,-97.07757248,ANGLE - ONE RIGHT TURN-ONE STOPPED,NO MEDIAN,THREE ENTERING ROADS - T,2,NOT APPLICABLE,True,ONE VEHICLE ENTERING DRIVEWAY,"2,500 - 4,999 POP",NO,0624,-0.747,US & STATE HIGHWAYS,"STRAIGHT, LEVEL",MINOR ARTERIAL,OFF ROADWAY,"2 LANE, 2 WAY",True,45,SH0361,DRY,NONE,CLEAR
19528893,15893,False,15893,2023,PORT ARANSAS,UNDER INFLUENCE - ALCOHOL,226303,11.893,2023-05-06,0,5,0,0,N - NOT INJURED,0,1332,0,2023,SATURDAY,19.612,0,MOTOR VEHICLE IN TRANSPORT,BOULEVARD,13:00 - 13:59,,N/A,NON INTERSECTION,27.80504102,DAYLIGHT,YES,-97.08350733,SAME DIRECTION - ONE STRAIGHT-ONE LEFT TURN,CURBED,THREE ENTERING ROADS - T,4,NOT APPLICABLE,True,NOT APPLICABLE,"2,500 - 4,999 POP",NO,0624,-0.138,US & STATE HIGHWAYS,"STRAIGHT, LEVEL",MINOR ARTERIAL,ON ROADWAY,"4 OR MORE LANES, DIVIDED",True,60,SH0361,DRY,MARKED LANES,CLOUDY
19543590,10439,False,10439,2023,CORPUS CHRISTI,FAILED TO CONTROL SPEED,226303,27.198,2023-05-12,0,5,0,0,N - NOT INJURED,0,1445,0,2023,FRIDAY,34.917,0,MOTOR VEHICLE IN TRANSPORT,TWO-WAY,14:00 - 14:59,,N/A,NON INTERSECTION,27.61809583,DAYLIGHT,YES,-97.2169034,SAME DIRECTION - BOTH GOING STRAIGHT-SIDESWIPE,NO MEDIAN,NOT APPLICABLE,5,NOT APPLICABLE,True,VEHICLE CHANGING LANES,"250,000 POP AND OVER",NO,0638,1.235,US & STATE HIGHWAYS,"STRAIGHT, GRADE",MINOR ARTERIAL,ON ROADWAY,"4 OR MORE LANES, UNDIVIDED",False,55,SH0361,DRY,MARKED LANES,CLOUDY
19566366,15893,False,15893,2023,PORT ARANSAS,FAULTY EVASIVE ACTION,226303,11.687,2023-05-24,0,5,0,0,A - SUSPECTED SERIOUS INJURY,1,0546,1,2023,WEDNESDAY,19.406,0,OVERTURNED,BOULEVARD,05:00 - 05:59,,N/A,NON INTERSECTION,27.8075003,"DARK, NOT LIGHTED",YES,-97.0815516,ONE MOTOR VEHICLE - GOING STRAIGHT,CURBED,NOT APPLICABLE,4,OVERTURNED,True,NOT APPLICABLE,"2,500 - 4,999 POP",NO,0624,-0.344,US & STATE HIGHWAYS,"STRAIGHT, LEVEL",MINOR ARTERIAL,MEDIAN,"4 OR MORE LANES, DIVIDED",True,55,SH0361,DRY,CENTER STRIPE/DIVIDER,CLEAR
19568926,12050,True,12050,2023,OUTSIDE CITY LIMITS,BACKED WITHOUT SAFETY; DRIVER INATTENTION,226303,13.393,2023-05-26,0,5,0,1,C - POSSIBLE INJURY,0,0803,1,2023,FRIDAY,21.112,0,MOTOR VEHICLE IN TRANSPORT,TWO-WAY,08:00 - 08:59,,UNKNOWN,INTERSECTION RELATED,27.78762866,DAYLIGHT,YES,-97.09822808,OPPOSITE DIRECTION - ONE BACKING-ONE STOPPED,NO MEDIAN,THREE ENTERING ROADS - T,5,NOT APPLICABLE,True,CONSTRUCTION-IN OTHER CONSTRUCTION MAINTENANCE AREA (RELATED TO CRASH),RURAL,NO,0626,-0.6,US & STATE HIGHWAYS,"STRAIGHT, LEVEL",MINOR ARTERIAL,ON ROADWAY,"4 OR MORE LANES, UNDIVIDED",True,30,SH0361,DRY,STOP SIGN,CLEAR
19570227,14248,False,14248,2023,PORT ARANSAS,FAILED TO YIELD RIGHT OF WAY - TURNING LEFT,226303,10.084,2023-05-27,0,5,1,0,B - SUSPECTED MINOR INJURY,0,1738,1,2023,SATURDAY,17.803,0,MOTOR VEHICLE IN TRANSPORT,TWO-WAY,17:00 - 17:59,,N/A,DRIVEWAY ACCESS,27.82722172,"DARK, LIGHTED",YES,-97.06786023,OPPOSITE DIRECTION - ONE STRAIGHT-ONE LEFT TURN,NO MEDIAN,FOUR ENTERING ROADS,2,NOT APPLICABLE,True,ONE VEHICLE ENTERING DRIVEWAY,"2,500 - 4,999 POP",NO,0622,0.075,US & STATE HIGHWAYS,"STRAIGHT, LEVEL",MINOR ARTERIAL,ON ROADWAY,"2 LANE, 2 WAY",True,35,SH0361,DRY,SIGNAL LIGHT,CLEAR
19572211,10439,False,10439,2023,CORPUS CHRISTI,FAILED TO YIELD RIGHT OF WAY - STOP SIGN,226303,25.688,2023-05-27,0,5,0,0,N - NOT INJURED,0,2141,0,2023,SATURDAY,33.407,0,MOTOR VEHICLE IN TRANSPORT,TWO-WAY,21:00 - 21:59,,NEWPORT PASS RD,INTERSECTION,27.63489063,"DARK, LIGHTED",YES,-97.20205894,ANGLE - ONE STRAIGHT-ONE LEFT TURN,NO MEDIAN,THREE ENTERING ROADS - T,5,NOT APPLICABLE,True,NOT APPLICABLE,"250,000 POP AND OVER",NO,0638,-0.275,US & STATE HIGHWAYS,"STRAIGHT, LEVEL",MINOR ARTERIAL,ON ROADWAY,"4 OR MORE LANES, UNDIVIDED",False,60,SH0361,DRY,STOP SIGN,CLEAR
19579022,10439,False,10439,2023,CORPUS CHRISTI,FOLLOWED TOO CLOSELY,226303,26.525,2023-05-29,0,5,0,0,N - NOT INJURED,0,1640,0,2023,MONDAY,34.244,0,MOTOR VEHICLE IN TRANSPORT,TWO-WAY,16:00 - 16:59,,N/A,NON INTERSECTION,27.62446127,DAYLIGHT,YES,-97.20907343,SAME DIRECTION - BOTH GOING STRAIGHT-REAR END,NO MEDIAN,THREE ENTERING ROADS - T,5,NOT APPLICABLE,True,SLOWING/STOPPING-FOR TRAFFIC,"250,000 POP AND OVER",NO,0638,0.562,US & STATE HIGHWAYS,"STRAIGHT, LEVEL",MINOR ARTERIAL,ON ROADWAY,"4 OR MORE LANES, UNDIVIDED",False,55,SH0361,DRY,MARKED LANES,CLEAR
19579029,10439,False,10439,2023,CORPUS CHRISTI,FOLLOWED TOO CLOSELY,226303,26.525,2023-05-29,0,5,0,0,N - NOT INJURED,0,1640,0,2023,MONDAY,34.244,0,MOTOR VEHICLE IN TRANSPORT,TWO-WAY,16:00 - 16:59,,N/A,NON INTERSECTION,27.62446127,DAYLIGHT,YES,-97.20907343,SAME DIRECTION - ONE STRAIGHT-ONE STOPPED,NO MEDIAN,THREE ENTERING ROADS - T,5,NOT APPLICABLE,True,SLOWING/STOPPING-FOR TRAFFIC,"250,000 POP AND OVER",NO,0638,0.562,US & STATE HIGHWAYS,"STRAIGHT, LEVEL",MINOR ARTERIAL,ON ROADWAY,"4 OR MORE LANES, UNDIVIDED",False,55,SH0361,DRY,MARKED LANES,CLEAR
19579030,10439,False,10439,2023,CORPUS CHRISTI,FAILED TO YIELD RIGHT OF WAY - PRIVATE DRIVE,226303,27.46,2023-05-29,0,5,0,1,C - POSSIBLE INJURY,0,1759,1,2023,MONDAY,35.179,0,MOTOR VEHICLE IN TRANSPORT,TWO-WAY,17:00 - 17:59,,N/A,DRIVEWAY ACCESS,27.61788081,DAYLIGHT,YES,-97.22115549,ANGLE - BOTH GOING STRAIGHT,NO MEDIAN,NOT APPLICABLE,5,NOT APPLICABLE,True,ONE VEHICLE LEAVING DRIVEWAY,"250,000 POP AND OVER",NO,0638,1.497,US & STATE HIGHWAYS,"STRAIGHT, LEVEL",MINOR ARTERIAL,ON ROADWAY,"4 OR MORE LANES, UNDIVIDED",False,55,SH0361,DRY,MARKED LANES,CLEAR
19583058,10439,True,10439,2023,CORPUS CHRISTI,DISREGARD STOP AND GO SIGNAL,226303,27.498,2023-05-31,0,5,0,0,N - NOT INJURED,0,1919,0,2023,WEDNESDAY,35.217,0,MOTOR VEHICLE IN TRANSPORT,TWO-WAY,19:00 - 19:59,0022,PR0022,INTERSECTION,27.6178894,DAYLIGHT,YES,-97.22177124,OPPOSITE DIRECTION - ONE STRAIGHT-ONE LEFT TURN,NO MEDIAN,FOUR ENTERING ROADS,5,NOT APPLICABLE,True,NOT APPLICABLE,"250,000 POP AND OVER",NO,0638,1.535,US & STATE HIGHWAYS,"STRAIGHT, LEVEL",MINOR ARTERIAL,ON ROADWAY,"4 OR MORE LANES, UNDIVIDED",False,50,SH0361,DRY,SIGNAL LIGHT,CLEAR
19583107,10439,False,10439,2023,CORPUS CHRISTI,CHANGED LANE WHEN UNSAFE; FAILED TO HEED WARNING SIGN,226303,26.822,2023-06-04,0,6,0,0,N - NOT INJURED,0,0921,0,2023,SUNDAY,34.541,0,MOTOR VEHICLE IN TRANSPORT,TWO-WAY,09:00 - 09:59,,N/A,NON INTERSECTION,27.62087489,DAYLIGHT,YES,-97.21175018,SAME DIRECTION - BOTH GOING STRAIGHT-SIDESWIPE,NO MEDIAN,NOT APPLICABLE,5,NOT APPLICABLE,True,VEHICLE CHANGING LANES,"250,000 POP AND OVER",NO,0638,0.859,US & STATE HIGHWAYS,"CURVE, GRADE",MINOR ARTERIAL,ON ROADWAY,"4 OR MORE LANES, UNDIVIDED",False,45,SH0361,DRY,WARNING SIGN,CLEAR
19594121,5888,True,5888,2023,PORT ARANSAS,UNSAFE SPEED;TURNED WHEN UNSAFE,226302,6.65,2023-06-09,0,6,5,1,B - SUSPECTED MINOR INJURY,0,1520,6,2023,FRIDAY,17.102,0,OVERTURNED,TWO-WAY,15:00 - 15:59,,W AVENUE C,INTERSECTION RELATED,27.83522977,DAYLIGHT,YES,-97.07044832,ONE MOTOR VEHICLE - TURNING RIGHT,NO MEDIAN,THREE ENTERING ROADS - T,2,OVERTURNED,True,NOT APPLICABLE,"2,500 - 4,999 POP",NO,0622,-0.626,CITY STREET,"STRAIGHT, LEVEL",MINOR ARTERIAL,ON ROADWAY,"2 LANE, 2 WAY",True,35,SH0361,DRY,STOP SIGN,CLEAR
19599078,6181,False,6181,2023,ARANSAS PASS,FOLLOWED TOO CLOSELY,226302,0.607,2023-06-12,0,6,1,1,B - SUSPECTED MINOR INJURY,0,1413,2,2023,MONDAY,11.044,0,MOTOR VEHICLE IN TRANSPORT,TWO-WAY,14:00 - 14:59,,N/A,DRIVEWAY ACCESS,27.89510356,DAYLIGHT,YES,-97.13128872,SAME DIRECTION - BOTH GOING STRAIGHT-REAR END,NO MEDIAN,NOT APPLICABLE,2,NOT APPLICABLE,True,SLOWING/STOPPING-TO MAKE LEFT TURN,"5,000 - 9,999 POP",NO,0614,0.619,US & STATE HIGHWAYS,"STRAIGHT, LEVEL",MINOR ARTERIAL,ON ROADWAY,"2 LANE, 2 WAY",False,55,SH0361,DRY,MARKED LANES,CLEAR
19608005,15893,False,15893,2023,PORT ARANSAS,DRIVER INATTENTION,226303,11.085,2023-06-17,0,6,0,1,C - POSSIBLE INJURY,0,1545,1,2023,SATURDAY,18.804,0,MOTOR VEHICLE IN TRANSPORT,TWO-WAY,15:00 - 15:59,,PARADISE POINTE DR,INTERSECTION RELATED,27.81469766,DAYLIGHT,YES,-97.07608511,SAME DIRECTION - ONE STRAIGHT-ONE STOPPED,NO MEDIAN,THREE ENTERING ROADS - T,2,NOT APPLICABLE,True,SLOWING/STOPPING-FOR VEHICLE ENTERING ROAD,"2,500 - 4,999 POP",NO,0624,-0.946,US & STATE HIGHWAYS,"STRAIGHT, LEVEL",MINOR ARTERIAL,ON ROADWAY,"2 LANE, 2 WAY",True,45,SH0361,DRY,STOP SIGN,CLEAR
19619237,12050,False,12050,2023,CORPUS CHRISTI,FAILED TO CONTROL SPEED,226303,17.561,2023-06-17,0,6,1,0,B - SUSPECTED MINOR INJURY,0,2340,1,2023,SATURDAY,25.28,0,MOTOR VEHICLE IN TRANSPORT,TWO-WAY,23:00 - 23:59,,SEACOMBER DR,INTERSECTION RELATED,27.73614891,"DARK, LIGHTED",YES,-97.13395749,SAME DIRECTION - BOTH GOING STRAIGHT-REAR END,NO MEDIAN,NOT APPLICABLE,5,NOT APPLICABLE,True,SLOWING/STOPPING-TO MAKE LEFT TURN,"250,000 POP AND OVER",NO,0630,-0.452,US & STATE HIGHWAYS,"STRAIGHT, LEVEL",MINOR ARTERIAL,ON ROADWAY,"4 OR MORE LANES, UNDIVIDED",False,60,SH0361,DRY,MARKED LANES,CLEAR
19619275,10439,False,10439,2023,CORPUS CHRISTI,FAILED TO CONTROL SPEED,226303,25.691,2023-06-17,0,6,0,0,A - SUSPECTED SERIOUS INJURY,1,2110,1,2023,SATURDAY,33.41,0,MOTOR VEHICLE IN TRANSPORT,TWO-WAY,21:00 - 21:59,,N/A,NON INTERSECTION,27.63484371,"DARK, NOT LIGHTED",YES,-97.20209084,SAME DIRECTION - BOTH GOING STRAIGHT-REAR END,NO MEDIAN,NOT APPLICABLE,5,NOT APPLICABLE,True,NOT APPLICABLE,"250,000 POP AND OVER",NO,0638,-0.272,US & STATE HIGHWAYS,"STRAIGHT, LEVEL",MINOR ARTERIAL,ON ROADWAY,"4 OR MORE LANES, UNDIVIDED",False,65,SH0361,DRY,MARKED LANES,CLEAR
19618769,10439,False,10439,2023,CORPUS CHRISTI,FAILED TO CONTROL SPEED,226303,25.654,2023-06-18,0,6,0,0,N - NOT INJURED,0,1023,0,2023,SUNDAY,33.373,0,MOTOR VEHICLE IN TRANSPORT,TWO-WAY,10:00 - 10:59,,N/A,NON INTERSECTION,27.6353129,DAYLIGHT,YES,-97.2017719,SAME DIRECTION - ONE STRAIGHT-ONE STOPPED,NO MEDIAN,NOT APPLICABLE,5,NOT APPLICABLE,True,SLOWING/STOPPING-FOR TRAFFIC,"250,000 POP AND OVER",NO,0638,-0.309,US & STATE HIGHWAYS,"STRAIGHT, LEVEL",MINOR ARTERIAL,ON ROADWAY,"4 OR MORE LANES, UNDIVIDED",False,65,SH0361,DRY,CENTER STRIPE/DIVIDER,CLEAR
19610232,15893,False,15893,2023,PORT ARANSAS,FAILED TO CONTROL SPEED,226303,10.595,2023-06-20,0,6,0,0,N - NOT INJURED,0,1627,0,2023,TUESDAY,18.314,0,MOTOR VEHICLE IN TRANSPORT,TWO-WAY,16:00 - 16:59,,CUT OFF RD,INTERSECTION,27.82103549,DAYLIGHT,YES,-97.0724429,SAME DIRECTION - ONE STRAIGHT-ONE LEFT TURN,NO MEDIAN,OTHER (EXPLAIN IN NARRATIVE),2,NOT APPLICABLE,True,NOT APPLICABLE,"2,500 - 4,999 POP",NO,0622,0.586,US & STATE HIGHWAYS,"STRAIGHT, LEVEL",MINOR ARTERIAL,ON ROADWAY,"2 LANE, 2 WAY",True,40,SH0361,DRY,NONE,CLEAR
19616932,9764,False,9764,2023,PORT ARANSAS,FAILED TO CONTROL SPEED,226302,7.089,2023-06-23,0,6,0,0,N - NOT INJURED,0,0945,0,2023,FRIDAY,17.541,0,MOTOR VEHICLE IN TRANSPORT,TWO-WAY,09:00 - 09:59,,N/A,NON INTERSECTION,27.82980319,DAYLIGHT,YES,-97.06928053,SAME DIRECTION - BOTH GOING STRAIGHT-REAR END,NO MEDIAN,THREE ENTERING ROADS - T,2,NOT APPLICABLE,True,SLOWING/STOPPING-FOR TRAFFIC,"2,500 - 4,999 POP",NO,0622,-0.187,US & STATE HIGHWAYS,"STRAIGHT, LEVEL",MINOR ARTERIAL,ON ROADWAY,"2 LANE, 2 WAY",True,60,SH0361,DRY,CENTER STRIPE/DIVIDER,CLEAR
19616618,10439,True,10439,2023,CORPUS CHRISTI,FAILED TO YIELD RIGHT OF WAY - STOP SIGN,226303,25.682,2023-06-24,0,6,1,1,B - SUSPECTED MINOR INJURY,0,1334,2,2023,SATURDAY,33.401,0,MOTOR VEHICLE IN TRANSPORT,TWO-WAY,13:00 - 13:59,,NEWPORT PASS RD,INTERSECTION,27.63496101,DAYLIGHT,YES,-97.2020111,ANGLE - ONE STRAIGHT-ONE LEFT TURN,NO MEDIAN,THREE ENTERING ROADS - T,5,NOT APPLICABLE,True,NOT APPLICABLE,"250,000 POP AND OVER",NO,0638,-0.281,US & STATE HIGHWAYS,"STRAIGHT, LEVEL",MINOR ARTERIAL,ON ROADWAY,"4 OR MORE LANES, UNDIVIDED",False,60,SH0361,DRY,STOP SIGN,CLEAR
19627707,5888,False,5888,2023,PORT ARANSAS,DRIVER INATTENTION,226302,6.528,2023-06-29,0,6,0,0,N - NOT INJURED,0,0707,0,2023,THURSDAY,16.98,0,FIXED OBJECT,TWO-WAY,07:00 - 07:59,,N/A,DRIVEWAY ACCESS,27.83660662,DAYLIGHT,YES,-97.06922474,ONE MOTOR VEHICLE - GOING STRAIGHT,NO MEDIAN,THREE ENTERING ROADS - T,2,HIT OTHER FIXED OBJECT,True,ONE VEHICLE ENTERING DRIVEWAY,"2,500 - 4,999 POP",NO,0620,0.713,CITY STREET,"STRAIGHT, LEVEL",MINOR ARTERIAL,OFF ROADWAY,"2 LANE, 2 WAY",True,30,SH0361,DRY,CENTER STRIPE/DIVIDER,CLEAR
19628219,15893,True,15893,2023,PORT ARANSAS,FAILED TO CONTROL SPEED; HAD BEEN DRINKING,226303,11.165,2023-06-29,0,6,1,0,B - SUSPECTED MINOR INJURY,0,2126,1,2023,THURSDAY,18.884,0,MOTOR VEHICLE IN TRANSPORT,TWO-WAY,21:00 - 21:59,,ROYAL PALM DR,INTERSECTION RELATED,27.8136623,"DARK, NOT LIGHTED",YES,-97.07666772,SAME DIRECTION - BOTH GOING STRAIGHT-REAR END,NO MEDIAN,OTHER (EXPLAIN IN NARRATIVE),2,NOT APPLICABLE,True,SLOWING/STOPPING-TO MAKE LEFT TURN,"2,500 - 4,999 POP",NO,0624,-0.866,US & STATE HIGHWAYS,"STRAIGHT, LEVEL",MINOR ARTERIAL,ON ROADWAY,"2 LANE, 2 WAY",True,45,SH0361,DRY,STOP SIGN,CLEAR
19628725,10439,True,10439,2023,CORPUS CHRISTI,FAILED TO YIELD RIGHT OF WAY - TURNING LEFT,226303,26.723,2023-06-29,0,6,0,0,N - NOT INJURED,0,1833,0,2023,THURSDAY,34.442,0,MOTOR VEHICLE IN TRANSPORT,TWO-WAY,18:00 - 18:59,,ZAHN RD,INTERSECTION,27.62201986,DAYLIGHT,YES,-97.21077788,ANGLE - ONE STRAIGHT-ONE LEFT TURN,NO MEDIAN,THREE ENTERING ROADS - T,5,NOT APPLICABLE,True,NOT APPLICABLE,"250,000 POP AND OVER",NO,0638,0.76,US & STATE HIGHWAYS,"STRAIGHT, LEVEL",MINOR ARTERIAL,ON ROADWAY,"4 OR MORE LANES, UNDIVIDED",False,55,SH0361,DRY,STOP SIGN,CLEAR
19646124,12050,False,12050,2023,CORPUS CHRISTI,FAILED TO DRIVE IN SINGLE LANE; UNDER INFLUENCE - ALCOHOL,226303,16.642,2023-06-30,1,6,1,0,K - FATAL INJURY,2,2056,3,2023,FRIDAY,24.361,1,MOTOR VEHICLE IN TRANSPORT,TWO-WAY,20:00 - 20:59,,N/A,NON INTERSECTION,27.74760578,"DARK, NOT LIGHTED",YES,-97.1262552,OPPOSITE DIRECTION - BOTH GOING STRAIGHT,NO MEDIAN,NOT APPLICABLE,5,OVERTURNED,True,VEHICLE PASSING OR ATTEMPTING TO PASS ON LEFT,"250,000 POP AND OVER",NO,0628,0.66,US & STATE HIGHWAYS,"STRAIGHT, LEVEL",MINOR ARTERIAL,ON ROADWAY,"4 OR MORE LANES, UNDIVIDED",False,60,SH0361,DRY,MARKED LANES,CLEAR
19638309,12050,False,12050,2023,CORPUS CHRISTI,FAILED TO YIELD RIGHT OF WAY - TURNING LEFT;HAD BEEN DRINKING,226303,18.863,2023-07-03,1,7,2,2,K - FATAL INJURY,2,2030,6,2023,MONDAY,26.582,1,MOTOR VEHICLE IN TRANSPORT,TWO-WAY,20:00 - 20:59,,N/A,DRIVEWAY ACCESS,27.71993578,"DARK, LIGHTED",YES,-97.14488203,OPPOSITE DIRECTION - ONE STRAIGHT-ONE LEFT TURN,NO MEDIAN,NOT APPLICABLE,5,NOT APPLICABLE,True,ONE VEHICLE ENTERING DRIVEWAY,"250,000 POP AND OVER",NO,0630,0.85,US & STATE HIGHWAYS,"STRAIGHT, LEVEL",MINOR ARTERIAL,ON ROADWAY,"4 OR MORE LANES, UNDIVIDED",False,65,SH0361,DRY,MARKED LANES,CLEAR
19639966,15893,False,15893,2023,PORT ARANSAS,DRIVER INATTENTION; FAILED TO CONTROL SPEED; FAULTY EVASIVE ACTION,226303,10.772,2023-07-05,0,7,0,0,N - NOT INJURED,0,1855,0,2023,WEDNESDAY,18.491,0,MOTOR VEHICLE IN TRANSPORT,TWO-WAY,18:00 - 18:59,,N/A,NON INTERSECTION,27.818743,DAYLIGHT,YES,-97.07376416,SAME DIRECTION - BOTH GOING STRAIGHT-REAR END,NO MEDIAN,NOT APPLICABLE,2,HIT OTHER FIXED OBJECT,True,NOT APPLICABLE,"2,500 - 4,999 POP",NO,0622,0.763,US & STATE HIGHWAYS,"STRAIGHT, LEVEL",MINOR ARTERIAL,ON ROADWAY,"2 LANE, 2 WAY",True,45,SH0361,DRY,NONE,CLEAR
19636775,15893,True,15893,2023,PORT ARANSAS,FAILED TO YIELD RIGHT OF WAY - STOP SIGN,226303,10.755,2023-07-06,0,7,0,0,N - NOT INJURED,0,0856,0,2023,THURSDAY,18.474,0,MOTOR VEHICLE IN TRANSPORT,TWO-WAY,08:00 - 08:59,,E HOWARD BLVD,INTERSECTION,27.8189672,DAYLIGHT,YES,-97.07363613,ANGLE - BOTH GOING STRAIGHT,NO MEDIAN,FOUR ENTERING ROADS,2,NOT APPLICABLE,True,NOT APPLICABLE,"2,500 - 4,999 POP",NO,0622,0.746,US & STATE HIGHWAYS,"STRAIGHT, LEVEL",MINOR ARTERIAL,ON ROADWAY,"2 LANE, 2 WAY",True,45,SH0361,WET,STOP SIGN,RAIN
19640534,15893,True,15893,2023,PORT ARANSAS,FAILED TO YIELD RIGHT OF WAY - TURNING LEFT;TURNED WHEN UNSAFE;UNDER INFLUENCE - ALCOHOL,226303,11.782,2023-07-07,0,7,1,0,B - SUSPECTED MINOR INJURY,0,0212,1,2023,FRIDAY,19.501,0,MOTOR VEHICLE IN TRANSPORT,BOULEVARD,02:00 - 02:59,,UNKNOWN,INTERSECTION,27.80632803,"DARK, LIGHTED",YES,-97.08242613,OPPOSITE DIRECTION - ONE STRAIGHT-ONE LEFT TURN,CURBED,FOUR ENTERING ROADS,4,NOT APPLICABLE,True,NOT APPLICABLE,"2,500 - 4,999 POP",NO,0624,-0.249,US & STATE HIGHWAYS,"STRAIGHT, LEVEL",MINOR ARTERIAL,ON ROADWAY,"4 OR MORE LANES, DIVIDED",True,45,SH0361,DRY,SIGNAL LIGHT,CLEAR
19642990,10439,True,10439,2023,CORPUS CHRISTI,FAILED TO CONTROL SPEED; UNDER INFLUENCE - ALCOHOL,226303,19.998,2023-07-09,0,7,0,0,N - NOT INJURED,0,1941,0,2023,SUNDAY,27.717,0,OVERTURNED,TWO-WAY,19:00 - 19:59,,N/A,NON INTERSECTION,27.70581036,DAYLIGHT,YES,-97.1544104,ONE MOTOR VEHICLE - GOING STRAIGHT,NO MEDIAN,THREE ENTERING ROADS - T,5,OVERTURNED,True,NOT APPLICABLE,"250,000 POP AND OVER",NO,0632,0.034,US & STATE HIGHWAYS,"STRAIGHT, LEVEL",MINOR ARTERIAL,OFF ROADWAY,"4 OR MORE LANES, UNDIVIDED",False,60,SH0361,DRY,MARKED LANES,CLEAR
19647809,10439,False,10439,2023,CORPUS CHRISTI,TURNED IMPROPERLY - WIDE RIGHT,226303,27.46,2023-07-11,0,7,0,0,N - NOT INJURED,0,1620,0,2023,TUESDAY,35.179,0,MOTOR VEHICLE IN TRANSPORT,TWO-WAY,16:00 - 16:59,,N/A,DRIVEWAY ACCESS,27.61788081,DAYLIGHT,YES,-97.22115549,ANGLE - ONE RIGHT TURN-ONE STOPPED,NO MEDIAN,NOT APPLICABLE,5,NOT APPLICABLE,True,ONE VEHICLE ENTERING DRIVEWAY,"250,000 POP AND OVER",NO,0638,1.497,US & STATE HIGHWAYS,"STRAIGHT, LEVEL",MINOR ARTERIAL,OFF ROADWAY,"4 OR MORE LANES, UNDIVIDED",False,55,SH0361,DRY,MARKED LANES,CLEAR
19660111,10439,False,10439,2023,CORPUS CHRISTI,TURNED WHEN UNSAFE,226303,24.65,2023-07-13,0,7,0,0,N - NOT INJURED,0,1624,0,2023,THURSDAY,32.369,0,MOTOR VEHICLE IN TRANSPORT,TWO-WAY,16:00 - 16:59,,N/A,NON INTERSECTION,27.64781018,DAYLIGHT,YES,-97.19334689,OPPOSITE DIRECTION - ONE STRAIGHT-ONE LEFT TURN,NO MEDIAN,NOT APPLICABLE,5,NOT APPLICABLE,True,NOT APPLICABLE,"250,000 POP AND OVER",NO,0636,0.686,US & STATE HIGHWAYS,"STRAIGHT, LEVEL",MINOR ARTERIAL,ON ROADWAY,"4 OR MORE LANES, UNDIVIDED",False,55,SH0361,DRY,CENTER STRIPE/DIVIDER,CLEAR
19654473,10439,False,10439,2023,CORPUS CHRISTI,FAILED TO CONTROL SPEED,226303,25.781,2023-07-16,0,7,0,1,C - POSSIBLE INJURY,0,1227,1,2023,SUNDAY,33.5,0,MOTOR VEHICLE IN TRANSPORT,TWO-WAY,12:00 - 12:59,,N/A,NON INTERSECTION,27.63372745,DAYLIGHT,YES,-97.20284971,SAME DIRECTION - BOTH GOING STRAIGHT-REAR END,NO MEDIAN,NOT APPLICABLE,5,NOT APPLICABLE,True,SLOWING/STOPPING-FOR TRAFFIC,"250,000 POP AND OVER",NO,0638,-0.182,US & STATE HIGHWAYS,"STRAIGHT, LEVEL",MINOR ARTERIAL,ON ROADWAY,"4 OR MORE LANES, UNDIVIDED",False,60,SH0361,DRY,CENTER STRIPE/DIVIDER,CLEAR
19654619,14248,False,14248,2023,PORT ARANSAS,PASSED IN NO PASSING LANE; TURNED IMPROPERLY - WRONG LANE,226303,10.009,2023-07-16,0,7,0,0,N - NOT INJURED,0,1430,0,2023,SUNDAY,17.728,0,MOTOR VEHICLE IN TRANSPORT,TWO-WAY,14:00 - 14:59,,N/A,DRIVEWAY ACCESS,27.82807026,DAYLIGHT,YES,-97.06710042,ANGLE - ONE STRAIGHT-ONE LEFT TURN,NO MEDIAN,FOUR ENTERING ROADS,2,NOT APPLICABLE,True,ONE VEHICLE LEAVING DRIVEWAY,"2,500 - 4,999 POP",NO,0622,0.0,US & STATE HIGHWAYS,"STRAIGHT, LEVEL",MINOR ARTERIAL,ON ROADWAY,"2 LANE, 2 WAY",True,35,SH0361,DRY,SIGNAL LIGHT,CLEAR
19657096,15893,False,15893,2023,PORT ARANSAS,DRIVER INATTENTION; FAILED TO CONTROL SPEED,226303,11.744,2023-07-18,0,7,0,0,N - NOT INJURED,0,1413,0,2023,TUESDAY,19.463,0,PARKED CAR,BOULEVARD,14:00 - 14:59,,N/A,NON INTERSECTION,27.80684369,DAYLIGHT,YES,-97.08213227,ONE MOTOR VEHICLE - GOING STRAIGHT,CURBED,NOT APPLICABLE,4,NOT APPLICABLE,True,VEHICLE PASSING OR ATTEMPTING TO PASS ON LEFT,"2,500 - 4,999 POP",NO,0624,-0.287,US & STATE HIGHWAYS,"STRAIGHT, LEVEL",MINOR ARTERIAL,ON ROADWAY,"4 OR MORE LANES, DIVIDED",True,55,SH0361,DRY,NONE,CLEAR
19665104,10439,True,10439,2023,CORPUS CHRISTI,FAILED TO DRIVE IN SINGLE LANE,226303,27.498,2023-07-19,0,7,0,0,N - NOT INJURED,0,0605,0,2023,WEDNESDAY,35.217,0,MOTOR VEHICLE IN TRANSPORT,TWO-WAY,06:00 - 06:59,0022,PR0022,INTERSECTION,27.6178894,"DARK, LIGHTED",YES,-97.22177124,SAME DIRECTION - BOTH LEFT TURN,NO MEDIAN,FOUR ENTERING ROADS,5,NOT APPLICABLE,True,NOT APPLICABLE,"250,000 POP AND OVER",NO,0638,1.535,US & STATE HIGHWAYS,"STRAIGHT, LEVEL",MINOR ARTERIAL,ON ROADWAY,"4 OR MORE LANES, UNDIVIDED",False,55,SH0361,DRY,MARKED LANES,CLEAR
19686802,9764,False,9764,2023,PORT ARANSAS,DRIVER INATTENTION; FAILED TO CONTROL SPEED,226302,7.077,2023-08-01,0,8,0,0,N - NOT INJURED,0,1215,0,2023,TUESDAY,17.529,0,MOTOR VEHICLE IN TRANSPORT,TWO-WAY,12:00 - 12:59,,S ALISTER ST,INTERSECTION RELATED,27.82991015,DAYLIGHT,YES,-97.06942427,SAME DIRECTION - ONE STRAIGHT-ONE STOPPED,NO MEDIAN,FOUR ENTERING ROADS,2,NOT APPLICABLE,True,"SLOWING/STOPPING - FOR OFFICER, FLAGMAN, OR TRAFFIC CONTROL","2,500 - 4,999 POP",NO,0622,-0.199,CITY STREET,"STRAIGHT, LEVEL",MINOR ARTERIAL,ON ROADWAY,"2 LANE, 2 WAY",True,30,SH0361,DRY,SIGNAL LIGHT,CLEAR
19686942,12050,False,12050,2023,PORT ARANSAS,FAILED TO DRIVE IN SINGLE LANE; FAULTY EVASIVE ACTION; UNDER INFLUENCE - ALCOHOL,226303,12.794,2023-08-04,0,8,0,3,C - POSSIBLE INJURY,0,1742,3,2023,FRIDAY,20.513,0,MOTOR VEHICLE IN TRANSPORT,TWO-WAY,17:00 - 17:59,,N/A,NON INTERSECTION,27.79459664,DAYLIGHT,YES,-97.09236596,OPPOSITE DIRECTION - BOTH GOING STRAIGHT,NO MEDIAN,NOT APPLICABLE,5,NOT APPLICABLE,True,SWERVED OR VEERED-AVOIDING VEHICLE STOPPED OR MOVING SLOWLY IN TRAFFIC LANE,"2,500 - 4,999 POP",NO,0624,0.763,US & STATE HIGHWAYS,"STRAIGHT, LEVEL",MINOR ARTERIAL,SHOULDER,"4 OR MORE LANES, UNDIVIDED",True,60,SH0361,DRY,NONE,CLEAR
19695714,12050,False,12050,2023,OUTSIDE CITY LIMITS,FAILED TO YIELD RIGHT OF WAY - TURNING LEFT,226303,13.297,2023-08-09,0,8,1,0,B - SUSPECTED MINOR INJURY,0,1325,1,2023,WEDNESDAY,21.016,0,MOTOR VEHICLE IN TRANSPORT,TWO-WAY,13:00 - 13:59,,N/A,NON INTERSECTION,27.78874183,DAYLIGHT,YES,-97.09728584,SAME DIRECTION - ONE STRAIGHT-ONE LEFT TURN,NO MEDIAN,NOT APPLICABLE,5,NOT APPLICABLE,True,NOT APPLICABLE,RURAL,NO,0626,-0.696,US & STATE HIGHWAYS,"STRAIGHT, LEVEL",MINOR ARTERIAL,ON ROADWAY,"4 OR MORE LANES, UNDIVIDED",True,60,SH0361,DRY,MARKED LANES,CLEAR
19698730,6181,False,6181,2023,ARANSAS PASS,FAILED TO CONTROL SPEED,226302,0.588,2023-08-09,0,8,0,2,C - POSSIBLE INJURY,0,1410,2,2023,WEDNESDAY,11.025,0,MOTOR VEHICLE IN TRANSPORT,TWO-WAY,14:00 - 14:59,,N/A,NON INTERSECTION,27.89519808,DAYLIGHT,YES,-97.13157012,SAME DIRECTION - BOTH GOING STRAIGHT-REAR END,NO MEDIAN,NOT APPLICABLE,2,NOT APPLICABLE,True,SLOWING/STOPPING-FOR TRAFFIC,"5,000 - 9,999 POP",NO,0614,0.6,US & STATE HIGHWAYS,"STRAIGHT, LEVEL",MINOR ARTERIAL,ON ROADWAY,"2 LANE, 2 WAY",False,45,SH0361,DRY,MARKED LANES,CLEAR
19713381,10439,False,10439,2023,CORPUS CHRISTI,FAILED TO YIELD RIGHT OF WAY - TURNING LEFT,226303,22.954,2023-08-12,0,8,0,0,N - NOT INJURED,0,1841,0,2023,SATURDAY,30.673,0,FIXED OBJECT,TWO-WAY,18:00 - 18:59,,N/A,NON INTERSECTION,27.66896046,DAYLIGHT,YES,-97.17916224,ONE MOTOR VEHICLE - GOING STRAIGHT,NO MEDIAN,NOT APPLICABLE,5,HIT CULVERT-HEADWALL,True,SWERVED OR VEERED - AVOIDING VEHICLE FROM OPPOSITE DIRECTION IN WRONG LANE,"250,000 POP AND OVER",NO,0634,0.99,US & STATE HIGHWAYS,"STRAIGHT, LEVEL",MINOR ARTERIAL,OFF ROADWAY,"4 OR MORE LANES, UNDIVIDED",False,60,SH0361,DRY,MARKED LANES,CLEAR
19700108,15893,False,15893,2023,PORT ARANSAS,FAILED TO CONTROL SPEED,226303,11.634,2023-08-13,0,8,0,0,N - NOT INJURED,0,2244,0,2023,SUNDAY,19.353,0,FIXED OBJECT,BOULEVARD,22:00 - 22:59,,N/A,NON INTERSECTION,27.80810703,"DARK, NOT LIGHTED",YES,-97.08101764,ONE MOTOR VEHICLE - GOING STRAIGHT,CURBED,NOT APPLICABLE,4,HIT CURB,True,NOT APPLICABLE,"2,500 - 4,999 POP",NO,0624,-0.397,US & STATE HIGHWAYS,"STRAIGHT, LEVEL",MINOR ARTERIAL,OFF ROADWAY,"4 OR MORE LANES, DIVIDED",True,55,SH0361,DRY,NONE,CLEAR
19729081,12050,False,12050,2023,CORPUS CHRISTI,UNDER INFLUENCE - ALCOHOL,226303,17.336,2023-08-25,0,8,0,0,N - NOT INJURED,0,2115,0,2023,FRIDAY,25.055,0,OTHER NON COLLISION,TWO-WAY,21:00 - 21:59,,N/A,NON INTERSECTION,27.73896207,"DARK, NOT LIGHTED",YES,-97.13205974,ONE MOTOR VEHICLE - GOING STRAIGHT,NO MEDIAN,NOT APPLICABLE,5,NOT APPLICABLE,True,NOT APPLICABLE,"250,000 POP AND OVER",NO,0630,-0.677,US & STATE HIGHWAYS,"STRAIGHT, LEVEL",MINOR ARTERIAL,OFF ROADWAY,"4 OR MORE LANES, UNDIVIDED",False,60,SH0361,DRY,CENTER STRIPE/DIVIDER,CLEAR
19733993,15893,False,15893,2023,PORT ARANSAS,DRIVER INATTENTION; FAILED TO CONTROL SPEED,226303,10.764,2023-09-01,0,9,0,0,N - NOT INJURED,0,1306,0,2023,FRIDAY,18.483,0,MOTOR VEHICLE IN TRANSPORT,TWO-WAY,13:00 - 13:59,,N/A,DRIVEWAY ACCESS,27.81884461,DAYLIGHT,YES,-97.07370613,SAME DIRECTION - ONE STRAIGHT-ONE RIGHT TURN,NO MEDIAN,FOUR ENTERING ROADS,2,NOT APPLICABLE,True,ONE VEHICLE ENTERING DRIVEWAY,"2,500 - 4,999 POP",NO,0622,0.755,US & STATE HIGHWAYS,"STRAIGHT, LEVEL",MINOR ARTERIAL,ON ROADWAY,"2 LANE, 2 WAY",True,45,SH0361,DRY,NONE,CLEAR
19735279,15893,False,15893,2023,PORT ARANSAS,DRIVER INATTENTION; TURNED WHEN UNSAFE,226303,10.75,2023-09-02,0,9,2,1,B - SUSPECTED MINOR INJURY,0,1930,3,2023,SATURDAY,18.469,0,MOTOR VEHICLE IN TRANSPORT,TWO-WAY,19:00 - 19:59,,N/A,NON INTERSECTION,27.81902838,DAYLIGHT,YES,-97.07360119,SAME DIRECTION - ONE STRAIGHT-ONE LEFT TURN,NO MEDIAN,FOUR ENTERING ROADS,2,NOT APPLICABLE,True,ATTENTION DIVERTED FROM DRIVING,"2,500 - 4,999 POP",NO,0622,0.741,US & STATE HIGHWAYS,"STRAIGHT, LEVEL",MINOR ARTERIAL,ON ROADWAY,"2 LANE, 2 WAY",True,45,SH0361,DRY,NONE,CLEAR
19743032,12050,True,12050,2023,CORPUS CHRISTI,FAILED TO DRIVE IN SINGLE LANE,226303,18.984,2023-09-05,0,9,0,1,A - SUSPECTED SERIOUS INJURY,1,1632,2,2023,TUESDAY,26.703,0,FIXED OBJECT,TWO-WAY,16:00 - 16:59,,N/A,NON INTERSECTION,27.71842439,DAYLIGHT,YES,-97.1459014,ONE MOTOR VEHICLE - GOING STRAIGHT,NO MEDIAN,THREE ENTERING ROADS - T,5,HIT UTILITY POLE,True,NOT APPLICABLE,"250,000 POP AND OVER",NO,0630,0.971,US & STATE HIGHWAYS,"STRAIGHT, LEVEL",MINOR ARTERIAL,OFF ROADWAY,"4 OR MORE LANES, UNDIVIDED",False,60,SH0361,DRY,STOP SIGN,CLEAR
19789134,6181,False,6181,2023,ARANSAS PASS,ROAD RAGE,226302,3.272,2023-09-23,0,9,0,0,N - NOT INJURED,0,1345,0,2023,SATURDAY,13.709,0,MOTOR VEHICLE IN TRANSPORT,TWO-WAY,13:00 - 13:59,,N/A,NON INTERSECTION,27.8757248,DAYLIGHT,YES,-97.09506636,SAME DIRECTION - BOTH GOING STRAIGHT-SIDESWIPE,NO MEDIAN,NOT APPLICABLE,2,NOT APPLICABLE,True,VEHICLE CHANGING LANES,"5,000 - 9,999 POP",NO,0618,-0.67,US & STATE HIGHWAYS,"STRAIGHT, LEVEL",MINOR ARTERIAL,ON ROADWAY,"2 LANE, 2 WAY",False,55,SH0361,DRY,MARKED LANES,CLEAR
19783871,14248,False,14248,2023,PORT ARANSAS,DRIVER INATTENTION; FAULTY EVASIVE ACTION,226303,10.094,2023-09-30,0,9,0,0,N - NOT INJURED,0,0830,0,2023,SATURDAY,17.813,0,FIXED OBJECT,TWO-WAY,08:00 - 08:59,,N/A,NON INTERSECTION,27.8271107,DAYLIGHT,YES,-97.06795964,ONE MOTOR VEHICLE - GOING STRAIGHT,NO MEDIAN,NOT APPLICABLE,2,HIT CURB,True,"LOST CONTROL OR SKIDDED (ICY OR SLICK ROAD, ETC.)","2,500 - 4,999 POP",NO,0622,0.085,US & STATE HIGHWAYS,"STRAIGHT, LEVEL",MINOR ARTERIAL,OFF ROADWAY,"2 LANE, 2 WAY",True,35,SH0361,WET,NONE,CLOUDY
19788753,10439,False,10439,2023,CORPUS CHRISTI,LOAD NOT SECURED,226303,25.678,2023-09-30,0,9,0,0,N - NOT INJURED,0,1200,0,2023,SATURDAY,33.397,0,MOTOR VEHICLE IN TRANSPORT,TWO-WAY,12:00 - 12:59,,NEWPORT PASS RD,INTERSECTION RELATED,27.63500792,DAYLIGHT,YES,-97.20197921,SAME DIRECTION - ONE STRAIGHT-ONE STOPPED,NO MEDIAN,NOT APPLICABLE,5,NOT APPLICABLE,True,NOT APPLICABLE,"250,000 POP AND OVER",NO,0638,-0.285,US & STATE HIGHWAYS,"STRAIGHT, LEVEL",MINOR ARTERIAL,ON ROADWAY,"4 OR MORE LANES, UNDIVIDED",False,55,SH0361,DRY,MARKED LANES,CLEAR
19805624,6181,False,6181,2023,ARANSAS PASS,FAILED TO CONTROL SPEED,226302,4.317,2023-10-01,0,10,0,0,N - NOT INJURED,0,2106,0,2023,SUNDAY,14.754,0,FIXED OBJECT,TWO-WAY,21:00 - 21:59,,N/A,NON INTERSECTION,27.86451044,"DARK, UNKNOWN LIGHTING",YES,-97.0836622,ONE MOTOR VEHICLE - GOING STRAIGHT,NO MEDIAN,NOT APPLICABLE,2,HIT GUARDRAIL,True,"LOST CONTROL OR SKIDDED (ICY OR SLICK ROAD, ETC.)","5,000 - 9,999 POP",NO,0618,0.375,US & STATE HIGHWAYS,"STRAIGHT, GRADE",MINOR ARTERIAL,OFF ROADWAY,"2 LANE, 2 WAY",False,55,SH0361,WET,CENTER STRIPE/DIVIDER,RAIN
19840715,10439,True,10439,2023,CORPUS CHRISTI,FAILED TO YIELD RIGHT OF WAY - STOP SIGN,226303,26.723,2023-10-03,0,10,0,0,N - NOT INJURED,0,1859,0,2023,TUESDAY,34.442,0,MOTOR VEHICLE IN TRANSPORT,TWO-WAY,18:00 - 18:59,,ZAHN RD,INTERSECTION,27.62201986,DAYLIGHT,YES,-97.21077788,ANGLE - ONE STRAIGHT-ONE LEFT TURN,NO MEDIAN,THREE ENTERING ROADS - T,5,NOT APPLICABLE,True,NOT APPLICABLE,"250,000 POP AND OVER",NO,0638,0.76,US & STATE HIGHWAYS,"STRAIGHT, LEVEL",MINOR ARTERIAL,ON ROADWAY,"4 OR MORE LANES, UNDIVIDED",False,60,SH0361,DRY,STOP SIGN,CLEAR
19797961,9764,True,9764,2023,PORT ARANSAS,OTHER (EXPLAIN IN NARRATIVE),226302,7.266,2023-10-07,0,10,0,0,N - NOT INJURED,0,1058,0,2023,SATURDAY,17.718,0,MOTOR VEHICLE IN TRANSPORT,TWO-WAY,10:00 - 10:59,,S ALISTER ST,INTERSECTION RELATED,27.82817809,DAYLIGHT,YES,-97.06701784,SAME DIRECTION - ONE STRAIGHT-ONE RIGHT TURN,NO MEDIAN,FOUR ENTERING ROADS,2,NOT APPLICABLE,True,"SLOWING/STOPPING - FOR OFFICER, FLAGMAN, OR TRAFFIC CONTROL","2,500 - 4,999 POP",NO,0622,-0.01,CITY STREET,"STRAIGHT, GRADE",MINOR ARTERIAL,ON ROADWAY,"2 LANE, 2 WAY",True,30,SH0361,DRY,SIGNAL LIGHT,CLOUDY
19829351,10439,False,10439,2023,CORPUS CHRISTI,OTHER (EXPLAIN IN NARRATIVE),226303,24.669,2023-10-13,0,10,2,0,B - SUSPECTED MINOR INJURY,0,0659,2,2023,FRIDAY,32.388,0,MOTOR VEHICLE IN TRANSPORT,TWO-WAY,06:00 - 06:59,,N/A,NON INTERSECTION,27.64757547,"DARK, NOT LIGHTED",YES,-97.19350724,SAME DIRECTION - BOTH GOING STRAIGHT-REAR END,NO MEDIAN,NOT APPLICABLE,5,NOT APPLICABLE,True,SLOWING/STOPPING-REASON NOT SPECIFIED,"250,000 POP AND OVER",NO,0636,0.705,US & STATE HIGHWAYS,"STRAIGHT, LEVEL",MINOR ARTERIAL,ON ROADWAY,"4 OR MORE LANES, UNDIVIDED",False,60,SH0361,WET,CENTER STRIPE/DIVIDER,FOG
19822455,,False,,,PORT ARANSAS,DISREGARD STOP AND GO SIGNAL; IMPAIRED VISIBILITY (EXPLAIN IN NARRATIVE),,,2023-10-21,0,10,0,0,N - NOT INJURED,0,0625,0,2023,SATURDAY,,0,PEDESTRIAN,,06:00 - 06:59,,N/A,NON INTERSECTION,,"DARK, NOT LIGHTED",?0,,ONE MOTOR VEHICLE - GOING STRAIGHT,,OTHER (EXPLAIN IN NARRATIVE),,NOT APPLICABLE,True,VISION OBSTRUCTED BY OTHER VISUAL OBSTRUCTIONS,"2,500 - 4,999 POP",NO,,,US & STATE HIGHWAYS,"STRAIGHT, LEVEL",,ON ROADWAY,,True,35,SH0361,WET,FLAGMAN,CLEAR
19829481,10439,True,10439,2023,CORPUS CHRISTI,DISREGARD STOP AND GO SIGNAL,226303,27.498,2023-10-22,0,10,0,0,N - NOT INJURED,0,1239,0,2023,SUNDAY,35.217,0,MOTOR VEHICLE IN TRANSPORT,TWO-WAY,12:00 - 12:59,0022,PR0022,INTERSECTION,27.6178894,DAYLIGHT,YES,-97.22177124,OPPOSITE DIRECTION - ONE STRAIGHT-ONE LEFT TURN,NO MEDIAN,FOUR ENTERING ROADS,5,NOT APPLICABLE,True,FOOT SLIPPED OFF BRAKE OR CLUTCH,"250,000 POP AND OVER",NO,0638,1.535,US & STATE HIGHWAYS,"STRAIGHT, LEVEL",MINOR ARTERIAL,ON ROADWAY,"4 OR MORE LANES, UNDIVIDED",False,45,SH0361,DRY,SIGNAL LIGHT,CLEAR
19836642,6181,False,6181,2023,ARANSAS PASS,CHANGED LANE WHEN UNSAFE;OVERTAKE AND PASS INSUFFICIENT CLEARANCE;PASSED IN NO PASSING LANE;INTOXICATED - ALCOHOL,226302,0.325,2023-10-22,0,10,0,1,C - POSSIBLE INJURY,0,1842,1,2023,SUNDAY,10.762,0,MOTOR VEHICLE IN TRANSPORT,TWO-WAY,18:00 - 18:59,,N/A,NON INTERSECTION,27.89657893,DAYLIGHT,YES,-97.13560079,SAME DIRECTION - BOTH GOING STRAIGHT-SIDESWIPE,NO MEDIAN,NOT APPLICABLE,2,NOT APPLICABLE,True,VEHICLE PASSING OR ATTEMPTING TO PASS ON LEFT,"5,000 - 9,999 POP",NO,0614,0.337,US & STATE HIGHWAYS,"STRAIGHT, HILLCREST",MINOR ARTERIAL,ON ROADWAY,"2 LANE, 2 WAY",False,45,SH0361,DRY,CENTER STRIPE/DIVIDER,CLEAR
19848187,15893,False,15893,2023,PORT ARANSAS,DRIVER INATTENTION,226303,10.809,2023-10-26,0,10,0,0,N - NOT INJURED,0,0945,0,2023,THURSDAY,18.528,0,MOTOR VEHICLE IN TRANSPORT,TWO-WAY,09:00 - 09:59,,N/A,NON INTERSECTION,27.81826114,DAYLIGHT,YES,-97.07403933,SAME DIRECTION - BOTH GOING STRAIGHT-SIDESWIPE,NO MEDIAN,NOT APPLICABLE,2,NOT APPLICABLE,True,VEHICLE CHANGING LANES,"2,500 - 4,999 POP",NO,0622,0.8,US & STATE HIGHWAYS,"STRAIGHT, LEVEL",MINOR ARTERIAL,ON ROADWAY,"2 LANE, 2 WAY",True,45,SH0361,DRY,MARKED LANES,CLEAR
19843191,10439,False,10439,2023,CORPUS CHRISTI,CHANGED LANE WHEN UNSAFE,226303,24.679,2023-10-29,0,10,0,0,N - NOT INJURED,0,0704,0,2023,SUNDAY,32.398,0,MOTOR VEHICLE IN TRANSPORT,TWO-WAY,07:00 - 07:59,,N/A,NON INTERSECTION,27.64745804,DAWN,YES,-97.19358747,SAME DIRECTION - BOTH GOING STRAIGHT-SIDESWIPE,NO MEDIAN,NOT APPLICABLE,5,NOT APPLICABLE,True,VEHICLE CHANGING LANES,"250,000 POP AND OVER",NO,0636,0.715,US & STATE HIGHWAYS,"STRAIGHT, LEVEL",MINOR ARTERIAL,ON ROADWAY,"4 OR MORE LANES, UNDIVIDED",False,65,SH0361,DRY,CENTER STRIPE/DIVIDER,CLEAR
19865348,10439,False,10439,2023,CORPUS CHRISTI,FAILED TO PASS TO LEFT SAFELY;UNSAFE SPEED,226303,21.719,2023-11-02,1,11,0,0,K - FATAL INJURY,0,0747,0,2023,THURSDAY,29.438,1,MOTOR VEHICLE IN TRANSPORT,TWO-WAY,07:00 - 07:59,,N/A,DRIVEWAY ACCESS,27.68434348,DAYLIGHT,YES,-97.16881595,SAME DIRECTION - ONE STRAIGHT-ONE LEFT TURN,NO MEDIAN,NOT APPLICABLE,5,HIT FENCE,True,ONE VEHICLE ENTERING DRIVEWAY,"250,000 POP AND OVER",NO,0634,-0.245,US & STATE HIGHWAYS,"STRAIGHT, LEVEL",MINOR ARTERIAL,ON ROADWAY,"4 OR MORE LANES, UNDIVIDED",False,60,SH0361,DRY,CENTER STRIPE/DIVIDER,CLEAR
19849843,5888,False,5888,2023,PORT ARANSAS,UNSAFE SPEED,226302,6.707,2023-11-05,0,11,0,0,A - SUSPECTED SERIOUS INJURY,1,1152,1,2023,SUNDAY,17.159,0,OVERTURNED,TWO-WAY,11:00 - 11:59,,N/A,NON INTERSECTION,27.83447904,DAYLIGHT,YES,-97.07083724,ONE MOTOR VEHICLE - GOING STRAIGHT,NO MEDIAN,THREE ENTERING ROADS - T,2,"HIT TREE, SHRUB, LANDSCAPING",True,VEHICLE PASSING OR ATTEMPTING TO PASS ON LEFT,"2,500 - 4,999 POP",NO,0622,-0.569,CITY STREET,"CURVE, LEVEL",MINOR ARTERIAL,OFF ROADWAY,"2 LANE, 2 WAY",True,35,SH0361,DRY,CENTER STRIPE/DIVIDER,CLEAR
19881591,,False,,,PORT ARANSAS,FAILED TO YIELD RIGHT OF WAY - TO PEDESTRIAN;OTHER (EXPLAIN IN NARRATIVE),,,2023-11-21,0,11,1,0,B - SUSPECTED MINOR INJURY,0,1655,1,2023,TUESDAY,,0,PEDALCYCLIST,,16:00 - 16:59,,N/A,NON INTERSECTION,,DAYLIGHT,?0,,ONE MOTOR VEHICLE - GOING STRAIGHT,,THREE ENTERING ROADS - T,,NOT APPLICABLE,True,ONE VEHICLE LEAVING DRIVEWAY,"2,500 - 4,999 POP",NO,,,NON TRAFFICWAY,"STRAIGHT, LEVEL",,NOT APPLICABLE,,True,45,SH0361,DRY,NONE,CLEAR
19893825,5888,True,5888,2023,PORT ARANSAS,BACKED WITHOUT SAFETY; DRIVER INATTENTION,226302,6.404,2023-11-29,0,11,0,0,N - NOT INJURED,0,1407,0,2023,WEDNESDAY,16.856,0,MOTOR VEHICLE IN TRANSPORT,TWO-WAY,14:00 - 14:59,,CUT OFF RD,INTERSECTION RELATED,27.838021,DAYLIGHT,YES,-97.06803525,OPPOSITE DIRECTION - ONE BACKING-ONE STOPPED,NO MEDIAN,FOUR ENTERING ROADS,4,NOT APPLICABLE,True,"SLOWING/STOPPING - FOR OFFICER, FLAGMAN, OR TRAFFIC CONTROL","2,500 - 4,999 POP",NO,0620,0.589,CITY STREET,"STRAIGHT, LEVEL",MINOR ARTERIAL,ON ROADWAY,"4 OR MORE LANES, UNDIVIDED",True,30,SH0361,DRY,SIGNAL LIGHT,CLOUDY
19910578,15893,True,15893,2023,PORT ARANSAS,DRIVER INATTENTION,226303,10.755,2023-12-07,0,12,0,0,N - NOT INJURED,0,1155,0,2023,THURSDAY,18.474,0,MOTOR VEHICLE IN TRANSPORT,TWO-WAY,11:00 - 11:59,,E HOWARD BLVD,INTERSECTION RELATED,27.8189672,DAYLIGHT,YES,-97.07363613,ANGLE - BOTH LEFT TURN,NO MEDIAN,THREE ENTERING ROADS - T,2,NOT APPLICABLE,True,ATTENTION DIVERTED FROM DRIVING,"2,500 - 4,999 POP",NO,0622,0.746,US & STATE HIGHWAYS,"STRAIGHT, LEVEL",MINOR ARTERIAL,ON ROADWAY,"2 LANE, 2 WAY",True,45,SH0361,DRY,MARKED LANES,CLEAR
19919859,15893,True,15893,2023,PORT ARANSAS,FAILED TO YIELD RIGHT OF WAY - STOP SIGN,226303,12.309,2023-12-11,0,12,1,2,B - SUSPECTED MINOR INJURY,0,0745,3,2023,MONDAY,20.028,0,MOTOR VEHICLE IN TRANSPORT,BOULEVARD,07:00 - 07:59,,MUSTANG BLVD,INTERSECTION,27.80027801,DAWN,YES,-97.08769359,ANGLE - BOTH GOING STRAIGHT,CURBED,FOUR ENTERING ROADS,4,NOT APPLICABLE,True,NOT APPLICABLE,"2,500 - 4,999 POP",NO,0624,0.278,US & STATE HIGHWAYS,"STRAIGHT, LEVEL",MINOR ARTERIAL,ON ROADWAY,"4 OR MORE LANES, DIVIDED",True,55,SH0361,DRY,STOP SIGN,CLEAR
19926452,10439,False,10439,2023,CORPUS CHRISTI,FAILED TO CONTROL SPEED; FAULTY EVASIVE ACTION,226303,25.633,2023-12-15,0,12,0,0,N - NOT INJURED,0,0855,0,2023,FRIDAY,33.352,0,FIXED OBJECT,TWO-WAY,08:00 - 08:59,,N/A,NON INTERSECTION,27.63557673,DAYLIGHT,YES,-97.20159274,ONE MOTOR VEHICLE - GOING STRAIGHT,NO MEDIAN,NOT APPLICABLE,5,"HIT TREE, SHRUB, LANDSCAPING",True,SWERVED OR VEERED-AVOIDING VEHICLE STOPPED OR MOVING SLOWLY IN TRAFFIC LANE,"250,000 POP AND OVER",NO,0638,-0.33,US & STATE HIGHWAYS,"STRAIGHT, LEVEL",MINOR ARTERIAL,OFF ROADWAY,"4 OR MORE LANES, UNDIVIDED",False,60,SH0361,WET,MARKED LANES,RAIN
19930932,12050,False,12050,2023,CORPUS CHRISTI,PASSED IN NO PASSING LANE,226303,19.363,2023-12-15,0,12,0,0,N - NOT INJURED,0,1600,0,2023,FRIDAY,27.082,0,MOTOR VEHICLE IN TRANSPORT,TWO-WAY,16:00 - 16:59,,N/A,NON INTERSECTION,27.71371456,DAYLIGHT,YES,-97.14907799,SAME DIRECTION - BOTH GOING STRAIGHT-SIDESWIPE,NO MEDIAN,NOT APPLICABLE,5,NOT APPLICABLE,True,VEHICLE PASSING OR ATTEMPTING TO PASS ON LEFT,"250,000 POP AND OVER",NO,0632,-0.601,US & STATE HIGHWAYS,"STRAIGHT, LEVEL",MINOR ARTERIAL,ON ROADWAY,"4 OR MORE LANES, UNDIVIDED",False,60,SH0361,DRY,CENTER STRIPE/DIVIDER,CLEAR
19932210,10439,False,10439,2023,CORPUS CHRISTI,FAILED TO DRIVE IN SINGLE LANE; TURNED WHEN UNSAFE,226303,26.742,2023-12-19,0,12,0,1,C - POSSIBLE INJURY,0,1417,1,2023,TUESDAY,34.461,0,MOTOR VEHICLE IN TRANSPORT,TWO-WAY,14:00 - 14:59,,N/A,NON INTERSECTION,27.6217862,DAYLIGHT,YES,-97.21094102,SAME DIRECTION - ONE STRAIGHT-ONE LEFT TURN,NO MEDIAN,NOT APPLICABLE,5,NOT APPLICABLE,True,NOT APPLICABLE,"250,000 POP AND OVER",NO,0638,0.779,US & STATE HIGHWAYS,"CURVE, HILLCREST",MINOR ARTERIAL,ON ROADWAY,"4 OR MORE LANES, UNDIVIDED",False,55,SH0361,DRY,CENTER STRIPE/DIVIDER,CLEAR
19950739,9764,False,9764,2023,PORT ARANSAS,FAILED TO CONTROL SPEED,226302,7.21,2023-12-29,0,12,1,0,B - SUSPECTED MINOR INJURY,0,1810,1,2023,FRIDAY,17.662,0,MOTOR VEHICLE IN TRANSPORT,TWO-WAY,18:00 - 18:59,,N/A,NON INTERSECTION,27.8286944,"DARK, LIGHTED",YES,-97.06774114,SAME DIRECTION - ONE STRAIGHT-ONE STOPPED,NO MEDIAN,OTHER (EXPLAIN IN NARRATIVE),2,NOT APPLICABLE,True,SLOWING/STOPPING-FOR TRAFFIC,"2,500 - 4,999 POP",NO,0622,-0.066,CITY STREET,"STRAIGHT, LEVEL",MINOR ARTERIAL,ON ROADWAY,"2 LANE, 2 WAY",True,35,SH0361,DRY,NONE,CLEAR
19951553,15893,True,15893,2023,PORT ARANSAS,DRIVER INATTENTION,226303,11.059,2023-12-31,0,12,2,0,B - SUSPECTED MINOR INJURY,0,1340,2,2023,SUNDAY,18.778,0,MOTOR VEHICLE IN TRANSPORT,TWO-WAY,13:00 - 13:59,,SEA ISLE DR,INTERSECTION RELATED,27.81503448,DAYLIGHT,YES,-97.07589137,ANGLE - BOTH GOING STRAIGHT,NO MEDIAN,THREE ENTERING ROADS - T,2,NOT APPLICABLE,True,ATTENTION DIVERTED FROM DRIVING,"2,500 - 4,999 POP",NO,0624,-0.972,US & STATE HIGHWAYS,"STRAIGHT, LEVEL",MINOR ARTERIAL,ON ROADWAY,"2 LANE, 2 WAY",True,45,SH0361,DRY,STOP SIGN,CLEAR
19954780,9764,False,9764,2023,PORT ARANSAS,DRIVER INATTENTION;FAILED TO YIELD RIGHT OF WAY - TURNING LEFT,226302,7.247,2024-01-02,0,1,0,1,C - POSSIBLE INJURY,0,1332,1,2024,TUESDAY,17.699,0,MOTOR VEHICLE IN TRANSPORT,TWO-WAY,13:00 - 13:59,,N/A,DRIVEWAY ACCESS,27.82835037,DAYLIGHT,YES,-97.06725919,OPPOSITE DIRECTION - ONE STRAIGHT-ONE LEFT TURN,NO MEDIAN,THREE ENTERING ROADS - T,2,NOT APPLICABLE,True,ONE VEHICLE ENTERING DRIVEWAY,"2,500 - 4,999 POP",NO,0622,-0.029,CITY STREET,"STRAIGHT, LEVEL",MINOR ARTERIAL,ON ROADWAY,"2 LANE, 2 WAY",True,30,SH0361,WET,NONE,RAIN
19970647,15893,True,15893,2023,PORT ARANSAS,DRIVER INATTENTION,226303,10.885,2024-01-11,0,1,1,0,B - SUSPECTED MINOR INJURY,0,1523,1,2024,THURSDAY,18.604,0,PEDALCYCLIST,TWO-WAY,15:00 - 15:59,,PLEASANT VLY,INTERSECTION RELATED,27.81728266,DAYLIGHT,YES,-97.0745982,ONE MOTOR VEHICLE - TURNING RIGHT,NO MEDIAN,FOUR ENTERING ROADS,2,NOT APPLICABLE,True,ATTENTION DIVERTED FROM DRIVING,"2,500 - 4,999 POP",NO,0622,0.876,US & STATE HIGHWAYS,"STRAIGHT, LEVEL",MINOR ARTERIAL,ON ROADWAY,"2 LANE, 2 WAY",True,45,SH0361,DRY,STOP SIGN,CLEAR
20004240,10439,False,10439,2023,CORPUS CHRISTI,FAILED TO DRIVE IN SINGLE LANE;UNSAFE SPEED,226303,27.462,2024-01-31,0,1,0,0,99 - UNKNOWN,0,0353,0,2024,WEDNESDAY,35.181,0,OVERTURNED,TWO-WAY,03:00 - 03:59,,N/A,NON INTERSECTION,27.61788129,"DARK, LIGHTED",YES,-97.22118984,ONE MOTOR VEHICLE - GOING STRAIGHT,NO MEDIAN,NOT APPLICABLE,5,OVERTURNED,True,NOT APPLICABLE,"250,000 POP AND OVER",NO,0638,1.499,US & STATE HIGHWAYS,"STRAIGHT, LEVEL",MINOR ARTERIAL,OFF ROADWAY,"4 OR MORE LANES, UNDIVIDED",False,60,SH0361,DRY,CENTER STRIPE/DIVIDER,CLOUDY
20006995,9764,False,9764,2023,PORT ARANSAS,DRIVER INATTENTION,226302,7.266,2024-01-31,0,1,0,0,N - NOT INJURED,0,0930,0,2024,WEDNESDAY,17.718,0,FIXED OBJECT,TWO-WAY,09:00 - 09:59,,N/A,NON INTERSECTION,27.82817975,DAYLIGHT,YES,-97.06702018,ONE MOTOR VEHICLE - GOING STRAIGHT,NO MEDIAN,NOT APPLICABLE,2,HIT GUARDRAIL,True,ATTENTION DIVERTED FROM DRIVING,"2,500 - 4,999 POP",NO,0622,-0.01,US & STATE HIGHWAYS,"STRAIGHT, GRADE",MINOR ARTERIAL,OFF ROADWAY,"2 LANE, 2 WAY",True,35,SH0361,DRY,FLAGMAN,CLEAR
20017388,5888,True,5888,2023,PORT ARANSAS,FAILED TO YIELD RIGHT OF WAY - TO PEDESTRIAN,226302,6.524,2024-02-07,0,2,0,1,C - POSSIBLE INJURY,0,1619,1,2024,WEDNESDAY,16.976,0,PEDESTRIAN,TWO-WAY,16:00 - 16:59,,UNKNOWN,INTERSECTION RELATED,27.83665301,DAYLIGHT,YES,-97.06918338,ONE MOTOR VEHICLE - TURNING LEFT,NO MEDIAN,FOUR ENTERING ROADS,2,NOT APPLICABLE,True,NOT APPLICABLE,"2,500 - 4,999 POP",NO,0620,0.709,CITY STREET,"STRAIGHT, LEVEL",MINOR ARTERIAL,ON ROADWAY,"2 LANE, 2 WAY",True,35,SH0361,DRY,SIGNAL LIGHT,CLEAR
20022848,15893,False,15893,2023,PORT ARANSAS,FAILED TO YIELD RIGHT OF WAY - TURN ON RED,226303,11.782,2024-02-09,0,2,0,0,N - NOT INJURED,0,1354,0,2024,FRIDAY,19.501,0,MOTOR VEHICLE IN TRANSPORT,BOULEVARD,13:00 - 13:59,,UNKNOWN,INTERSECTION RELATED,27.80633028,DAYLIGHT,YES,-97.08242424,ANGLE - ONE STRAIGHT-ONE RIGHT TURN,CURBED,NOT APPLICABLE,4,NOT APPLICABLE,True,NOT APPLICABLE,"2,500 - 4,999 POP",NO,0624,-0.249,US & STATE HIGHWAYS,"STRAIGHT, LEVEL",MINOR ARTERIAL,ON ROADWAY,"4 OR MORE LANES, DIVIDED",True,55,SH0361,DRY,SIGNAL LIGHT,CLOUDY
20046318,15893,True,15893,2023,PORT ARANSAS,UNDER INFLUENCE - ALCOHOL,226303,11.781,2024-02-24,0,2,0,0,N - NOT INJURED,0,2010,0,2024,SATURDAY,19.5,0,MOTOR VEHICLE IN TRANSPORT,BOULEVARD,20:00 - 20:59,,UNKNOWN,INTERSECTION RELATED,27.80641607,"DARK, LIGHTED",YES,-97.08251045,ANGLE - ONE RIGHT TURN-ONE STOPPED,CURBED,FOUR ENTERING ROADS,4,NOT APPLICABLE,True,"SLOWING/STOPPING - FOR OFFICER, FLAGMAN, OR TRAFFIC CONTROL","2,500 - 4,999 POP",NO,0624,-0.25,US & STATE HIGHWAYS,"STRAIGHT, LEVEL",MINOR ARTERIAL,ON ROADWAY,"4 OR MORE LANES, DIVIDED",True,55,SH0361,DRY,SIGNAL LIGHT,CLEAR
20050510,5888,False,5888,2023,PORT ARANSAS,DRIVER INATTENTION,226302,6.529,2024-02-24,0,2,1,0,B - SUSPECTED MINOR INJURY,0,1308,1,2024,SATURDAY,16.981,0,MOTOR VEHICLE IN TRANSPORT,TWO-WAY,13:00 - 13:59,,UNKNOWN,INTERSECTION RELATED,27.83660031,DAYLIGHT,YES,-97.06923035,SAME DIRECTION - ONE STRAIGHT-ONE STOPPED,NO MEDIAN,NOT APPLICABLE,2,NOT APPLICABLE,True,"SLOWING/STOPPING - FOR OFFICER, FLAGMAN, OR TRAFFIC CONTROL","2,500 - 4,999 POP",NO,0620,0.714,US & STATE HIGHWAYS,"STRAIGHT, LEVEL",MINOR ARTERIAL,ON ROADWAY,"2 LANE, 2 WAY",True,35,SH0361,DRY,SIGNAL LIGHT,CLEAR
20055170,9764,True,9764,2023,PORT ARANSAS,FAILED TO CONTROL SPEED,226302,7.266,2024-03-02,0,3,0,0,N - NOT INJURED,0,1641,0,2024,SATURDAY,17.718,0,MOTOR VEHICLE IN TRANSPORT,TWO-WAY,16:00 - 16:59,,UNKNOWN,INTERSECTION RELATED,27.82817975,DAYLIGHT,YES,-97.06702018,SAME DIRECTION - ONE STRAIGHT-ONE STOPPED,NO MEDIAN,FOUR ENTERING ROADS,2,NOT APPLICABLE,True,"SLOWING/STOPPING - FOR OFFICER, FLAGMAN, OR TRAFFIC CONTROL","2,500 - 4,999 POP",NO,0622,-0.01,US & STATE HIGHWAYS,"STRAIGHT, LEVEL",MINOR ARTERIAL,ON ROADWAY,"2 LANE, 2 WAY",True,35,SH0361,DRY,SIGNAL LIGHT,CLEAR
20074746,10439,False,10439,2023,CORPUS CHRISTI,FAILED TO CONTROL SPEED,226303,24.144,2024-03-07,0,3,0,0,N - NOT INJURED,0,0938,0,2024,THURSDAY,31.863,0,MOTOR VEHICLE IN TRANSPORT,TWO-WAY,09:00 - 09:59,,N/A,NON INTERSECTION,27.65412779,DAYLIGHT,YES,-97.18913671,SAME DIRECTION - BOTH GOING STRAIGHT-REAR END,NO MEDIAN,NOT APPLICABLE,5,NOT APPLICABLE,True,SLOWING/STOPPING-FOR TRAFFIC,"250,000 POP AND OVER",NO,0636,0.18,US & STATE HIGHWAYS,"STRAIGHT, LEVEL",MINOR ARTERIAL,ON ROADWAY,"4 OR MORE LANES, UNDIVIDED",False,60,SH0361,DRY,CENTER STRIPE/DIVIDER,CLEAR
20070641,14248,False,14248,2023,PORT ARANSAS,TURNED IMPROPERLY - WIDE RIGHT,226303,10.097,2024-03-11,0,3,0,0,A - SUSPECTED SERIOUS INJURY,1,2127,1,2024,MONDAY,17.816,0,MOTOR VEHICLE IN TRANSPORT,TWO-WAY,21:00 - 21:59,,N/A,NON INTERSECTION,27.82707915,"DARK, NOT LIGHTED",YES,-97.06798789,SAME DIRECTION - ONE STRAIGHT-ONE LEFT TURN,NO MEDIAN,NOT APPLICABLE,2,OVERTURNED,True,NOT APPLICABLE,"2,500 - 4,999 POP",NO,0622,0.088,US & STATE HIGHWAYS,"STRAIGHT, LEVEL",MINOR ARTERIAL,ON ROADWAY,"2 LANE, 2 WAY",True,35,SH0361,DRY,CENTER STRIPE/DIVIDER,CLEAR
20074888,12050,False,12050,2023,CORPUS CHRISTI,FAILED TO CONTROL SPEED; UNDER INFLUENCE - ALCOHOL,226303,16.444,2024-03-11,0,3,0,5,C - POSSIBLE INJURY,0,2316,5,2024,MONDAY,24.163,0,MOTOR VEHICLE IN TRANSPORT,TWO-WAY,23:00 - 23:59,,N/A,NON INTERSECTION,27.75007313,"DARK, NOT LIGHTED",YES,-97.12460101,SAME DIRECTION - BOTH GOING STRAIGHT-REAR END,NO MEDIAN,NOT APPLICABLE,5,OVERTURNED,True,NOT APPLICABLE,"250,000 POP AND OVER",NO,0628,0.462,US & STATE HIGHWAYS,"STRAIGHT, LEVEL",MINOR ARTERIAL,ON ROADWAY,"4 OR MORE LANES, UNDIVIDED",False,60,SH0361,DRY,CENTER STRIPE/DIVIDER,CLOUDY
20078887,6181,False,6181,2023,ARANSAS PASS,DRIVER INATTENTION;CELL/MOBILE DEVICE USE - OTHER,226302,0.929,2024-03-14,0,3,0,1,C - POSSIBLE INJURY,0,1449,1,2024,THURSDAY,11.366,0,MOTOR VEHICLE IN TRANSPORT,TWO-WAY,14:00 - 14:59,,N/A,NON INTERSECTION,27.89387675,DAYLIGHT,YES,-97.12619076,SAME DIRECTION - ONE STRAIGHT-ONE LEFT TURN,NO MEDIAN,NOT APPLICABLE,2,NOT APPLICABLE,True,ATTENTION DIVERTED FROM DRIVING,"5,000 - 9,999 POP",NO,0614,0.941,US & STATE HIGHWAYS,"STRAIGHT, LEVEL",MINOR ARTERIAL,ON ROADWAY,"2 LANE, 2 WAY",False,55,SH0361,DRY,MARKED LANES,CLEAR
20087776,10439,False,10439,2023,CORPUS CHRISTI,DRIVER INATTENTION,226303,26.722,2024-03-14,0,3,0,0,N - NOT INJURED,0,1847,0,2024,THURSDAY,34.441,0,MOTOR VEHICLE IN TRANSPORT,TWO-WAY,18:00 - 18:59,0022,PR0022,INTERSECTION RELATED,27.62202759,DAYLIGHT,YES,-97.21077249,SAME DIRECTION - ONE STRAIGHT-ONE STOPPED,NO MEDIAN,NOT APPLICABLE,5,NOT APPLICABLE,True,"SLOWING/STOPPING - FOR OFFICER, FLAGMAN, OR TRAFFIC CONTROL","250,000 POP AND OVER",NO,0638,0.759,US & STATE HIGHWAYS,"STRAIGHT, LEVEL",MINOR ARTERIAL,ON ROADWAY,"4 OR MORE LANES, UNDIVIDED",False,15,SH0361,DRY,STOP SIGN,CLOUDY
20088057,15893,False,15893,2023,PORT ARANSAS,DRIVER INATTENTION; UNDER INFLUENCE - ALCOHOL,226303,11.884,2024-03-14,0,3,0,0,N - NOT INJURED,0,1856,0,2024,THURSDAY,19.603,0,MOTOR VEHICLE IN TRANSPORT,BOULEVARD,18:00 - 18:59,,N/A,NON INTERSECTION,27.80514458,DAYLIGHT,YES,-97.08342033,SAME DIRECTION - ONE STRAIGHT-ONE STOPPED,CURBED,NOT APPLICABLE,4,NOT APPLICABLE,True,SLOWING/STOPPING-FOR TRAFFIC,"2,500 - 4,999 POP",NO,0624,-0.147,US & STATE HIGHWAYS,"STRAIGHT, LEVEL",MINOR ARTERIAL,ON ROADWAY,"4 OR MORE LANES, DIVIDED",True,60,SH0361,DRY,FLASHING YELLOW LIGHT,CLEAR
20099836,,False,,,CORPUS CHRISTI,LOAD NOT SECURED;OTHER (EXPLAIN IN NARRATIVE),,,2024-03-14,0,3,0,0,N - NOT INJURED,0,1226,0,2024,THURSDAY,,0,OTHER OBJECT,,12:00 - 12:59,,N/A,NON INTERSECTION,,DAYLIGHT,?0,,ONE MOTOR VEHICLE - GOING STRAIGHT,,NOT APPLICABLE,,OTHER,True,NOT APPLICABLE,"250,000 POP AND OVER",NO,,,US & STATE HIGHWAYS,"STRAIGHT, LEVEL",,ON ROADWAY,,False,65,SH0361,DRY,MARKED LANES,CLOUDY
20078195,15893,False,15893,2023,PORT ARANSAS,DISTRACTION IN VEHICLE; FAILED TO DRIVE IN SINGLE LANE,226303,11.027,2024-03-15,0,3,2,0,A - SUSPECTED SERIOUS INJURY,1,2328,3,2024,FRIDAY,18.746,0,MOTOR VEHICLE IN TRANSPORT,TWO-WAY,23:00 - 23:59,,N/A,NON INTERSECTION,27.81545102,"DARK, NOT LIGHTED",YES,-97.07565177,OPPOSITE DIRECTION - ONE STRAIGHT-ONE LEFT TURN,NO MEDIAN,NOT APPLICABLE,2,NOT APPLICABLE,True,ATTENTION DIVERTED FROM DRIVING,"2,500 - 4,999 POP",NO,0624,-1.004,US & STATE HIGHWAYS,"STRAIGHT, LEVEL",MINOR ARTERIAL,ON ROADWAY,"2 LANE, 2 WAY",True,45,SH0361,DRY,MARKED LANES,CLEAR
20079183,9764,True,9764,2023,PORT ARANSAS,FAILED TO YIELD RIGHT OF WAY - TURNING LEFT,226302,7.266,2024-03-15,0,3,0,0,N - NOT INJURED,0,1552,0,2024,FRIDAY,17.718,0,MOTOR VEHICLE IN TRANSPORT,TWO-WAY,15:00 - 15:59,,UNKNOWN,INTERSECTION,27.8281784,DAYLIGHT,YES,-97.06701828,OPPOSITE DIRECTION - ONE STRAIGHT-ONE LEFT TURN,NO MEDIAN,FOUR ENTERING ROADS,2,NOT APPLICABLE,True,NOT APPLICABLE,"2,500 - 4,999 POP",NO,0622,-0.01,US & STATE HIGHWAYS,"STRAIGHT, LEVEL",MINOR ARTERIAL,ON ROADWAY,"2 LANE, 2 WAY",True,35,SH0361,DRY,SIGNAL LIGHT,CLEAR
20088054,15893,True,15893,2023,PORT ARANSAS,DISREGARD STOP SIGN OR LIGHT,226303,11.782,2024-03-15,0,3,0,0,N - NOT INJURED,0,1449,0,2024,FRIDAY,19.501,0,MOTOR VEHICLE IN TRANSPORT,BOULEVARD,14:00 - 14:59,,ACCESS ROAD 1 A,INTERSECTION,27.80633127,DAYLIGHT,YES,-97.08242341,ANGLE - ONE STRAIGHT-ONE LEFT TURN,CURBED,THREE ENTERING ROADS - T,4,NOT APPLICABLE,True,NOT APPLICABLE,"2,500 - 4,999 POP",NO,0624,-0.249,US & STATE HIGHWAYS,"STRAIGHT, LEVEL",MINOR ARTERIAL,ON ROADWAY,"4 OR MORE LANES, DIVIDED",True,55,SH0361,DRY,STOP SIGN,CLEAR
20098892,9764,True,9764,2023,PORT ARANSAS,DISTRACTION IN VEHICLE;DRIVER INATTENTION;CELL/MOBILE DEVICE USE - OTHER,226302,7.203,2024-03-16,0,3,0,0,N - NOT INJURED,0,1037,0,2024,SATURDAY,17.655,0,MOTOR VEHICLE IN TRANSPORT,TWO-WAY,10:00 - 10:59,,UNKNOWN,INTERSECTION RELATED,27.82875856,DAYLIGHT,YES,-97.06783102,SAME DIRECTION - ONE STRAIGHT-ONE STOPPED,NO MEDIAN,FOUR ENTERING ROADS,2,NOT APPLICABLE,True,"SLOWING/STOPPING - FOR OFFICER, FLAGMAN, OR TRAFFIC CONTROL","2,500 - 4,999 POP",NO,0622,-0.073,CITY STREET,"STRAIGHT, LEVEL",MINOR ARTERIAL,ON ROADWAY,"2 LANE, 2 WAY",True,35,SH0361,DRY,SIGNAL LIGHT,CLEAR
20091272,15893,True,15893,2023,PORT ARANSAS,HAD BEEN DRINKING,226303,10.884,2024-03-22,0,3,0,0,N - NOT INJURED,0,1654,0,2024,FRIDAY,18.603,0,FIXED OBJECT,TWO-WAY,16:00 - 16:59,,UNKNOWN,INTERSECTION RELATED,27.81729923,DAYLIGHT,YES,-97.07458867,ONE MOTOR VEHICLE - TURNING RIGHT,NO MEDIAN,THREE ENTERING ROADS - T,2,HIT HIGHWAY SIGN,True,NOT APPLICABLE,"2,500 - 4,999 POP",NO,0622,0.875,US & STATE HIGHWAYS,"STRAIGHT, LEVEL",MINOR ARTERIAL,OFF ROADWAY,"2 LANE, 2 WAY",True,45,SH0361,DRY,STOP SIGN,CLEAR
20098890,14248,True,14248,2023,PORT ARANSAS,DRIVER INATTENTION,226302,7.267,2024-03-25,0,3,0,1,C - POSSIBLE INJURY,0,1457,1,2024,MONDAY,17.719,0,MOTOR VEHICLE IN TRANSPORT,TWO-WAY,14:00 - 14:59,,UNKNOWN,INTERSECTION RELATED,27.82817502,DAYLIGHT,YES,-97.06701355,SAME DIRECTION - ONE STRAIGHT-ONE STOPPED,NO MEDIAN,FOUR ENTERING ROADS,2,NOT APPLICABLE,True,"SLOWING/STOPPING - FOR OFFICER, FLAGMAN, OR TRAFFIC CONTROL","2,500 - 4,999 POP",NO,0622,-0.009,US & STATE HIGHWAYS,"STRAIGHT, LEVEL",MINOR ARTERIAL,ON ROADWAY,"2 LANE, 2 WAY",True,35,SH0361,DRY,SIGNAL LIGHT,CLEAR
20103716,5888,False,5888,2023,PORT ARANSAS,ROAD RAGE,226302,6.272,2024-03-30,0,3,0,0,N - NOT INJURED,0,0155,0,2024,SATURDAY,16.724,0,MOTOR VEHICLE IN TRANSPORT,TWO-WAY,01:00 - 01:59,,N/A,NON INTERSECTION,27.83967227,"DARK, NOT LIGHTED",YES,-97.06891211,SAME DIRECTION - BOTH GOING STRAIGHT-SIDESWIPE,NO MEDIAN,NOT APPLICABLE,4,NOT APPLICABLE,True,VEHICLE PASSING OR ATTEMPTING TO PASS ON LEFT,"2,500 - 4,999 POP",NO,0620,0.457,CITY STREET,"STRAIGHT, LEVEL",MINOR ARTERIAL,ON ROADWAY,"4 OR MORE LANES, UNDIVIDED",True,30,SH0361,DRY,MARKED LANES,CLEAR
20106158,15893,False,15893,2023,PORT ARANSAS,CHANGED LANE WHEN UNSAFE,226303,10.962,2024-04-01,0,4,0,0,N - NOT INJURED,0,1243,0,2024,MONDAY,18.681,0,MOTOR VEHICLE IN TRANSPORT,TWO-WAY,12:00 - 12:59,,N/A,DRIVEWAY ACCESS,27.81628965,DAYLIGHT,YES,-97.07516939,SAME DIRECTION - ONE STRAIGHT-ONE RIGHT TURN,NO MEDIAN,NOT APPLICABLE,2,NOT APPLICABLE,True,ONE VEHICLE ENTERING DRIVEWAY,"2,500 - 4,999 POP",NO,0622,0.953,US & STATE HIGHWAYS,"STRAIGHT, LEVEL",MINOR ARTERIAL,ON ROADWAY,"2 LANE, 2 WAY",True,45,SH0361,DRY,NONE,CLOUDY
20125788,6181,False,6181,2023,PORT ARANSAS,DRIVER INATTENTION; FATIGUED OR ASLEEP,226302,5.653,2024-04-11,0,4,0,0,N - NOT INJURED,0,0855,0,2024,THURSDAY,16.09,0,MOTOR VEHICLE IN TRANSPORT,TWO-WAY,08:00 - 08:59,,N/A,NON INTERSECTION,27.84743289,DAYLIGHT,YES,-97.07395317,SAME DIRECTION - ONE STRAIGHT-ONE STOPPED,NO MEDIAN,NOT APPLICABLE,2,NOT APPLICABLE,True,SLOWING/STOPPING-FOR TRAFFIC,"2,500 - 4,999 POP",NO,0620,-0.177,US & STATE HIGHWAYS,"STRAIGHT, LEVEL",MINOR ARTERIAL,ON ROADWAY,"2 LANE, 2 WAY",True,35,SH0361,DRY,CENTER STRIPE/DIVIDER,CLEAR
20183837,10439,False,10439,2023,CORPUS CHRISTI,OTHER (EXPLAIN IN NARRATIVE),226303,26.822,2024-05-01,0,5,0,0,N - NOT INJURED,0,1114,0,2024,WEDNESDAY,34.541,0,MOTOR VEHICLE IN TRANSPORT,TWO-WAY,11:00 - 11:59,,N/A,NON INTERSECTION,27.62087495,DAYLIGHT,YES,-97.21175012,SAME DIRECTION - BOTH GOING STRAIGHT-SIDESWIPE,NO MEDIAN,NOT APPLICABLE,5,NOT APPLICABLE,True,VEHICLE CHANGING LANES,"250,000 POP AND OVER",NO,0638,0.859,US & STATE HIGHWAYS,"STRAIGHT, LEVEL",MINOR ARTERIAL,ON ROADWAY,"4 OR MORE LANES, UNDIVIDED",False,55,SH0361,DRY,CENTER STRIPE/DIVIDER,CLOUDY
20218484,12050,False,12050,2023,CORPUS CHRISTI,CHANGED LANE WHEN UNSAFE; UNDER INFLUENCE - ALCOHOL,226303,18.05,2024-05-14,2,5,0,2,K - FATAL INJURY,1,1809,3,2024,TUESDAY,25.769,1,MOTOR VEHICLE IN TRANSPORT,TWO-WAY,18:00 - 18:59,,N/A,NON INTERSECTION,27.7300636,DAYLIGHT,YES,-97.13806263,SAME DIRECTION - BOTH GOING STRAIGHT-SIDESWIPE,NO MEDIAN,NOT APPLICABLE,5,NOT APPLICABLE,True,VEHICLE CHANGING LANES,"250,000 POP AND OVER",NO,0630,0.037,US & STATE HIGHWAYS,"STRAIGHT, LEVEL",MINOR ARTERIAL,ON ROADWAY,"4 OR MORE LANES, UNDIVIDED",False,60,SH0361,DRY,CENTER STRIPE/DIVIDER,CLEAR
20193987,10439,False,10439,2023,CORPUS CHRISTI,CHANGED LANE WHEN UNSAFE,226303,27.47,2024-05-18,0,5,1,0,B - SUSPECTED MINOR INJURY,0,1821,1,2024,SATURDAY,35.189,0,MOTOR VEHICLE IN TRANSPORT,TWO-WAY,18:00 - 18:59,,N/A,NON INTERSECTION,27.61788299,DAYLIGHT,YES,-97.22130939,SAME DIRECTION - BOTH GOING STRAIGHT-SIDESWIPE,NO MEDIAN,NOT APPLICABLE,5,NOT APPLICABLE,True,VEHICLE CHANGING LANES,"250,000 POP AND OVER",NO,0638,1.507,US & STATE HIGHWAYS,"CURVE, LEVEL",MINOR ARTERIAL,ON ROADWAY,"4 OR MORE LANES, UNDIVIDED",False,55,SH0361,DRY,MARKED LANES,CLEAR
20195190,5888,False,5888,2023,PORT ARANSAS,OTHER (EXPLAIN IN NARRATIVE),226302,6.821,2024-05-21,0,5,0,0,N - NOT INJURED,0,1204,0,2024,TUESDAY,17.273,0,MOTOR VEHICLE IN TRANSPORT,TWO-WAY,12:00 - 12:59,,N/A,NON INTERSECTION,27.83284337,DAYLIGHT,YES,-97.07123664,SAME DIRECTION - ONE STRAIGHT-ONE STOPPED,NO MEDIAN,NOT APPLICABLE,2,NOT APPLICABLE,True,SLOWING/STOPPING-FOR TRAFFIC,"2,500 - 4,999 POP",NO,0622,-0.455,US & STATE HIGHWAYS,"STRAIGHT, LEVEL",MINOR ARTERIAL,ON ROADWAY,"2 LANE, 2 WAY",True,35,SH0361,DRY,NONE,CLEAR
20199061,9764,False,9764,2023,PORT ARANSAS,UNDER INFLUENCE - ALCOHOL,226302,6.971,2024-05-22,0,5,0,0,N - NOT INJURED,0,1945,0,2024,WEDNESDAY,17.423,0,MOTOR VEHICLE IN TRANSPORT,TWO-WAY,19:00 - 19:59,,N/A,NON INTERSECTION,27.83088174,DAYLIGHT,YES,-97.07076451,SAME DIRECTION - BOTH GOING STRAIGHT-SIDESWIPE,NO MEDIAN,NOT APPLICABLE,2,NOT APPLICABLE,True,VEHICLE CHANGING LANES,"2,500 - 4,999 POP",NO,0622,-0.305,CITY STREET,"STRAIGHT, LEVEL",MINOR ARTERIAL,ON ROADWAY,"2 LANE, 2 WAY",True,35,SH0361,DRY,CENTER STRIPE/DIVIDER,CLEAR
20208888,10439,False,10439,2023,CORPUS CHRISTI,FAILED TO CONTROL SPEED,226303,27.494,2024-05-22,0,5,0,0,N - NOT INJURED,0,1545,0,2024,WEDNESDAY,35.213,0,MOTOR VEHICLE IN TRANSPORT,TWO-WAY,15:00 - 15:59,,N/A,NON INTERSECTION,27.61788867,DAYLIGHT,YES,-97.22170953,SAME DIRECTION - BOTH GOING STRAIGHT-REAR END,NO MEDIAN,NOT APPLICABLE,5,NOT APPLICABLE,True,NOT APPLICABLE,"250,000 POP AND OVER",NO,0638,1.531,US & STATE HIGHWAYS,"STRAIGHT, LEVEL",MINOR ARTERIAL,ON ROADWAY,"4 OR MORE LANES, UNDIVIDED",False,45,SH0361,DRY,MARKED LANES,CLEAR
20201692,15893,False,15893,2023,PORT ARANSAS,TURNED WHEN UNSAFE,226303,11.031,2024-05-25,0,5,0,0,N - NOT INJURED,0,0009,0,2024,SATURDAY,18.75,0,MOTOR VEHICLE IN TRANSPORT,TWO-WAY,00:00 - 00:59,,N/A,DRIVEWAY ACCESS,27.81540401,"DARK, UNKNOWN LIGHTING",YES,-97.07567882,ANGLE - BOTH GOING STRAIGHT,NO MEDIAN,NOT APPLICABLE,2,NOT APPLICABLE,True,NOT APPLICABLE,"2,500 - 4,999 POP",NO,0624,-1.0,US & STATE HIGHWAYS,"STRAIGHT, LEVEL",MINOR ARTERIAL,ON ROADWAY,"2 LANE, 2 WAY",True,45,SH0361,DRY,NONE,CLEAR
20209967,6181,False,6181,2023,ARANSAS PASS,TURNED WHEN UNSAFE,226302,3.204,2024-05-26,0,5,0,0,A - SUSPECTED SERIOUS INJURY,1,1301,1,2024,SUNDAY,13.641,0,MOTOR VEHICLE IN TRANSPORT,TWO-WAY,13:00 - 13:59,,N/A,NON INTERSECTION,27.87643599,DAYLIGHT,YES,-97.0958471,OPPOSITE DIRECTION - ONE STRAIGHT-ONE LEFT TURN,NO MEDIAN,NOT APPLICABLE,2,NOT APPLICABLE,True,NOT APPLICABLE,"5,000 - 9,999 POP",NO,0618,-0.738,US & STATE HIGHWAYS,"STRAIGHT, LEVEL",MINOR ARTERIAL,ON ROADWAY,"2 LANE, 2 WAY",False,55,SH0361,DRY,MARKED LANES,CLEAR
20205430,10439,False,10439,2023,CORPUS CHRISTI,FAILED TO PASS TO RIGHT SAFELY,226303,25.676,2024-05-27,0,5,0,0,N - NOT INJURED,0,1038,0,2024,MONDAY,33.395,0,MOTOR VEHICLE IN TRANSPORT,TWO-WAY,10:00 - 10:59,,N/A,NON INTERSECTION,27.63503138,DAYLIGHT,YES,-97.20196326,SAME DIRECTION - BOTH GOING STRAIGHT-SIDESWIPE,NO MEDIAN,NOT APPLICABLE,5,NOT APPLICABLE,True,VEHICLE PASSING OR ATTEMPTING TO PASS ON RIGHT,"250,000 POP AND OVER",NO,0638,-0.287,US & STATE HIGHWAYS,"STRAIGHT, LEVEL",MINOR ARTERIAL,ON ROADWAY,"4 OR MORE LANES, UNDIVIDED",False,65,SH0361,DRY,MARKED LANES,CLEAR
20222205,10439,True,10439,2023,CORPUS CHRISTI,FAILED TO YIELD RIGHT OF WAY - TURNING LEFT,226303,26.723,2024-05-30,0,5,0,0,N - NOT INJURED,0,1734,0,2024,THURSDAY,34.442,0,MOTOR VEHICLE IN TRANSPORT,TWO-WAY,17:00 - 17:59,,ZAHN RD,INTERSECTION,27.62201986,DAYLIGHT,YES,-97.21077788,OPPOSITE DIRECTION - ONE STRAIGHT-ONE LEFT TURN,NO MEDIAN,THREE ENTERING ROADS - T,5,NOT APPLICABLE,True,NOT APPLICABLE,"250,000 POP AND OVER",NO,0638,0.76,US & STATE HIGHWAYS,"STRAIGHT, LEVEL",MINOR ARTERIAL,ON ROADWAY,"4 OR MORE LANES, UNDIVIDED",False,55,SH0361,DRY,MARKED LANES,CLEAR
20222248,10439,False,10439,2023,CORPUS CHRISTI,FAILED TO CONTROL SPEED,226303,27.496,2024-05-31,0,5,1,1,B - SUSPECTED MINOR INJURY,0,0924,2,2024,FRIDAY,35.215,0,MOTOR VEHICLE IN TRANSPORT,TWO-WAY,09:00 - 09:59,0022,PR0022,INTERSECTION RELATED,27.6178891,DAYLIGHT,YES,-97.22174031,SAME DIRECTION - BOTH GOING STRAIGHT-REAR END,NO MEDIAN,NOT APPLICABLE,5,NOT APPLICABLE,True,"SLOWING/STOPPING - FOR OFFICER, FLAGMAN, OR TRAFFIC CONTROL","250,000 POP AND OVER",NO,0638,1.533,US & STATE HIGHWAYS,"STRAIGHT, LEVEL",MINOR ARTERIAL,ON ROADWAY,"4 OR MORE LANES, UNDIVIDED",False,55,SH0361,DRY,MARKED LANES,CLEAR
20238152,9764,True,9764,2023,PORT ARANSAS,DRIVER INATTENTION;FAILED TO YIELD RIGHT OF WAY - STOP SIGN,226302,7.016,2024-06-14,0,6,1,0,B - SUSPECTED MINOR INJURY,0,1710,1,2024,FRIDAY,17.468,0,MOTOR VEHICLE IN TRANSPORT,TWO-WAY,17:00 - 17:59,,UNKNOWN,INTERSECTION,27.8304744,DAYLIGHT,YES,-97.07018578,ANGLE - BOTH GOING STRAIGHT,NO MEDIAN,THREE ENTERING ROADS - T,2,NOT APPLICABLE,True,ATTENTION DIVERTED FROM DRIVING,"2,500 - 4,999 POP",NO,0622,-0.26,US & STATE HIGHWAYS,"STRAIGHT, LEVEL",MINOR ARTERIAL,ON ROADWAY,"2 LANE, 2 WAY",True,35,SH0361,DRY,STOP SIGN,CLEAR
20246357,12050,False,12050,2023,CORPUS CHRISTI,TURNED WHEN UNSAFE,226303,18.994,2024-06-17,0,6,0,4,C - POSSIBLE INJURY,0,1442,4,2024,MONDAY,26.713,0,MOTOR VEHICLE IN TRANSPORT,TWO-WAY,14:00 - 14:59,,N/A,NON INTERSECTION,27.71830671,DAYLIGHT,YES,-97.14598077,SAME DIRECTION - ONE STRAIGHT-ONE LEFT TURN,NO MEDIAN,NOT APPLICABLE,5,NOT APPLICABLE,True,NOT APPLICABLE,"250,000 POP AND OVER",NO,0632,-0.97,US & STATE HIGHWAYS,"STRAIGHT, LEVEL",MINOR ARTERIAL,ON ROADWAY,"4 OR MORE LANES, UNDIVIDED",False,65,SH0361,DRY,CENTER STRIPE/DIVIDER,CLEAR
20270614,10439,False,10439,2023,CORPUS CHRISTI,FAILED TO CONTROL SPEED,226303,25.701,2024-06-23,0,6,0,0,N - NOT INJURED,0,1038,0,2024,SUNDAY,33.42,0,MOTOR VEHICLE IN TRANSPORT,TWO-WAY,10:00 - 10:59,,N/A,NON INTERSECTION,27.63472641,DAYLIGHT,YES,-97.20217058,SAME DIRECTION - BOTH GOING STRAIGHT-REAR END,NO MEDIAN,NOT APPLICABLE,5,NOT APPLICABLE,True,SLOWING/STOPPING-FOR TRAFFIC,"250,000 POP AND OVER",NO,0638,-0.262,US & STATE HIGHWAYS,"STRAIGHT, LEVEL",MINOR ARTERIAL,ON ROADWAY,"4 OR MORE LANES, UNDIVIDED",False,65,SH0361,WET,CENTER STRIPE/DIVIDER,RAIN
20272978,,False,,,CORPUS CHRISTI,FAILED TO DRIVE IN SINGLE LANE,,,2024-06-26,0,6,1,0,B - SUSPECTED MINOR INJURY,0,2213,1,2024,WEDNESDAY,,0,OVERTURNED,,22:00 - 22:59,,N/A,NON INTERSECTION,,"DARK, LIGHTED",?0,,ONE MOTOR VEHICLE - GOING STRAIGHT,,NOT APPLICABLE,,OVERTURNED,True,NOT APPLICABLE,"250,000 POP AND OVER",NO,,,US & STATE HIGHWAYS,"STRAIGHT, LEVEL",,OFF ROADWAY,,False,60,SH0361,DRY,MARKED LANES,CLOUDY
20270675,12050,False,12050,2023,CORPUS CHRISTI,FAILED TO CONTROL SPEED,226303,16.916,2024-07-01,0,7,1,3,B - SUSPECTED MINOR INJURY,0,1142,4,2024,MONDAY,24.635,0,MOTOR VEHICLE IN TRANSPORT,TWO-WAY,11:00 - 11:59,,N/A,NON INTERSECTION,27.74419688,DAYLIGHT,YES,-97.12854063,SAME DIRECTION - BOTH GOING STRAIGHT-REAR END,NO MEDIAN,NOT APPLICABLE,5,NOT APPLICABLE,True,NOT APPLICABLE,"250,000 POP AND OVER",NO,0628,0.934,US & STATE HIGHWAYS,"STRAIGHT, LEVEL",MINOR ARTERIAL,ON ROADWAY,"4 OR MORE LANES, UNDIVIDED",False,60,SH0361,DRY,MARKED LANES,CLEAR
20290596,6181,False,6181,2023,ARANSAS PASS,DRIVER INATTENTION,226302,0.304,2024-07-01,0,7,0,0,N - NOT INJURED,0,2018,0,2024,MONDAY,10.741,0,FIXED OBJECT,TWO-WAY,20:00 - 20:59,,N/A,NON INTERSECTION,27.89667909,DAYLIGHT,YES,-97.13591028,ONE MOTOR VEHICLE - GOING STRAIGHT,NO MEDIAN,NOT APPLICABLE,2,HIT GUARDRAIL,True,NOT APPLICABLE,"5,000 - 9,999 POP",NO,0614,0.316,US & STATE HIGHWAYS,"STRAIGHT, GRADE",MINOR ARTERIAL,OFF ROADWAY,"2 LANE, 2 WAY",False,45,SH0361,DRY,OFFICER,CLEAR
20267345,9764,True,9764,2023,PORT ARANSAS,FAILED TO YIELD RIGHT OF WAY - EMERGENCY VEHICLE;FOLLOWED TOO CLOSELY,226302,7.266,2024-07-02,0,7,0,0,N - NOT INJURED,0,1714,0,2024,TUESDAY,17.718,0,MOTOR VEHICLE IN TRANSPORT,TWO-WAY,17:00 - 17:59,,UNKNOWN,INTERSECTION,27.82817808,DAYLIGHT,YES,-97.06701784,SAME DIRECTION - BOTH LEFT TURN,NO MEDIAN,FOUR ENTERING ROADS,2,NOT APPLICABLE,True,NOT APPLICABLE,"2,500 - 4,999 POP",NO,0622,-0.01,US & STATE HIGHWAYS,"STRAIGHT, LEVEL",MINOR ARTERIAL,ON ROADWAY,"2 LANE, 2 WAY",True,35,SH0361,DRY,SIGNAL LIGHT,CLEAR
20268892,15893,False,15893,2023,PORT ARANSAS,FAILED TO CONTROL SPEED,226303,10.909,2024-07-03,0,7,1,1,B - SUSPECTED MINOR INJURY,0,1022,2,2024,WEDNESDAY,18.628,0,OVERTURNED,TWO-WAY,10:00 - 10:59,,N/A,DRIVEWAY ACCESS,27.81697681,DAYLIGHT,YES,-97.07477413,ONE MOTOR VEHICLE - TURNING RIGHT,NO MEDIAN,NOT APPLICABLE,2,OVERTURNED,True,ONE VEHICLE ENTERING DRIVEWAY,"2,500 - 4,999 POP",NO,0622,0.9,US & STATE HIGHWAYS,"STRAIGHT, LEVEL",MINOR ARTERIAL,OFF ROADWAY,"2 LANE, 2 WAY",True,45,SH0361,DRY,MARKED LANES,CLEAR
20269060,9764,True,9764,2023,PORT ARANSAS,FAILED TO YIELD RIGHT OF WAY - STOP SIGN;TURNED WHEN UNSAFE,226302,7.078,2024-07-03,0,7,0,0,N - NOT INJURED,0,1618,0,2024,WEDNESDAY,17.53,0,MOTOR VEHICLE IN TRANSPORT,TWO-WAY,16:00 - 16:59,,UNKNOWN,INTERSECTION,27.82990054,DAYLIGHT,YES,-97.06941135,ANGLE - ONE STRAIGHT-ONE LEFT TURN,NO MEDIAN,FOUR ENTERING ROADS,2,NOT APPLICABLE,True,NOT APPLICABLE,"2,500 - 4,999 POP",NO,0622,-0.198,CITY STREET,"STRAIGHT, LEVEL",MINOR ARTERIAL,ON ROADWAY,"2 LANE, 2 WAY",True,30,SH0361,DRY,STOP SIGN,CLEAR
20271622,15893,True,15893,2023,PORT ARANSAS,DRIVER INATTENTION,226303,11.782,2024-07-04,0,7,0,0,N - NOT INJURED,0,1328,0,2024,THURSDAY,19.501,0,MOTOR VEHICLE IN TRANSPORT,BOULEVARD,13:00 - 13:59,,UNKNOWN,INTERSECTION RELATED,27.80641265,DAYLIGHT,YES,-97.08251347,SAME DIRECTION - ONE STRAIGHT-ONE STOPPED,CURBED,FOUR ENTERING ROADS,4,NOT APPLICABLE,True,SLOWING/STOPPING-TO MAKE RIGHT TURN,"2,500 - 4,999 POP",NO,0624,-0.249,US & STATE HIGHWAYS,"STRAIGHT, LEVEL",MINOR ARTERIAL,ON ROADWAY,"4 OR MORE LANES, DIVIDED",True,30,SH0361,DRY,SIGNAL LIGHT,CLEAR
20274264,,False,,,CORPUS CHRISTI,BACKED WITHOUT SAFETY,,,2024-07-04,0,7,0,0,N - NOT INJURED,0,1515,0,2024,THURSDAY,,0,PARKED CAR,,15:00 - 15:59,,N/A,NON INTERSECTION,,DAYLIGHT,?0,,ONE MOTOR VEHICLE - BACKING,,NOT APPLICABLE,,NOT APPLICABLE,True,ONE VEHICLE BACKWARD FROM PARKING,"250,000 POP AND OVER",NO,,,NON TRAFFICWAY,"STRAIGHT, LEVEL",,NOT APPLICABLE,,False,60,SH0361,DRY,NONE,CLEAR
20273211,15893,False,15893,2023,PORT ARANSAS,OTHER (EXPLAIN IN NARRATIVE),226303,11.795,2024-07-05,0,7,1,0,B - SUSPECTED MINOR INJURY,0,0921,1,2024,FRIDAY,19.514,0,MOTOR VEHICLE IN TRANSPORT,BOULEVARD,09:00 - 09:59,,ACCESS ROAD 1 A,INTERSECTION RELATED,27.80618317,DAYLIGHT,YES,-97.08254782,SAME DIRECTION - ONE STRAIGHT-ONE STOPPED,CURBED,NOT APPLICABLE,4,NOT APPLICABLE,True,"SLOWING/STOPPING - FOR OFFICER, FLAGMAN, OR TRAFFIC CONTROL","2,500 - 4,999 POP",NO,0624,-0.236,US & STATE HIGHWAYS,"STRAIGHT, LEVEL",MINOR ARTERIAL,ON ROADWAY,"4 OR MORE LANES, DIVIDED",True,45,SH0361,DRY,SIGNAL LIGHT,CLEAR
20272975,10439,False,10439,2023,CORPUS CHRISTI,FAILED TO CONTROL SPEED,226303,27.494,2024-07-06,0,7,0,0,N - NOT INJURED,0,1844,0,2024,SATURDAY,35.213,0,MOTOR VEHICLE IN TRANSPORT,TWO-WAY,18:00 - 18:59,0022,PR0022,INTERSECTION RELATED,27.61788867,DAYLIGHT,YES,-97.22170953,SAME DIRECTION - BOTH GOING STRAIGHT-REAR END,NO MEDIAN,NOT APPLICABLE,5,NOT APPLICABLE,True,SLOWING/STOPPING-FOR TRAFFIC,"250,000 POP AND OVER",NO,0638,1.531,US & STATE HIGHWAYS,"STRAIGHT, LEVEL",MINOR ARTERIAL,ON ROADWAY,"4 OR MORE LANES, UNDIVIDED",False,55,SH0361,DRY,MARKED LANES,CLEAR
20298496,10439,False,10439,2023,CORPUS CHRISTI,FAILED TO YIELD RIGHT OF WAY - TURNING LEFT,226303,20.454,2024-07-16,0,7,0,0,N - NOT INJURED,0,1250,0,2024,TUESDAY,28.173,0,MOTOR VEHICLE IN TRANSPORT,TWO-WAY,12:00 - 12:59,,N/A,DRIVEWAY ACCESS,27.70010612,DAYLIGHT,YES,-97.15821285,SAME DIRECTION - ONE STRAIGHT-ONE LEFT TURN,NO MEDIAN,NOT APPLICABLE,5,NOT APPLICABLE,True,ONE VEHICLE ENTERING DRIVEWAY,"250,000 POP AND OVER",NO,0632,0.49,US & STATE HIGHWAYS,"STRAIGHT, LEVEL",MINOR ARTERIAL,ON ROADWAY,"4 OR MORE LANES, UNDIVIDED",False,60,SH0361,DRY,CENTER STRIPE/DIVIDER,CLEAR
20297197,10439,True,10439,2023,CORPUS CHRISTI,FAILED TO YIELD RIGHT OF WAY - STOP SIGN,226303,26.723,2024-07-20,0,7,0,5,C - POSSIBLE INJURY,0,1822,5,2024,SATURDAY,34.442,0,MOTOR VEHICLE IN TRANSPORT,TWO-WAY,18:00 - 18:59,,ZAHN RD,INTERSECTION,27.62201986,DAYLIGHT,YES,-97.21077788,ANGLE - ONE STRAIGHT-ONE LEFT TURN,NO MEDIAN,THREE ENTERING ROADS - T,5,NOT APPLICABLE,True,NOT APPLICABLE,"250,000 POP AND OVER",NO,0638,0.76,US & STATE HIGHWAYS,"STRAIGHT, LEVEL",MINOR ARTERIAL,ON ROADWAY,"4 OR MORE LANES, UNDIVIDED",False,60,SH0361,DRY,STOP SIGN,CLOUDY
20321879,10439,True,10439,2023,CORPUS CHRISTI,FAILED TO YIELD RIGHT OF WAY - STOP SIGN,226303,19.998,2024-07-27,0,7,0,2,C - POSSIBLE INJURY,0,1715,2,2024,SATURDAY,27.717,0,MOTOR VEHICLE IN TRANSPORT,TWO-WAY,17:00 - 17:59,,BEACH ACCESS ROAD 2,INTERSECTION,27.70581036,DAYLIGHT,YES,-97.1544104,ANGLE - ONE STRAIGHT-ONE LEFT TURN,NO MEDIAN,THREE ENTERING ROADS - T,5,OVERTURNED,True,NOT APPLICABLE,"250,000 POP AND OVER",NO,0632,0.034,INTERSTATE,"STRAIGHT, LEVEL",MINOR ARTERIAL,ON ROADWAY,"4 OR MORE LANES, UNDIVIDED",False,60,SH0361,WET,STOP SIGN,RAIN
20311044,5888,True,5888,2023,PORT ARANSAS,DISTRACTION IN VEHICLE; FAILED TO CONTROL SPEED,226302,6.952,2024-07-30,0,7,0,1,C - POSSIBLE INJURY,0,1419,1,2024,TUESDAY,17.404,0,MOTOR VEHICLE IN TRANSPORT,TWO-WAY,14:00 - 14:59,,UNKNOWN,INTERSECTION RELATED,27.83105107,DAYLIGHT,YES,-97.07099917,SAME DIRECTION - BOTH GOING STRAIGHT-REAR END,NO MEDIAN,FOUR ENTERING ROADS,2,NOT APPLICABLE,True,SLOWING/STOPPING-TO MAKE RIGHT TURN,"2,500 - 4,999 POP",NO,0622,-0.324,CITY STREET,"CURVE, LEVEL",MINOR ARTERIAL,ON ROADWAY,"2 LANE, 2 WAY",True,35,SH0361,DRY,STOP SIGN,CLEAR
20319644,12050,False,12050,2023,CORPUS CHRISTI,TURNED WHEN UNSAFE,226303,18.681,2024-08-02,0,8,0,0,N - NOT INJURED,0,0003,0,2024,FRIDAY,26.4,0,FIXED OBJECT,TWO-WAY,00:00 - 00:59,,N/A,NON INTERSECTION,27.7221971,"DARK, LIGHTED",YES,-97.14335686,ONE MOTOR VEHICLE - GOING STRAIGHT,NO MEDIAN,NOT APPLICABLE,5,DITCH,True,VEHICLE CHANGING LANES,"250,000 POP AND OVER",NO,0630,0.668,US & STATE HIGHWAYS,"STRAIGHT, LEVEL",MINOR ARTERIAL,OFF ROADWAY,"4 OR MORE LANES, UNDIVIDED",False,60,SH0361,DRY,MARKED LANES,CLEAR
20336999,10439,False,10439,2023,CORPUS CHRISTI,FAILED TO DRIVE IN SINGLE LANE,226303,23.4,2024-08-09,1,8,10,0,K - FATAL INJURY,1,2021,11,2024,FRIDAY,31.119,1,MOTOR VEHICLE IN TRANSPORT,TWO-WAY,20:00 - 20:59,,N/A,NON INTERSECTION,27.66340043,DUSK,YES,-97.18290899,OPPOSITE DIRECTION - BOTH GOING STRAIGHT,NO MEDIAN,NOT APPLICABLE,5,OVERTURNED,True,NOT APPLICABLE,"250,000 POP AND OVER",NO,0636,-0.564,US & STATE HIGHWAYS,"STRAIGHT, LEVEL",MINOR ARTERIAL,ON ROADWAY,"4 OR MORE LANES, UNDIVIDED",False,60,SH0361,DRY,MARKED LANES,CLEAR
20341213,9764,True,9764,2023,PORT ARANSAS,FAILED TO YIELD RIGHT OF WAY - TURN ON RED,226302,7.266,2024-08-17,0,8,1,0,B - SUSPECTED MINOR INJURY,0,2120,1,2024,SATURDAY,17.718,0,MOTOR VEHICLE IN TRANSPORT,TWO-WAY,21:00 - 21:59,,S ALISTER ST,INTERSECTION RELATED,27.82817809,"DARK, LIGHTED",YES,-97.06701784,ANGLE - ONE STRAIGHT-ONE RIGHT TURN,NO MEDIAN,FOUR ENTERING ROADS,2,OVERTURNED,True,NOT APPLICABLE,"2,500 - 4,999 POP",NO,0622,-0.01,CITY STREET,"STRAIGHT, LEVEL",MINOR ARTERIAL,ON ROADWAY,"2 LANE, 2 WAY",True,35,SH0361,DRY,SIGNAL LIGHT,CLEAR
20351341,12050,False,12050,2023,CORPUS CHRISTI,CHANGED LANE WHEN UNSAFE,226303,18.058,2024-08-22,0,8,0,0,N - NOT INJURED,0,2157,0,2024,THURSDAY,25.777,0,PARKED CAR,TWO-WAY,21:00 - 21:59,,N/A,NON INTERSECTION,27.72995584,"DARK, NOT LIGHTED",YES,-97.13813532,ONE MOTOR VEHICLE - GOING STRAIGHT,NO MEDIAN,NOT APPLICABLE,5,NOT APPLICABLE,True,OPEN DOOR OR OBJECT PROJECTING FROM VEHICLE,"250,000 POP AND OVER",NO,0630,0.045,US & STATE HIGHWAYS,"STRAIGHT, LEVEL",MINOR ARTERIAL,ON ROADWAY,"4 OR MORE LANES, UNDIVIDED",False,55,SH0361,DRY,MARKED LANES,CLEAR
20367941,14248,False,14248,2023,PORT ARANSAS,DRIVER INATTENTION;TURNED WHEN UNSAFE;OTHER (EXPLAIN IN NARRATIVE),226303,10.069,2024-09-01,0,9,0,0,N - NOT INJURED,0,1433,0,2024,SUNDAY,17.788,0,MOTOR VEHICLE IN TRANSPORT,TWO-WAY,14:00 - 14:59,,UNKNOWN,INTERSECTION,27.82738861,DAYLIGHT,YES,-97.06771079,OPPOSITE DIRECTION - ONE STRAIGHT-ONE LEFT TURN,NO MEDIAN,NOT APPLICABLE,2,NOT APPLICABLE,True,NOT APPLICABLE,"2,500 - 4,999 POP",NO,0622,0.06,CITY STREET,"STRAIGHT, LEVEL",MINOR ARTERIAL,ON ROADWAY,"2 LANE, 2 WAY",True,30,SH0361,DRY,NONE,CLEAR
20375068,9764,True,9764,2023,PORT ARANSAS,DISTRACTION IN VEHICLE;UNSAFE SPEED;TURNED WHEN UNSAFE,226302,6.98,2024-09-05,0,9,2,0,B - SUSPECTED MINOR INJURY,0,2240,2,2024,THURSDAY,17.432,0,OVERTURNED,TWO-WAY,22:00 - 22:59,,UNKNOWN,INTERSECTION RELATED,27.83080262,"DARK, LIGHTED",YES,-97.07065209,ONE MOTOR VEHICLE - TURNING RIGHT,NO MEDIAN,THREE ENTERING ROADS - T,2,OVERTURNED,True,ATTENTION DIVERTED FROM DRIVING,"2,500 - 4,999 POP",NO,0622,-0.296,CITY STREET,"STRAIGHT, LEVEL",MINOR ARTERIAL,ON ROADWAY,"2 LANE, 2 WAY",True,30,SH0361,WET,STOP SIGN,CLOUDY
20401041,12050,False,12050,2023,CORPUS CHRISTI,DRIVER INATTENTION; FAULTY EVASIVE ACTION,226303,15.828,2024-09-20,0,9,1,0,B - SUSPECTED MINOR INJURY,0,1133,1,2024,FRIDAY,23.547,0,OVERTURNED,TWO-WAY,11:00 - 11:59,,N/A,NON INTERSECTION,27.75773507,DAYLIGHT,YES,-97.11942503,ONE MOTOR VEHICLE - GOING STRAIGHT,NO MEDIAN,NOT APPLICABLE,5,DITCH,True,ATTENTION DIVERTED FROM DRIVING,"250,000 POP AND OVER",NO,0628,-0.154,US & STATE HIGHWAYS,"STRAIGHT, LEVEL",MINOR ARTERIAL,OFF ROADWAY,"4 OR MORE LANES, UNDIVIDED",False,60,SH0361,DRY,NONE,CLEAR
20421546,15893,True,15893,2023,PORT ARANSAS,DISREGARD STOP AND GO SIGNAL; DRIVER INATTENTION,226303,11.782,2024-09-29,0,9,0,0,N - NOT INJURED,0,1337,0,2024,SUNDAY,19.501,0,MOTOR VEHICLE IN TRANSPORT,BOULEVARD,13:00 - 13:59,,PIPER BLVD,INTERSECTION,27.80641206,DAYLIGHT,YES,-97.08251399,ANGLE - BOTH GOING STRAIGHT,CURBED,FOUR ENTERING ROADS,4,NOT APPLICABLE,True,ATTENTION DIVERTED FROM DRIVING,"2,500 - 4,999 POP",NO,0624,-0.249,US & STATE HIGHWAYS,"STRAIGHT, LEVEL",MINOR ARTERIAL,ON ROADWAY,"4 OR MORE LANES, DIVIDED",True,55,SH0361,DRY,SIGNAL LIGHT,CLEAR
20419630,10439,False,10439,2023,CORPUS CHRISTI,CHANGED LANE WHEN UNSAFE,226303,26.624,2024-09-30,0,9,0,0,N - NOT INJURED,0,0045,0,2024,MONDAY,34.343,0,FIXED OBJECT,TWO-WAY,00:00 - 00:59,,N/A,NON INTERSECTION,27.62323386,"DARK, NOT LIGHTED",YES,-97.20993034,ONE MOTOR VEHICLE - GOING STRAIGHT,NO MEDIAN,NOT APPLICABLE,5,DITCH,True,VEHICLE CHANGING LANES,"250,000 POP AND OVER",NO,0638,0.661,US & STATE HIGHWAYS,"STRAIGHT, LEVEL",MINOR ARTERIAL,OFF ROADWAY,"4 OR MORE LANES, UNDIVIDED",False,55,SH0361,DRY,MARKED LANES,CLEAR
20468788,10439,True,10439,2023,CORPUS CHRISTI,FAILED TO YIELD RIGHT OF WAY - STOP SIGN,226303,26.723,2024-10-25,0,10,0,0,N - NOT INJURED,0,2129,0,2024,FRIDAY,34.442,0,MOTOR VEHICLE IN TRANSPORT,TWO-WAY,21:00 - 21:59,,ZAHN RD,INTERSECTION,27.62201986,"DARK, NOT LIGHTED",YES,-97.21077788,ANGLE - BOTH GOING STRAIGHT,NO MEDIAN,THREE ENTERING ROADS - T,5,NOT APPLICABLE,True,NOT APPLICABLE,"250,000 POP AND OVER",NO,0638,0.76,US & STATE HIGHWAYS,"STRAIGHT, LEVEL",MINOR ARTERIAL,ON ROADWAY,"4 OR MORE LANES, UNDIVIDED",False,60,SH0361,DRY,STOP SIGN,CLEAR
20483344,6181,False,6181,2023,PORT ARANSAS,DRIVER INATTENTION,226302,5.342,2024-11-04,0,11,0,0,N - NOT INJURED,0,1814,0,2024,MONDAY,15.779,0,MOTOR VEHICLE IN TRANSPORT,TWO-WAY,18:00 - 18:59,8000,SH8000,INTERSECTION RELATED,27.85094016,"DARK, LIGHTED",YES,-97.07716139,SAME DIRECTION - ONE STRAIGHT-ONE STOPPED,NO MEDIAN,NOT APPLICABLE,2,NOT APPLICABLE,True,"SLOWING/STOPPING - FOR OFFICER, FLAGMAN, OR TRAFFIC CONTROL","2,500 - 4,999 POP",NO,0620,-0.488,US & STATE HIGHWAYS,"STRAIGHT, LEVEL",MINOR ARTERIAL,ON ROADWAY,"2 LANE, 2 WAY",True,55,SH0361,DRY,SIGNAL LIGHT,CLEAR
20500628,9764,True,9764,2023,PORT ARANSAS,DRIVER INATTENTION,226302,7.266,2024-11-07,0,11,0,0,N - NOT INJURED,0,1537,0,2024,THURSDAY,17.718,0,MOTOR VEHICLE IN TRANSPORT,TWO-WAY,15:00 - 15:59,,S ALISTER ST,INTERSECTION,27.82817809,DAYLIGHT,YES,-97.06701784,ANGLE - BOTH GOING STRAIGHT,NO MEDIAN,THREE ENTERING ROADS - T,2,NOT APPLICABLE,True,ATTENTION DIVERTED FROM DRIVING,"2,500 - 4,999 POP",NO,0622,-0.01,CITY STREET,"STRAIGHT, LEVEL",MINOR ARTERIAL,ON ROADWAY,"2 LANE, 2 WAY",True,30,SH0361,DRY,STOP SIGN,CLEAR
20493757,15893,True,15893,2023,PORT ARANSAS,FAILED TO YIELD RIGHT OF WAY - TURNING LEFT,226303,12.309,2024-11-10,0,11,2,1,B - SUSPECTED MINOR INJURY,0,1913,3,2024,SUNDAY,20.028,0,MOTOR VEHICLE IN TRANSPORT,BOULEVARD,19:00 - 19:59,,UNKNOWN,INTERSECTION,27.80027629,"DARK, LIGHTED",YES,-97.08769507,OPPOSITE DIRECTION - ONE STRAIGHT-ONE LEFT TURN,CURBED,THREE ENTERING ROADS - T,4,HIT FENCE,True,NOT APPLICABLE,"2,500 - 4,999 POP",NO,0624,0.278,US & STATE HIGHWAYS,"STRAIGHT, LEVEL",MINOR ARTERIAL,ON ROADWAY,"4 OR MORE LANES, DIVIDED",True,60,SH0361,DRY,STOP SIGN,CLEAR
20529005,,False,,,CORPUS CHRISTI,CHANGED LANE WHEN UNSAFE,,,2024-11-27,0,11,2,2,B - SUSPECTED MINOR INJURY,0,1842,4,2024,WEDNESDAY,,0,MOTOR VEHICLE IN TRANSPORT,,18:00 - 18:59,,N/A,NON INTERSECTION,,"DARK, NOT LIGHTED",?0,,SAME DIRECTION - ONE STRAIGHT-ONE LEFT TURN,,NOT APPLICABLE,,NOT APPLICABLE,True,NOT APPLICABLE,"250,000 POP AND OVER",NO,,,US & STATE HIGHWAYS,"STRAIGHT, LEVEL",,ON ROADWAY,,False,65,SH0361,DRY,CENTER STRIPE/DIVIDER,CLOUDY
20564061,10439,False,10439,2023,CORPUS CHRISTI,FAILED TO DRIVE IN SINGLE LANE;FAULTY EVASIVE ACTION;OTHER (EXPLAIN IN NARRATIVE),226303,24.74,2024-12-14,0,12,0,1,C - POSSIBLE INJURY,0,0742,1,2024,SATURDAY,32.459,0,FIXED OBJECT,TWO-WAY,07:00 - 07:59,,N/A,NON INTERSECTION,27.64669662,DAYLIGHT,YES,-97.19410769,ONE MOTOR VEHICLE - GOING STRAIGHT,NO MEDIAN,NOT APPLICABLE,5,HIT UTILITY POLE,True,"LOST CONTROL OR SKIDDED (ICY OR SLICK ROAD, ETC.)","250,000 POP AND OVER",NO,0636,0.776,US & STATE HIGHWAYS,"STRAIGHT, LEVEL",MINOR ARTERIAL,OFF ROADWAY,"4 OR MORE LANES, UNDIVIDED",False,65,SH0361,WET,CENTER STRIPE/DIVIDER,RAIN
20577446,10439,False,10439,2023,CORPUS CHRISTI,LOAD NOT SECURED,226303,23.648,2024-12-19,0,12,0,0,N - NOT INJURED,0,1225,0,2024,THURSDAY,31.367,0,OTHER OBJECT,TWO-WAY,12:00 - 12:59,,N/A,NON INTERSECTION,27.66030584,DAYLIGHT,YES,-97.18498195,ONE MOTOR VEHICLE - GOING STRAIGHT,NO MEDIAN,NOT APPLICABLE,5,HIT OBJECT FROM ANOTHER VEHICLE IN ROAD,True,NOT APPLICABLE,"250,000 POP AND OVER",NO,0636,-0.316,US & STATE HIGHWAYS,"STRAIGHT, LEVEL",MINOR ARTERIAL,ON ROADWAY,"4 OR MORE LANES, UNDIVIDED",False,60,SH0361,DRY,MARKED LANES,CLEAR
20583432,15893,True,15893,2023,PORT ARANSAS,DRIVER INATTENTION,226303,11.782,2024-12-27,0,12,1,0,B - SUSPECTED MINOR INJURY,0,1227,1,2024,FRIDAY,19.501,0,PEDALCYCLIST,BOULEVARD,12:00 - 12:59,,UNKNOWN,INTERSECTION RELATED,27.80633127,DAYLIGHT,YES,-97.08242341,ONE MOTOR VEHICLE - GOING STRAIGHT,CURBED,FOUR ENTERING ROADS,4,NOT APPLICABLE,True,NOT APPLICABLE,"2,500 - 4,999 POP",NO,0624,-0.249,US & STATE HIGHWAYS,"STRAIGHT, LEVEL",MINOR ARTERIAL,ON ROADWAY,"4 OR MORE LANES, DIVIDED",True,45,SH0361,DRY,SIGNAL LIGHT,CLOUDY
20626624,15893,True,15893,2023,PORT ARANSAS,DRIVER INATTENTION;FAILED TO YIELD RIGHT OF WAY - TURNING LEFT,226303,12.309,2025-01-24,0,1,0,0,N - NOT INJURED,0,1015,0,2025,FRIDAY,20.028,0,MOTOR VEHICLE IN TRANSPORT,BOULEVARD,10:00 - 10:59,,MUSTANG BLVD,INTERSECTION,27.80018889,DAYLIGHT,YES,-97.08758758,ANGLE - ONE STRAIGHT-ONE LEFT TURN,CURBED,THREE ENTERING ROADS - T,4,NOT APPLICABLE,True,NOT APPLICABLE,"2,500 - 4,999 POP",NO,0624,0.278,US & STATE HIGHWAYS,"STRAIGHT, LEVEL",MINOR ARTERIAL,ON ROADWAY,"4 OR MORE LANES, DIVIDED",True,55,SH0361,DRY,STOP SIGN,CLEAR
20643304,5888,True,5888,2023,PORT ARANSAS,DISTRACTION IN VEHICLE;CELL/MOBILE DEVICE USE - TEXTING,226302,6.404,2025-02-06,0,2,0,0,N - NOT INJURED,0,2057,0,2025,THURSDAY,16.856,0,FIXED OBJECT,TWO-WAY,20:00 - 20:59,,CUT OFF RD,INTERSECTION RELATED,27.838021,"DARK, LIGHTED",YES,-97.06803525,ONE MOTOR VEHICLE - TURNING LEFT,NO MEDIAN,FOUR ENTERING ROADS,4,HIT TRAFFIC SIGNAL POLE OR POST,True,ATTENTION DIVERTED FROM DRIVING,"2,500 - 4,999 POP",NO,0620,0.589,CITY STREET,"CURVE, LEVEL",MINOR ARTERIAL,OFF ROADWAY,"4 OR MORE LANES, UNDIVIDED",True,30,SH0361,DRY,SIGNAL LIGHT,CLEAR
20660626,14248,False,14248,2023,PORT ARANSAS,FAILED TO CONTROL SPEED; FOLLOWED TOO CLOSELY,226303,10.087,2025-02-13,0,2,1,0,B - SUSPECTED MINOR INJURY,0,1541,1,2025,THURSDAY,17.806,0,MOTOR VEHICLE IN TRANSPORT,TWO-WAY,15:00 - 15:59,,N/A,NON INTERSECTION,27.82718269,DAYLIGHT,YES,-97.06789518,SAME DIRECTION - ONE STRAIGHT-ONE STOPPED,NO MEDIAN,NOT APPLICABLE,2,NOT APPLICABLE,True,SLOWING/STOPPING-FOR TRAFFIC,"2,500 - 4,999 POP",NO,0622,0.078,US & STATE HIGHWAYS,"STRAIGHT, LEVEL",MINOR ARTERIAL,ON ROADWAY,"2 LANE, 2 WAY",True,35,SH0361,DRY,NONE,CLOUDY
20772385,15893,True,15893,2023,PORT ARANSAS,DRIVER INATTENTION;FAILED TO YIELD RIGHT OF WAY - TURNING LEFT;OTHER (EXPLAIN IN NARRATIVE),226303,11.783,2025-02-18,0,2,1,0,B - SUSPECTED MINOR INJURY,0,1658,1,2025,TUESDAY,19.502,0,MOTOR VEHICLE IN TRANSPORT,BOULEVARD,16:00 - 16:59,,UNKNOWN,INTERSECTION,27.80639765,DAYLIGHT,YES,-97.08252673,OPPOSITE DIRECTION - ONE STRAIGHT-ONE LEFT TURN,CURBED,FOUR ENTERING ROADS,4,NOT APPLICABLE,True,NOT APPLICABLE,"2,500 - 4,999 POP",NO,0624,-0.248,US & STATE HIGHWAYS,"STRAIGHT, LEVEL",MINOR ARTERIAL,ON ROADWAY,"4 OR MORE LANES, DIVIDED",True,55,SH0361,DRY,SIGNAL LIGHT,FOG
20688301,14248,False,14248,2023,PORT ARANSAS,ANIMAL ON ROAD - DOMESTIC,226303,10.096,2025-02-28,0,2,0,0,N - NOT INJURED,0,0643,0,2025,FRIDAY,17.815,0,FIXED OBJECT,TWO-WAY,06:00 - 06:59,,N/A,NON INTERSECTION,27.82709114,DAWN,YES,-97.06797716,ONE MOTOR VEHICLE - GOING STRAIGHT,NO MEDIAN,NOT APPLICABLE,2,HIT HIGHWAY SIGN,True,SWERVED OR VEERED-AVOIDING ANIMAL IN ROAD,"2,500 - 4,999 POP",NO,0622,0.087,US & STATE HIGHWAYS,"STRAIGHT, LEVEL",MINOR ARTERIAL,OFF ROADWAY,"2 LANE, 2 WAY",True,45,SH0361,DRY,NONE,CLEAR
20687070,12050,False,12050,2023,CORPUS CHRISTI,DRIVER INATTENTION; FAILED TO DRIVE IN SINGLE LANE,226303,19.799,2025-03-04,0,3,0,1,C - POSSIBLE INJURY,0,1957,1,2025,TUESDAY,27.518,0,PARKED CAR,TWO-WAY,19:00 - 19:59,,N/A,NON INTERSECTION,27.70828116,"DARK, NOT LIGHTED",YES,-97.1527426,ONE MOTOR VEHICLE - GOING STRAIGHT,NO MEDIAN,NOT APPLICABLE,5,NOT APPLICABLE,True,ATTENTION DIVERTED FROM DRIVING,"250,000 POP AND OVER",NO,0632,-0.165,US & STATE HIGHWAYS,"STRAIGHT, LEVEL",MINOR ARTERIAL,SHOULDER,"4 OR MORE LANES, UNDIVIDED",False,65,SH0361,DRY,CENTER STRIPE/DIVIDER,CLEAR
20690182,5888,False,5888,2023,PORT ARANSAS,DISTRACTION IN VEHICLE; DRIVER INATTENTION; FAILED TO CONTROL SPEED,226302,6.322,2025-03-07,0,3,0,0,N - NOT INJURED,0,1645,0,2025,FRIDAY,16.774,0,MOTOR VEHICLE IN TRANSPORT,TWO-WAY,16:00 - 16:59,,N/A,NON INTERSECTION,27.83895908,DAYLIGHT,YES,-97.06878571,SAME DIRECTION - ONE STRAIGHT-ONE STOPPED,NO MEDIAN,NOT APPLICABLE,4,NOT APPLICABLE,True,SLOWING/STOPPING-FOR TRAFFIC,"2,500 - 4,999 POP",NO,0620,0.507,US & STATE HIGHWAYS,"STRAIGHT, LEVEL",MINOR ARTERIAL,ON ROADWAY,"4 OR MORE LANES, UNDIVIDED",True,5,SH0361,DRY,MARKED LANES,CLEAR
20695471,10439,False,10439,2023,CORPUS CHRISTI,UNSAFE SPEED,226303,27.238,2025-03-07,0,3,1,0,B - SUSPECTED MINOR INJURY,0,1541,1,2025,FRIDAY,34.957,0,MOTOR VEHICLE IN TRANSPORT,TWO-WAY,15:00 - 15:59,,N/A,NON INTERSECTION,27.61798028,DAYLIGHT,YES,-97.21754124,SAME DIRECTION - BOTH GOING STRAIGHT-REAR END,NO MEDIAN,NOT APPLICABLE,5,NOT APPLICABLE,True,NOT APPLICABLE,"250,000 POP AND OVER",NO,0638,1.275,US & STATE HIGHWAYS,"STRAIGHT, LEVEL",MINOR ARTERIAL,ON ROADWAY,"4 OR MORE LANES, UNDIVIDED",False,55,SH0361,DRY,MARKED LANES,CLEAR
20749211,10439,False,10439,2023,CORPUS CHRISTI,FAILED TO PASS TO RIGHT SAFELY,226303,26.817,2025-03-09,0,3,0,0,N - NOT INJURED,0,1502,0,2025,SUNDAY,34.536,0,MOTOR VEHICLE IN TRANSPORT,TWO-WAY,15:00 - 15:59,,N/A,NON INTERSECTION,27.62092836,DAYLIGHT,YES,-97.21170145,SAME DIRECTION - BOTH GOING STRAIGHT-SIDESWIPE,NO MEDIAN,NOT APPLICABLE,5,NOT APPLICABLE,True,VEHICLE CHANGING LANES,"250,000 POP AND OVER",NO,0638,0.854,US & STATE HIGHWAYS,"STRAIGHT, LEVEL",MINOR ARTERIAL,ON ROADWAY,"4 OR MORE LANES, UNDIVIDED",False,45,SH0361,DRY,MARKED LANES,CLEAR
20696703,14248,True,14248,2023,PORT ARANSAS,DRIVER INATTENTION,226303,10.187,2025-03-11,0,3,1,0,B - SUSPECTED MINOR INJURY,0,1236,1,2025,TUESDAY,17.906,0,PEDALCYCLIST,TWO-WAY,12:00 - 12:59,,AVENUE J,INTERSECTION RELATED,27.82604436,DAYLIGHT,YES,-97.06891165,ONE MOTOR VEHICLE - GOING STRAIGHT,NO MEDIAN,THREE ENTERING ROADS - T,2,NOT APPLICABLE,True,NOT APPLICABLE,"2,500 - 4,999 POP",NO,0622,0.178,US & STATE HIGHWAYS,"STRAIGHT, LEVEL",MINOR ARTERIAL,ON ROADWAY,"2 LANE, 2 WAY",True,30,SH0361,DRY,STOP SIGN,CLEAR
20745399,10439,False,10439,2023,CORPUS CHRISTI,UNSAFE SPEED,226303,24.645,2025-03-12,0,3,0,0,N - NOT INJURED,0,1835,0,2025,WEDNESDAY,32.364,0,MOTOR VEHICLE IN TRANSPORT,TWO-WAY,18:00 - 18:59,,GULF BEACH ACCESS ROAD 3,INTERSECTION RELATED,27.64788059,DAYLIGHT,YES,-97.19329878,SAME DIRECTION - ONE STRAIGHT-ONE STOPPED,NO MEDIAN,NOT APPLICABLE,5,NOT APPLICABLE,True,SLOWING/STOPPING-FOR TRAFFIC,"250,000 POP AND OVER",NO,0636,0.681,US & STATE HIGHWAYS,"STRAIGHT, LEVEL",MINOR ARTERIAL,ON ROADWAY,"4 OR MORE LANES, UNDIVIDED",False,60,SH0361,DRY,MARKED LANES,CLEAR
20699356,10439,False,10439,2023,CORPUS CHRISTI,FAILED TO YIELD RIGHT OF WAY - TURNING LEFT,226303,21.201,2025-03-13,0,3,0,0,N - NOT INJURED,0,0936,0,2025,THURSDAY,28.92,0,MOTOR VEHICLE IN TRANSPORT,TWO-WAY,09:00 - 09:59,,N/A,NON INTERSECTION,27.69081101,DAYLIGHT,YES,-97.16447093,SAME DIRECTION - ONE STRAIGHT-ONE LEFT TURN,NO MEDIAN,NOT APPLICABLE,5,NOT APPLICABLE,True,NOT APPLICABLE,"250,000 POP AND OVER",NO,0634,-0.763,US & STATE HIGHWAYS,"STRAIGHT, LEVEL",MINOR ARTERIAL,ON ROADWAY,"4 OR MORE LANES, UNDIVIDED",False,65,SH0361,DRY,MARKED LANES,FOG
20704414,15893,False,15893,2023,PORT ARANSAS,FATIGUED OR ASLEEP,226303,11.706,2025-03-14,0,3,2,0,B - SUSPECTED MINOR INJURY,0,0823,2,2025,FRIDAY,19.425,0,MOTOR VEHICLE IN TRANSPORT,BOULEVARD,08:00 - 08:59,,N/A,DRIVEWAY ACCESS,27.80719114,DAYLIGHT,YES,-97.08165609,SAME DIRECTION - ONE STRAIGHT-ONE STOPPED,CURBED,NOT APPLICABLE,4,NOT APPLICABLE,True,SLOWING/STOPPING-TO MAKE RIGHT TURN,"2,500 - 4,999 POP",NO,0624,-0.325,US & STATE HIGHWAYS,"STRAIGHT, LEVEL",MINOR ARTERIAL,ON ROADWAY,"4 OR MORE LANES, DIVIDED",True,60,SH0361,DRY,NONE,CLEAR
20704421,9764,True,9764,2023,PORT ARANSAS,DRIVER INATTENTION;FAILED TO YIELD RIGHT OF WAY - TURNING LEFT,226302,7.183,2025-03-14,0,3,1,0,A - SUSPECTED SERIOUS INJURY,1,1942,2,2025,FRIDAY,17.635,0,MOTOR VEHICLE IN TRANSPORT,TWO-WAY,19:00 - 19:59,,N/A,DRIVEWAY ACCESS,27.82894061,DAYLIGHT,YES,-97.06808604,ANGLE - BOTH GOING STRAIGHT,NO MEDIAN,THREE ENTERING ROADS - T,2,OVERTURNED,True,ONE VEHICLE LEAVING DRIVEWAY,"2,500 - 4,999 POP",NO,0622,-0.093,CITY STREET,"CURVE, LEVEL",MINOR ARTERIAL,ON ROADWAY,"2 LANE, 2 WAY",True,35,SH0361,DRY,STOP SIGN,CLEAR
20723777,10439,True,10439,2023,CORPUS CHRISTI,DISREGARD TURN MARKS AT INTERSECTION,226303,27.498,2025-03-14,0,3,0,0,N - NOT INJURED,0,1102,0,2025,FRIDAY,35.217,0,MOTOR VEHICLE IN TRANSPORT,TWO-WAY,11:00 - 11:59,0022,PR0022,INTERSECTION,27.6178894,DAYLIGHT,YES,-97.22177124,SAME DIRECTION - BOTH LEFT TURN,NO MEDIAN,FOUR ENTERING ROADS,5,NOT APPLICABLE,True,NOT APPLICABLE,"250,000 POP AND OVER",NO,0638,1.535,US & STATE HIGHWAYS,"STRAIGHT, LEVEL",MINOR ARTERIAL,ON ROADWAY,"4 OR MORE LANES, UNDIVIDED",False,55,SH0361,DRY,MARKED LANES,CLEAR
20713638,6181,False,6181,2023,PORT ARANSAS,DISTRACTION IN VEHICLE,226302,5.909,2025-03-15,0,3,0,0,N - NOT INJURED,0,1136,0,2025,SATURDAY,16.346,0,MOTOR VEHICLE IN TRANSPORT,TWO-WAY,11:00 - 11:59,,N/A,NON INTERSECTION,27.84478082,DAYLIGHT,YES,-97.07102688,SAME DIRECTION - BOTH GOING STRAIGHT-REAR END,NO MEDIAN,NOT APPLICABLE,2,NOT APPLICABLE,True,NOT APPLICABLE,"2,500 - 4,999 POP",NO,0620,0.079,US & STATE HIGHWAYS,"STRAIGHT, LEVEL",MINOR ARTERIAL,ON ROADWAY,"2 LANE, 2 WAY",True,55,SH0361,DRY,MARKED LANES,CLEAR
20716195,12050,False,12050,2023,OUTSIDE CITY LIMITS,DISTRACTION IN VEHICLE; FOLLOWED TOO CLOSELY,226303,14.276,2025-03-15,0,3,0,0,N - NOT INJURED,0,1542,0,2025,SATURDAY,21.995,0,MOTOR VEHICLE IN TRANSPORT,TWO-WAY,15:00 - 15:59,,N/A,NON INTERSECTION,27.77706505,DAYLIGHT,YES,-97.10636305,SAME DIRECTION - BOTH GOING STRAIGHT-REAR END,NO MEDIAN,NOT APPLICABLE,5,NOT APPLICABLE,True,SLOWING/STOPPING-FOR TRAFFIC,RURAL,NO,0626,0.283,US & STATE HIGHWAYS,"STRAIGHT, LEVEL",MINOR ARTERIAL,ON ROADWAY,"4 OR MORE LANES, UNDIVIDED",True,60,SH0361,DRY,NONE,CLEAR
20708253,15893,True,15893,2023,PORT ARANSAS,FAULTY EVASIVE ACTION; FLEEING OR EVADING POLICE; SPEEDING - (OVERLIMIT),226303,11.782,2025-03-18,0,3,0,1,C - POSSIBLE INJURY,0,1833,1,2025,TUESDAY,19.501,0,FIXED OBJECT,BOULEVARD,18:00 - 18:59,,N/A,NON INTERSECTION,27.80641206,DAYLIGHT,YES,-97.08251399,ONE MOTOR VEHICLE - GOING STRAIGHT,CURBED,FOUR ENTERING ROADS,4,HIT OTHER FIXED OBJECT,True,NOT APPLICABLE,"2,500 - 4,999 POP",NO,0624,-0.249,US & STATE HIGHWAYS,"STRAIGHT, LEVEL",MINOR ARTERIAL,OFF ROADWAY,"4 OR MORE LANES, DIVIDED",True,55,SH0361,DRY,SIGNAL LIGHT,CLEAR
20757979,10439,False,10439,2023,CORPUS CHRISTI,BACKED WITHOUT SAFETY,226303,27.496,2025-03-22,0,3,1,0,B - SUSPECTED MINOR INJURY,0,1850,1,2025,SATURDAY,35.215,0,MOTOR VEHICLE IN TRANSPORT,TWO-WAY,18:00 - 18:59,0022,PR0022,INTERSECTION RELATED,27.6178891,DAYLIGHT,YES,-97.22174031,OPPOSITE DIRECTION - ONE BACKING-ONE STOPPED,NO MEDIAN,NOT APPLICABLE,5,NOT APPLICABLE,True,"SLOWING/STOPPING - FOR OFFICER, FLAGMAN, OR TRAFFIC CONTROL","250,000 POP AND OVER",NO,0638,1.533,US & STATE HIGHWAYS,"STRAIGHT, LEVEL",MINOR ARTERIAL,ON ROADWAY,"4 OR MORE LANES, UNDIVIDED",False,55,SH0361,DRY,MARKED LANES,CLEAR
20757741,10439,False,10439,2023,CORPUS CHRISTI,FAULTY EVASIVE ACTION,226303,27.441,2025-03-27,0,3,0,0,N - NOT INJURED,0,0657,0,2025,THURSDAY,35.16,0,MOTOR VEHICLE IN TRANSPORT,TWO-WAY,06:00 - 06:59,,N/A,NON INTERSECTION,27.61787644,DAYLIGHT,YES,-97.22084747,SAME DIRECTION - BOTH GOING STRAIGHT-SIDESWIPE,NO MEDIAN,NOT APPLICABLE,5,NOT APPLICABLE,True,VEHICLE CHANGING LANES,"250,000 POP AND OVER",NO,0638,1.478,US & STATE HIGHWAYS,"STRAIGHT, LEVEL",MINOR ARTERIAL,ON ROADWAY,"4 OR MORE LANES, UNDIVIDED",False,65,SH0361,WET,MARKED LANES,CLOUDY
20727736,9764,False,9764,2023,PORT ARANSAS,HAD BEEN DRINKING,226302,7.014,2025-03-29,0,3,0,0,N - NOT INJURED,0,1908,0,2025,SATURDAY,17.466,0,FIXED OBJECT,TWO-WAY,19:00 - 19:59,,N/A,NON INTERSECTION,27.83049487,DAYLIGHT,YES,-97.07021486,ONE MOTOR VEHICLE - GOING STRAIGHT,NO MEDIAN,NOT APPLICABLE,2,HIT FENCE,True,NOT APPLICABLE,"2,500 - 4,999 POP",NO,0622,-0.262,CITY STREET,"STRAIGHT, LEVEL",MINOR ARTERIAL,OFF ROADWAY,"2 LANE, 2 WAY",True,30,SH0361,DRY,NONE,CLEAR
20728959,5888,False,5888,2023,PORT ARANSAS,HAD BEEN DRINKING;UNSAFE SPEED,226302,6.486,2025-03-30,0,3,1,0,B - SUSPECTED MINOR INJURY,0,2334,1,2025,SUNDAY,16.938,0,OVERTURNED,TWO-WAY,23:00 - 23:59,,N/A,NON INTERSECTION,27.83708704,"DARK, NOT LIGHTED",YES,-97.06879984,ONE MOTOR VEHICLE - TURNING LEFT,NO MEDIAN,NOT APPLICABLE,2,OVERTURNED,True,NOT APPLICABLE,"2,500 - 4,999 POP",NO,0620,0.671,CITY STREET,"STRAIGHT, LEVEL",MINOR ARTERIAL,ON ROADWAY,"2 LANE, 2 WAY",True,35,SH0361,DRY,NONE,CLEAR
20740203,15893,True,15893,2023,PORT ARANSAS,DRIVER INATTENTION;UNSAFE SPEED,226303,11.087,2025-04-05,0,4,1,1,B - SUSPECTED MINOR INJURY,0,0126,2,2025,SATURDAY,18.806,0,OVERTURNED,TWO-WAY,01:00 - 01:59,,PARADISE PT,INTERSECTION,27.81467321,"DARK, LIGHTED",YES,-97.07609917,ONE MOTOR VEHICLE - TURNING RIGHT,NO MEDIAN,OTHER (EXPLAIN IN NARRATIVE),2,OVERTURNED,True,NOT APPLICABLE,"2,500 - 4,999 POP",NO,0624,-0.944,US & STATE HIGHWAYS,"STRAIGHT, LEVEL",MINOR ARTERIAL,ON ROADWAY,"2 LANE, 2 WAY",True,30,SH0361,DRY,NONE,CLOUDY
20744925,12050,False,12050,2023,CORPUS CHRISTI,FAILED TO DRIVE IN SINGLE LANE; FATIGUED OR ASLEEP,226303,16.341,2025-04-07,0,4,0,0,N - NOT INJURED,0,0132,0,2025,MONDAY,24.06,0,FIXED OBJECT,TWO-WAY,01:00 - 01:59,,N/A,NON INTERSECTION,27.75135069,"DARK, NOT LIGHTED",YES,-97.12373911,ONE MOTOR VEHICLE - GOING STRAIGHT,NO MEDIAN,NOT APPLICABLE,5,HIT HIGHWAY SIGN,True,ATTENTION DIVERTED FROM DRIVING,"250,000 POP AND OVER",NO,0628,0.359,US & STATE HIGHWAYS,"STRAIGHT, LEVEL",MINOR ARTERIAL,OFF ROADWAY,"4 OR MORE LANES, UNDIVIDED",False,60,SH0361,DRY,CENTER STRIPE/DIVIDER,CLEAR
20755780,9764,False,9764,2023,PORT ARANSAS,DISTRACTION IN VEHICLE;FOLLOWED TOO CLOSELY;OTHER (EXPLAIN IN NARRATIVE),226302,7.263,2025-04-10,0,4,0,1,C - POSSIBLE INJURY,0,1613,1,2025,THURSDAY,17.715,0,MOTOR VEHICLE IN TRANSPORT,TWO-WAY,16:00 - 16:59,,S ALISTER ST,INTERSECTION RELATED,27.82821254,DAYLIGHT,YES,-97.06706612,SAME DIRECTION - ONE STRAIGHT-ONE STOPPED,NO MEDIAN,NOT APPLICABLE,2,NOT APPLICABLE,True,"SLOWING/STOPPING - FOR OFFICER, FLAGMAN, OR TRAFFIC CONTROL","2,500 - 4,999 POP",NO,0622,-0.013,CITY STREET,"STRAIGHT, LEVEL",MINOR ARTERIAL,ON ROADWAY,"2 LANE, 2 WAY",True,30,SH0361,DRY,SIGNAL LIGHT,CLEAR
20756970,10439,False,10439,2023,CORPUS CHRISTI,FAILED TO CONTROL SPEED,226303,27.43,2025-04-12,0,4,0,2,C - POSSIBLE INJURY,0,0945,2,2025,SATURDAY,35.149,0,MOTOR VEHICLE IN TRANSPORT,TWO-WAY,09:00 - 09:59,,N/A,DRIVEWAY ACCESS,27.61787377,DAYLIGHT,YES,-97.22065974,SAME DIRECTION - BOTH GOING STRAIGHT-REAR END,NO MEDIAN,NOT APPLICABLE,5,NOT APPLICABLE,True,SLOWING/STOPPING-TO MAKE LEFT TURN,"250,000 POP AND OVER",NO,0638,1.467,US & STATE HIGHWAYS,"STRAIGHT, LEVEL",MINOR ARTERIAL,ON ROADWAY,"4 OR MORE LANES, UNDIVIDED",False,55,SH0361,DRY,MARKED LANES,CLEAR
20755619,10439,False,10439,2023,CORPUS CHRISTI,FAILED TO DRIVE IN SINGLE LANE,226303,20.454,2025-04-13,0,4,1,0,B - SUSPECTED MINOR INJURY,0,1710,1,2025,SUNDAY,28.173,0,OVERTURNED,TWO-WAY,17:00 - 17:59,,N/A,NON INTERSECTION,27.70010612,DAYLIGHT,YES,-97.15821285,ONE MOTOR VEHICLE - GOING STRAIGHT,NO MEDIAN,NOT APPLICABLE,5,OVERTURNED,True,NOT APPLICABLE,"250,000 POP AND OVER",NO,0632,0.49,US & STATE HIGHWAYS,"STRAIGHT, LEVEL",MINOR ARTERIAL,OFF ROADWAY,"4 OR MORE LANES, UNDIVIDED",False,65,SH0361,DRY,MARKED LANES,CLEAR
20780904,9764,False,9764,2023,PORT ARANSAS,DRIVER INATTENTION;FAILED TO YIELD RIGHT OF WAY - OPEN INTERSECTION;OTHER (EXPLAIN IN NARRATIVE),226302,7.257,2025-04-26,0,4,0,0,N - NOT INJURED,0,1550,0,2025,SATURDAY,17.709,0,MOTOR VEHICLE IN TRANSPORT,TWO-WAY,15:00 - 15:59,,N/A,DRIVEWAY ACCESS,27.82826423,DAYLIGHT,YES,-97.06713852,ANGLE - ONE STRAIGHT-ONE LEFT TURN,NO MEDIAN,NOT APPLICABLE,2,NOT APPLICABLE,True,ONE VEHICLE LEAVING DRIVEWAY,"2,500 - 4,999 POP",NO,0622,-0.019,CITY STREET,"STRAIGHT, LEVEL",MINOR ARTERIAL,ON ROADWAY,"2 LANE, 2 WAY",True,30,SH0361,DRY,NONE,CLEAR
20801134,14248,False,14248,2023,PORT ARANSAS,CHANGED LANE WHEN UNSAFE; DRIVER INATTENTION,226302,7.267,2025-05-09,0,5,0,0,N - NOT INJURED,0,1326,0,2025,FRIDAY,17.719,0,MOTOR VEHICLE IN TRANSPORT,TWO-WAY,13:00 - 13:59,,N/A,NON INTERSECTION,27.828172,DAYLIGHT,YES,-97.06700932,SAME DIRECTION - BOTH GOING STRAIGHT-REAR END,NO MEDIAN,NOT APPLICABLE,2,NOT APPLICABLE,True,VEHICLE CHANGING LANES,"2,500 - 4,999 POP",NO,0622,-0.009,US & STATE HIGHWAYS,"STRAIGHT, LEVEL",MINOR ARTERIAL,ON ROADWAY,"2 LANE, 2 WAY",True,60,SH0361,DRY,NONE,CLEAR
20813334,15893,True,15893,2023,PORT ARANSAS,FAILED TO CONTROL SPEED,226303,11.782,2025-05-15,0,5,2,0,B - SUSPECTED MINOR INJURY,0,1435,2,2025,THURSDAY,19.501,0,MOTOR VEHICLE IN TRANSPORT,BOULEVARD,14:00 - 14:59,,BEACH ACCESS ROAD 1A,INTERSECTION RELATED,27.80633127,DAYLIGHT,YES,-97.08242341,SAME DIRECTION - ONE STRAIGHT-ONE STOPPED,CURBED,FOUR ENTERING ROADS,4,NOT APPLICABLE,True,"SLOWING/STOPPING - FOR OFFICER, FLAGMAN, OR TRAFFIC CONTROL","2,500 - 4,999 POP",NO,0624,-0.249,US & STATE HIGHWAYS,"STRAIGHT, LEVEL",MINOR ARTERIAL,ON ROADWAY,"4 OR MORE LANES, DIVIDED",True,45,SH0361,DRY,SIGNAL LIGHT,CLEAR
20817970,15893,False,15893,2023,PORT ARANSAS,DRIVER INATTENTION;FAILED TO YIELD RIGHT OF WAY - TURNING LEFT;IMPAIRED VISIBILITY (EXPLAIN IN NARRATIVE);TURNED WHEN UNSAFE;OTHER (EXPLAIN IN NARRATIVE),226303,11.458,2025-05-16,0,5,0,0,N - NOT INJURED,0,1634,0,2025,FRIDAY,19.177,0,MOTOR VEHICLE IN TRANSPORT,BOULEVARD,16:00 - 16:59,,N/A,DRIVEWAY ACCESS,27.8100207,DAYLIGHT,YES,-97.07913867,ANGLE - ONE STRAIGHT-ONE LEFT TURN,CURBED,NOT APPLICABLE,4,NOT APPLICABLE,True,ONE VEHICLE LEAVING DRIVEWAY,"2,500 - 4,999 POP",NO,0624,-0.573,US & STATE HIGHWAYS,"STRAIGHT, LEVEL",MINOR ARTERIAL,ON ROADWAY,"4 OR MORE LANES, DIVIDED",True,60,SH0361,DRY,NONE,CLEAR
20813331,10439,True,10439,2023,CORPUS CHRISTI,FAILED TO YIELD RIGHT OF WAY - STOP SIGN,226303,26.723,2025-05-17,0,5,0,1,C - POSSIBLE INJURY,0,1119,1,2025,SATURDAY,34.442,0,MOTOR VEHICLE IN TRANSPORT,TWO-WAY,11:00 - 11:59,,ZAHN RD,INTERSECTION,27.62201986,DAYLIGHT,YES,-97.21077788,ANGLE - ONE STRAIGHT-ONE LEFT TURN,NO MEDIAN,THREE ENTERING ROADS - T,5,NOT APPLICABLE,True,NOT APPLICABLE,"250,000 POP AND OVER",NO,0638,0.76,US & STATE HIGHWAYS,"STRAIGHT, LEVEL",MINOR ARTERIAL,ON ROADWAY,"4 OR MORE LANES, UNDIVIDED",False,60,SH0361,DRY,STOP SIGN,CLOUDY
20817969,,False,,,PORT ARANSAS,FAILED TO STOP AT PROPER PLACE,,,2025-05-19,0,5,0,0,N - NOT INJURED,0,1249,0,2025,MONDAY,,0,FIXED OBJECT,,12:00 - 12:59,,N/A,NON INTERSECTION,,DAYLIGHT,?0,,ONE MOTOR VEHICLE - GOING STRAIGHT,,NOT APPLICABLE,,HIT FENCE,True,NOT APPLICABLE,"2,500 - 4,999 POP",NO,,,NON TRAFFICWAY,"STRAIGHT, LEVEL",,NOT APPLICABLE,,True,5,SH0361,DRY,FLAGMAN,CLEAR
20824842,15893,False,15893,2023,PORT ARANSAS,TURNED WHEN UNSAFE,226303,10.976,2025-05-23,0,5,0,0,N - NOT INJURED,0,1151,0,2025,FRIDAY,18.695,0,MOTOR VEHICLE IN TRANSPORT,TWO-WAY,11:00 - 11:59,,N/A,DRIVEWAY ACCESS,27.81611044,DAYLIGHT,YES,-97.07527247,ANGLE - ONE STRAIGHT-ONE RIGHT TURN,NO MEDIAN,NOT APPLICABLE,2,NOT APPLICABLE,True,ONE VEHICLE LEAVING DRIVEWAY,"2,500 - 4,999 POP",NO,0622,0.967,US & STATE HIGHWAYS,"STRAIGHT, LEVEL",MINOR ARTERIAL,ON ROADWAY,"2 LANE, 2 WAY",True,55,SH0361,DRY,NONE,CLEAR
20826324,14248,True,14248,2023,PORT ARANSAS,FAILED TO YIELD RIGHT OF WAY - TURNING LEFT,226303,10.187,2025-05-24,0,5,0,2,C - POSSIBLE INJURY,0,1900,2,2025,SATURDAY,17.906,0,MOTOR VEHICLE IN TRANSPORT,TWO-WAY,19:00 - 19:59,,UNKNOWN,INTERSECTION,27.82604256,DAYLIGHT,YES,-97.06891313,OPPOSITE DIRECTION - BOTH LEFT TURNS,NO MEDIAN,FOUR ENTERING ROADS,2,NOT APPLICABLE,True,NOT APPLICABLE,"2,500 - 4,999 POP",NO,0622,0.178,US & STATE HIGHWAYS,"STRAIGHT, LEVEL",MINOR ARTERIAL,ON ROADWAY,"2 LANE, 2 WAY",True,45,SH0361,DRY,STOP SIGN,CLEAR
20828372,10439,False,10439,2023,CORPUS CHRISTI,FAILED TO PASS TO LEFT SAFELY; UNDER INFLUENCE - ALCOHOL,226303,22.656,2025-05-25,0,5,0,1,C - POSSIBLE INJURY,0,2030,1,2025,SUNDAY,30.375,0,MOTOR VEHICLE IN TRANSPORT,TWO-WAY,20:00 - 20:59,,N/A,NON INTERSECTION,27.67266699,"DARK, LIGHTED",YES,-97.17666452,SAME DIRECTION - BOTH GOING STRAIGHT-SIDESWIPE,NO MEDIAN,NOT APPLICABLE,5,OVERTURNED,True,VEHICLE CHANGING LANES,"250,000 POP AND OVER",NO,0634,0.692,US & STATE HIGHWAYS,"STRAIGHT, LEVEL",MINOR ARTERIAL,ON ROADWAY,"4 OR MORE LANES, UNDIVIDED",False,65,SH0361,DRY,MARKED LANES,CLEAR
20866324,6181,False,6181,2023,ARANSAS PASS,HAD BEEN DRINKING;DROVE ON IMPROVED SHOULDER,226302,4.632,2025-05-26,2,5,3,0,K - FATAL INJURY,0,0250,3,2025,MONDAY,15.069,1,PARKED CAR,TWO-WAY,02:00 - 02:59,,N/A,NON INTERSECTION,27.86041189,"DARK, NOT LIGHTED",YES,-97.08139526,ONE MOTOR VEHICLE - GOING STRAIGHT,NO MEDIAN,NOT APPLICABLE,2,HIT GUARDRAIL,True,NOT APPLICABLE,"5,000 - 9,999 POP",NO,0618,0.69,US & STATE HIGHWAYS,"CURVE, LEVEL",MINOR ARTERIAL,SHOULDER,"2 LANE, 2 WAY",False,55,SH0361,DRY,MARKED LANES,CLEAR
20860482,15893,True,15893,2023,PORT ARANSAS,DRIVER INATTENTION,226303,11.059,2025-06-12,0,6,1,0,B - SUSPECTED MINOR INJURY,0,1345,1,2025,THURSDAY,18.778,0,PEDALCYCLIST,TWO-WAY,13:00 - 13:59,,SEA ISLE DR,INTERSECTION RELATED,27.81503448,DAYLIGHT,YES,-97.07589137,ONE MOTOR VEHICLE - GOING STRAIGHT,NO MEDIAN,THREE ENTERING ROADS - T,2,NOT APPLICABLE,True,ATTENTION DIVERTED FROM DRIVING,"2,500 - 4,999 POP",NO,0624,-0.972,US & STATE HIGHWAYS,"STRAIGHT, LEVEL",MINOR ARTERIAL,ON ROADWAY,"2 LANE, 2 WAY",True,30,SH0361,DRY,STOP SIGN,CLEAR
20860476,15893,True,15893,2023,PORT ARANSAS,FAILED TO YIELD RIGHT OF WAY - TURNING LEFT,226303,11.782,2025-06-13,0,6,0,0,N - NOT INJURED,0,2121,0,2025,FRIDAY,19.501,0,MOTOR VEHICLE IN TRANSPORT,BOULEVARD,21:00 - 21:59,,PIPER BLVD,INTERSECTION,27.80641206,"DARK, LIGHTED",YES,-97.08251399,OPPOSITE DIRECTION - ONE STRAIGHT-ONE LEFT TURN,CURBED,FOUR ENTERING ROADS,4,NOT APPLICABLE,True,NOT APPLICABLE,"2,500 - 4,999 POP",NO,0624,-0.249,US & STATE HIGHWAYS,"STRAIGHT, LEVEL",MINOR ARTERIAL,ON ROADWAY,"4 OR MORE LANES, DIVIDED",True,55,SH0361,DRY,SIGNAL LIGHT,CLEAR
20875168,10439,False,10439,2023,CORPUS CHRISTI,FAILED TO CONTROL SPEED,226303,27.298,2025-06-18,0,6,0,0,N - NOT INJURED,0,1831,0,2025,WEDNESDAY,35.017,0,MOTOR VEHICLE IN TRANSPORT,TWO-WAY,18:00 - 18:59,,N/A,NON INTERSECTION,27.61787132,DAYLIGHT,YES,-97.21851486,SAME DIRECTION - BOTH GOING STRAIGHT-REAR END,NO MEDIAN,NOT APPLICABLE,5,NOT APPLICABLE,True,NOT APPLICABLE,"250,000 POP AND OVER",NO,0638,1.335,US & STATE HIGHWAYS,"STRAIGHT, LEVEL",MINOR ARTERIAL,ON ROADWAY,"4 OR MORE LANES, UNDIVIDED",False,45,SH0361,DRY,NONE,CLEAR
20881481,10439,False,10439,2023,CORPUS CHRISTI,FAILED TO YIELD RIGHT OF WAY - TURNING LEFT,226303,27.46,2025-06-18,0,6,0,0,N - NOT INJURED,0,1902,0,2025,WEDNESDAY,35.179,0,MOTOR VEHICLE IN TRANSPORT,TWO-WAY,19:00 - 19:59,,N/A,NON INTERSECTION,27.61788081,DAYLIGHT,YES,-97.22115549,SAME DIRECTION - BOTH GOING STRAIGHT-SIDESWIPE,NO MEDIAN,NOT APPLICABLE,5,NOT APPLICABLE,True,NOT APPLICABLE,"250,000 POP AND OVER",NO,0638,1.497,US & STATE HIGHWAYS,"STRAIGHT, LEVEL",MINOR ARTERIAL,ON ROADWAY,"4 OR MORE LANES, UNDIVIDED",False,45,SH0361,DRY,NONE,CLEAR
20872212,9764,False,9764,2023,PORT ARANSAS,OTHER (EXPLAIN IN NARRATIVE),226302,6.976,2025-06-19,0,6,0,0,N - NOT INJURED,0,1034,0,2025,THURSDAY,17.428,0,MOTOR VEHICLE IN TRANSPORT,TWO-WAY,10:00 - 10:59,,S 7TH ST,INTERSECTION RELATED,27.83083704,DAYLIGHT,YES,-97.07070099,SAME DIRECTION - ONE STRAIGHT-ONE STOPPED,NO MEDIAN,NOT APPLICABLE,2,NOT APPLICABLE,True,"SLOWING/STOPPING - FOR OFFICER, FLAGMAN, OR TRAFFIC CONTROL","2,500 - 4,999 POP",NO,0622,-0.3,CITY STREET,"STRAIGHT, LEVEL",MINOR ARTERIAL,ON ROADWAY,"2 LANE, 2 WAY",True,35,SH0361,OTHER (EXPLAIN IN NARRATIVE),NONE,CLEAR
20875179,12050,False,12050,2023,CORPUS CHRISTI,FAILED TO CONTROL SPEED,226303,19.215,2025-06-19,0,6,0,1,C - POSSIBLE INJURY,0,1523,1,2025,THURSDAY,26.934,0,MOTOR VEHICLE IN TRANSPORT,TWO-WAY,15:00 - 15:59,,SEA WAY DR,INTERSECTION RELATED,27.71555502,DAYLIGHT,YES,-97.14783667,SAME DIRECTION - BOTH GOING STRAIGHT-REAR END,NO MEDIAN,NOT APPLICABLE,5,NOT APPLICABLE,True,SLOWING/STOPPING-TO MAKE LEFT TURN,"250,000 POP AND OVER",NO,0632,-0.749,US & STATE HIGHWAYS,"STRAIGHT, LEVEL",MINOR ARTERIAL,ON ROADWAY,"4 OR MORE LANES, UNDIVIDED",False,60,SH0361,DRY,MARKED LANES,CLOUDY
20884985,12050,False,12050,2023,CORPUS CHRISTI,OVERTAKE AND PASS INSUFFICIENT CLEARANCE,226303,19.96,2025-06-19,0,6,0,0,N - NOT INJURED,0,1600,0,2025,THURSDAY,27.679,0,MOTOR VEHICLE IN TRANSPORT,TWO-WAY,16:00 - 16:59,,N/A,NON INTERSECTION,27.70628185,DAYLIGHT,YES,-97.15409293,SAME DIRECTION - BOTH GOING STRAIGHT-SIDESWIPE,NO MEDIAN,NOT APPLICABLE,5,NOT APPLICABLE,True,VEHICLE CHANGING LANES,"250,000 POP AND OVER",NO,0632,-0.004,US & STATE HIGHWAYS,"STRAIGHT, LEVEL",MINOR ARTERIAL,ON ROADWAY,"4 OR MORE LANES, UNDIVIDED",False,60,SH0361,DRY,MARKED LANES,CLEAR
20872785,6181,False,6181,2023,ARANSAS PASS,TURNED WHEN UNSAFE,226302,4.613,2025-06-21,0,6,0,0,N - NOT INJURED,0,1417,0,2025,SATURDAY,15.05,0,MOTOR VEHICLE IN TRANSPORT,TWO-WAY,14:00 - 14:59,,N/A,DRIVEWAY ACCESS,27.8606625,DAYLIGHT,YES,-97.0815016,OPPOSITE DIRECTION - ONE STRAIGHT-ONE LEFT TURN,NO MEDIAN,NOT APPLICABLE,2,NOT APPLICABLE,True,ONE VEHICLE ENTERING DRIVEWAY,"5,000 - 9,999 POP",NO,0618,0.671,US & STATE HIGHWAYS,"STRAIGHT, LEVEL",MINOR ARTERIAL,ON ROADWAY,"2 LANE, 2 WAY",False,55,SH0361,DRY,CENTER STRIPE/DIVIDER,CLEAR
20873254,,False,,,CORPUS CHRISTI,ANIMAL ON ROAD - WILD,,,2025-06-21,0,6,0,0,N - NOT INJURED,0,2023,0,2025,SATURDAY,,0,ANIMAL,,20:00 - 20:59,,N/A,NON INTERSECTION,,DUSK,?0,,ONE MOTOR VEHICLE - GOING STRAIGHT,,NOT APPLICABLE,,NOT APPLICABLE,True,NOT APPLICABLE,"250,000 POP AND OVER",NO,,,US & STATE HIGHWAYS,"STRAIGHT, LEVEL",,ON ROADWAY,,False,60,SH0361,DRY,MARKED LANES,CLEAR
20873443,9764,False,9764,2023,PORT ARANSAS,FAILED TO CONTROL SPEED,226302,7.266,2025-06-21,0,6,0,0,N - NOT INJURED,0,1838,0,2025,SATURDAY,17.718,0,MOTOR VEHICLE IN TRANSPORT,TWO-WAY,18:00 - 18:59,,UNKNOWN,INTERSECTION RELATED,27.82817809,DAYLIGHT,YES,-97.06701784,SAME DIRECTION - ONE STRAIGHT-ONE STOPPED,NO MEDIAN,NOT APPLICABLE,2,NOT APPLICABLE,True,SLOWING/STOPPING-REASON NOT SPECIFIED,"2,500 - 4,999 POP",NO,0622,-0.01,CITY STREET,"STRAIGHT, LEVEL",MINOR ARTERIAL,ON ROADWAY,"2 LANE, 2 WAY",True,30,SH0361,DRY,SIGNAL LIGHT,CLEAR
20875703,10439,False,10439,2023,CORPUS CHRISTI,FAILED TO CONTROL SPEED,226303,27.441,2025-06-22,0,6,0,0,N - NOT INJURED,0,1107,0,2025,SUNDAY,35.16,0,MOTOR VEHICLE IN TRANSPORT,TWO-WAY,11:00 - 11:59,0022,PR0022,INTERSECTION RELATED,27.61787644,DAYLIGHT,YES,-97.22084747,SAME DIRECTION - BOTH GOING STRAIGHT-REAR END,NO MEDIAN,NOT APPLICABLE,5,NOT APPLICABLE,True,"SLOWING/STOPPING - FOR OFFICER, FLAGMAN, OR TRAFFIC CONTROL","250,000 POP AND OVER",NO,0638,1.478,US & STATE HIGHWAYS,"STRAIGHT, LEVEL",MINOR ARTERIAL,ON ROADWAY,"4 OR MORE LANES, UNDIVIDED",False,55,SH0361,DRY,SIGNAL LIGHT,CLEAR
20876462,12050,False,12050,2023,CORPUS CHRISTI,DRIVER INATTENTION; FAILED TO CONTROL SPEED,226303,16.1,2025-06-22,0,6,0,0,N - NOT INJURED,0,1045,0,2025,SUNDAY,23.819,0,MOTOR VEHICLE IN TRANSPORT,TWO-WAY,10:00 - 10:59,,N/A,NON INTERSECTION,27.75434753,DAYLIGHT,YES,-97.12171407,SAME DIRECTION - BOTH GOING STRAIGHT-REAR END,NO MEDIAN,NOT APPLICABLE,5,NOT APPLICABLE,True,SLOWING/STOPPING-FOR TRAFFIC,"250,000 POP AND OVER",NO,0628,0.118,US & STATE HIGHWAYS,"STRAIGHT, LEVEL",MINOR ARTERIAL,ON ROADWAY,"4 OR MORE LANES, UNDIVIDED",False,60,SH0361,DRY,CENTER STRIPE/DIVIDER,CLEAR
20876243,,False,,,PORT ARANSAS,DRIVER INATTENTION,,,2025-06-23,0,6,0,0,N - NOT INJURED,0,1639,0,2025,MONDAY,,0,MOTOR VEHICLE IN TRANSPORT,,16:00 - 16:59,,N/A,NON INTERSECTION,,DAYLIGHT,?0,,SAME DIRECTION - ONE RIGHT TURN-ONE STOPPED,,NOT APPLICABLE,,NOT APPLICABLE,True,ATTENTION DIVERTED FROM DRIVING,"2,500 - 4,999 POP",NO,,,NON TRAFFICWAY,"STRAIGHT, LEVEL",,NOT APPLICABLE,,True,15,SH0361,DRY,FLAGMAN,CLEAR
20884738,12050,True,12050,2023,CORPUS CHRISTI,DRIVER INATTENTION,226303,14.585,2025-06-28,0,6,0,0,N - NOT INJURED,0,1802,0,2025,SATURDAY,22.304,0,MOTOR VEHICLE IN TRANSPORT,TWO-WAY,18:00 - 18:59,,UNKNOWN,INTERSECTION,27.77321064,DAYLIGHT,YES,-97.10896783,OPPOSITE DIRECTION - ONE STRAIGHT-ONE LEFT TURN,NO MEDIAN,THREE ENTERING ROADS - T,5,NOT APPLICABLE,True,ATTENTION DIVERTED FROM DRIVING,"250,000 POP AND OVER",NO,0626,0.592,US & STATE HIGHWAYS,"STRAIGHT, LEVEL",MINOR ARTERIAL,ON ROADWAY,"4 OR MORE LANES, UNDIVIDED",False,60,SH0361,DRY,STOP SIGN,CLEAR
20887978,,False,,,CORPUS CHRISTI,CHANGED LANE WHEN UNSAFE,,,2025-06-30,0,6,0,2,C - POSSIBLE INJURY,0,2054,2,2025,MONDAY,,0,MOTOR VEHICLE IN TRANSPORT,,20:00 - 20:59,,N/A,NON INTERSECTION,,"DARK, NOT LIGHTED",?0,,SAME DIRECTION - BOTH GOING STRAIGHT-SIDESWIPE,,NOT APPLICABLE,,NOT APPLICABLE,True,VEHICLE CHANGING LANES,"250,000 POP AND OVER",NO,,,US & STATE HIGHWAYS,"STRAIGHT, LEVEL",,ON ROADWAY,,False,65,SH0361,STANDING WATER,MARKED LANES,CLEAR
20895368,15893,True,15893,2023,PORT ARANSAS,FAILED TO YIELD RIGHT OF WAY - TURNING LEFT,226303,10.755,2025-07-03,0,7,0,1,C - POSSIBLE INJURY,0,1725,1,2025,THURSDAY,18.474,0,MOTOR VEHICLE IN TRANSPORT,TWO-WAY,17:00 - 17:59,,UNKNOWN,INTERSECTION,27.81896441,DAYLIGHT,YES,-97.07363772,ANGLE - BOTH GOING STRAIGHT,NO MEDIAN,FOUR ENTERING ROADS,2,NOT APPLICABLE,True,NOT APPLICABLE,"2,500 - 4,999 POP",NO,0622,0.746,US & STATE HIGHWAYS,"STRAIGHT, LEVEL",MINOR ARTERIAL,ON ROADWAY,"2 LANE, 2 WAY",True,45,SH0361,DRY,STOP SIGN,CLOUDY
20895443,15893,True,15893,2023,PORT ARANSAS,TURNED WHEN UNSAFE,226303,11.782,2025-07-04,0,7,0,0,N - NOT INJURED,0,1237,0,2025,FRIDAY,19.501,0,MOTOR VEHICLE IN TRANSPORT,BOULEVARD,12:00 - 12:59,,N/A,DRIVEWAY ACCESS,27.80641206,DAYLIGHT,YES,-97.08251399,ANGLE - ONE STRAIGHT-ONE LEFT TURN,CURBED,THREE ENTERING ROADS - T,4,NOT APPLICABLE,True,ONE VEHICLE LEAVING DRIVEWAY,"2,500 - 4,999 POP",NO,0624,-0.249,CITY STREET,"STRAIGHT, LEVEL",MINOR ARTERIAL,ON ROADWAY,"4 OR MORE LANES, DIVIDED",True,30,SH0361,DRY,SIGNAL LIGHT,CLEAR
20904298,12050,False,12050,2023,CORPUS CHRISTI,FAILED TO YIELD RIGHT OF WAY - PRIVATE DRIVE,226303,16.046,2025-07-10,0,7,0,0,A - SUSPECTED SERIOUS INJURY,1,1617,1,2025,THURSDAY,23.765,0,MOTOR VEHICLE IN TRANSPORT,TWO-WAY,16:00 - 16:59,,N/A,DRIVEWAY ACCESS,27.7550205,DAYLIGHT,YES,-97.12125933,ANGLE - ONE STRAIGHT-ONE LEFT TURN,NO MEDIAN,NOT APPLICABLE,5,NOT APPLICABLE,True,ONE VEHICLE LEAVING DRIVEWAY,"250,000 POP AND OVER",NO,0628,0.064,US & STATE HIGHWAYS,"STRAIGHT, LEVEL",MINOR ARTERIAL,ON ROADWAY,"4 OR MORE LANES, UNDIVIDED",False,60,SH0361,DRY,MARKED LANES,CLEAR
20907716,10439,False,10439,2023,CORPUS CHRISTI,TURNED WHEN UNSAFE,226303,20.454,2025-07-12,0,7,0,0,N - NOT INJURED,0,1233,0,2025,SATURDAY,28.173,0,MOTOR VEHICLE IN TRANSPORT,TWO-WAY,12:00 - 12:59,,N/A,NON INTERSECTION,27.70010612,DAYLIGHT,YES,-97.15821285,SAME DIRECTION - ONE STRAIGHT-ONE LEFT TURN,NO MEDIAN,NOT APPLICABLE,5,NOT APPLICABLE,True,NOT APPLICABLE,"250,000 POP AND OVER",NO,0632,0.49,US & STATE HIGHWAYS,"STRAIGHT, LEVEL",MINOR ARTERIAL,ON ROADWAY,"4 OR MORE LANES, UNDIVIDED",False,65,SH0361,DRY,CENTER STRIPE/DIVIDER,CLEAR
20916894,10439,False,10439,2023,CORPUS CHRISTI,FAILED TO CONTROL SPEED,226303,27.489,2025-07-18,0,7,0,0,N - NOT INJURED,0,1807,0,2025,FRIDAY,35.208,0,MOTOR VEHICLE IN TRANSPORT,TWO-WAY,18:00 - 18:59,,N/A,NON INTERSECTION,27.61788736,DAYLIGHT,YES,-97.22161719,SAME DIRECTION - BOTH GOING STRAIGHT-REAR END,NO MEDIAN,NOT APPLICABLE,5,NOT APPLICABLE,True,SLOWING/STOPPING-FOR TRAFFIC,"250,000 POP AND OVER",NO,0638,1.526,US & STATE HIGHWAYS,"STRAIGHT, LEVEL",MINOR ARTERIAL,ON ROADWAY,"4 OR MORE LANES, UNDIVIDED",False,55,SH0361,DRY,MARKED LANES,CLEAR
20917746,9764,True,9764,2023,PORT ARANSAS,DRIVER INATTENTION;OTHER (EXPLAIN IN NARRATIVE),226302,7.078,2025-07-18,0,7,0,0,N - NOT INJURED,0,2149,0,2025,FRIDAY,17.53,0,MOTOR VEHICLE IN TRANSPORT,TWO-WAY,21:00 - 21:59,,UNKNOWN,INTERSECTION,27.82990054,"DARK, LIGHTED",YES,-97.06941135,ANGLE - BOTH GOING STRAIGHT,NO MEDIAN,THREE ENTERING ROADS - T,2,NOT APPLICABLE,True,ATTENTION DIVERTED FROM DRIVING,"2,500 - 4,999 POP",NO,0622,-0.198,CITY STREET,"STRAIGHT, LEVEL",MINOR ARTERIAL,ON ROADWAY,"2 LANE, 2 WAY",True,30,SH0361,DRY,OTHER (EXPLAIN IN NARRATIVE),CLEAR
20919684,5888,True,5888,2023,PORT ARANSAS,TURNED IMPROPERLY - WRONG LANE,226302,6.952,2025-07-20,0,7,1,1,B - SUSPECTED MINOR INJURY,0,1720,2,2025,SUNDAY,17.404,0,MOTOR VEHICLE IN TRANSPORT,TWO-WAY,17:00 - 17:59,,6TH ST,INTERSECTION,27.83105279,DAYLIGHT,YES,-97.07100138,SAME DIRECTION - ONE STRAIGHT-ONE LEFT TURN,NO MEDIAN,FIVE ENTERING ROADS,2,NOT APPLICABLE,True,NOT APPLICABLE,"2,500 - 4,999 POP",NO,0622,-0.324,CITY STREET,"CURVE, LEVEL",MINOR ARTERIAL,ON ROADWAY,"2 LANE, 2 WAY",True,35,SH0361,DRY,CENTER STRIPE/DIVIDER,CLEAR
20933129,15893,False,15893,2023,PORT ARANSAS,DRIVER INATTENTION;TURNED WHEN UNSAFE;OTHER (EXPLAIN IN NARRATIVE),226303,10.731,2025-07-28,0,7,0,0,N - NOT INJURED,0,1216,0,2025,MONDAY,18.45,0,MOTOR VEHICLE IN TRANSPORT,TWO-WAY,12:00 - 12:59,,N/A,DRIVEWAY ACCESS,27.81927313,DAYLIGHT,YES,-97.07346143,ANGLE - ONE STRAIGHT-ONE LEFT TURN,NO MEDIAN,NOT APPLICABLE,2,NOT APPLICABLE,True,ONE VEHICLE LEAVING DRIVEWAY,"2,500 - 4,999 POP",NO,0622,0.722,US & STATE HIGHWAYS,"STRAIGHT, LEVEL",MINOR ARTERIAL,ON ROADWAY,"2 LANE, 2 WAY",True,45,SH0361,DRY,MARKED LANES,CLEAR
20940587,12050,False,12050,2023,OUTSIDE CITY LIMITS,DRIVER INATTENTION; FAILED TO DRIVE IN SINGLE LANE,226303,14.02,2025-07-29,0,7,1,0,B - SUSPECTED MINOR INJURY,0,2057,1,2025,TUESDAY,21.739,0,PEDESTRIAN,TWO-WAY,20:00 - 20:59,,N/A,NON INTERSECTION,27.78024163,"DARK, NOT LIGHTED",YES,-97.10421583,ONE MOTOR VEHICLE - GOING STRAIGHT,NO MEDIAN,NOT APPLICABLE,5,NOT APPLICABLE,True,ATTENTION DIVERTED FROM DRIVING,RURAL,NO,0626,0.027,US & STATE HIGHWAYS,"STRAIGHT, LEVEL",MINOR ARTERIAL,SHOULDER,"4 OR MORE LANES, UNDIVIDED",True,60,SH0361,DRY,NONE,CLEAR
20938295,5888,True,5888,2023,PORT ARANSAS,FAILED TO CONTROL SPEED,226302,6.523,2025-08-01,0,8,0,0,N - NOT INJURED,0,1920,0,2025,FRIDAY,16.975,0,MOTOR VEHICLE IN TRANSPORT,TWO-WAY,19:00 - 19:59,,UNKNOWN,INTERSECTION RELATED,27.83667094,DAYLIGHT,YES,-97.0691674,SAME DIRECTION - ONE STRAIGHT-ONE RIGHT TURN,NO MEDIAN,FOUR ENTERING ROADS,2,NOT APPLICABLE,True,NOT APPLICABLE,"2,500 - 4,999 POP",NO,0620,0.708,CITY STREET,"STRAIGHT, LEVEL",MINOR ARTERIAL,ON ROADWAY,"2 LANE, 2 WAY",True,35,SH0361,DRY,SIGNAL LIGHT,CLEAR
20953569,10439,False,10439,2023,CORPUS CHRISTI,CHANGED LANE WHEN UNSAFE;DRIVER INATTENTION;OTHER (EXPLAIN IN NARRATIVE),226303,22.534,2025-08-02,0,8,0,0,N - NOT INJURED,0,1130,0,2025,SATURDAY,30.253,0,MOTOR VEHICLE IN TRANSPORT,TWO-WAY,11:00 - 11:59,,N/A,NON INTERSECTION,27.67418731,DAYLIGHT,YES,-97.17564099,SAME DIRECTION - BOTH GOING STRAIGHT-REAR END,NO MEDIAN,NOT APPLICABLE,5,NOT APPLICABLE,True,ATTENTION DIVERTED FROM DRIVING,"250,000 POP AND OVER",NO,0634,0.57,US & STATE HIGHWAYS,"STRAIGHT, LEVEL",MINOR ARTERIAL,ON ROADWAY,"4 OR MORE LANES, UNDIVIDED",False,60,SH0361,DRY,MARKED LANES,CLEAR
20943621,10439,False,10439,2023,CORPUS CHRISTI,FAILED TO DRIVE IN SINGLE LANE; UNDER INFLUENCE - ALCOHOL,226303,21.883,2025-08-03,0,8,1,0,B - SUSPECTED MINOR INJURY,0,0147,1,2025,SUNDAY,29.602,0,OTHER OBJECT,TWO-WAY,01:00 - 01:59,,N/A,NON INTERSECTION,27.68230591,"DARK, NOT LIGHTED",YES,-97.1701825,ONE MOTOR VEHICLE - GOING STRAIGHT,NO MEDIAN,NOT APPLICABLE,5,OTHER,True,NOT APPLICABLE,"250,000 POP AND OVER",NO,0634,-0.081,US & STATE HIGHWAYS,"STRAIGHT, LEVEL",MINOR ARTERIAL,ON ROADWAY,"4 OR MORE LANES, UNDIVIDED",False,60,SH0361,DRY,MARKED LANES,CLEAR
20953825,5888,True,5888,2023,PORT ARANSAS,DISTRACTION IN VEHICLE; DRIVER INATTENTION,226302,6.525,2025-08-06,0,8,0,0,N - NOT INJURED,0,2138,0,2025,WEDNESDAY,16.977,0,MOTOR VEHICLE IN TRANSPORT,TWO-WAY,21:00 - 21:59,,UNKNOWN,INTERSECTION,27.83663811,"DARK, LIGHTED",YES,-97.06919666,SAME DIRECTION - BOTH RIGHT TURN,NO MEDIAN,FOUR ENTERING ROADS,2,NOT APPLICABLE,True,NOT APPLICABLE,"2,500 - 4,999 POP",NO,0620,0.71,CITY STREET,"STRAIGHT, LEVEL",MINOR ARTERIAL,ON ROADWAY,"2 LANE, 2 WAY",True,-1,SH0361,DRY,SIGNAL LIGHT,CLEAR
20949411,10439,False,10439,2023,CORPUS CHRISTI,CHANGED LANE WHEN UNSAFE,226303,27.453,2025-08-08,0,8,0,0,N - NOT INJURED,0,1509,0,2025,FRIDAY,35.172,0,MOTOR VEHICLE IN TRANSPORT,TWO-WAY,15:00 - 15:59,,N/A,NON INTERSECTION,27.61787906,DAYLIGHT,YES,-97.22103237,SAME DIRECTION - BOTH GOING STRAIGHT-SIDESWIPE,NO MEDIAN,NOT APPLICABLE,5,NOT APPLICABLE,True,VEHICLE CHANGING LANES,"250,000 POP AND OVER",NO,0638,1.49,US & STATE HIGHWAYS,"STRAIGHT, LEVEL",MINOR ARTERIAL,ON ROADWAY,"4 OR MORE LANES, UNDIVIDED",False,55,SH0361,DRY,MARKED LANES,CLEAR
20962246,5888,False,5888,2023,PORT ARANSAS,UNDER INFLUENCE - ALCOHOL,226302,6.385,2025-08-09,0,8,0,0,N - NOT INJURED,0,2236,0,2025,SATURDAY,16.837,0,MOTOR VEHICLE IN TRANSPORT,TWO-WAY,22:00 - 22:59,,N/A,NON INTERSECTION,27.83818817,"DARK, LIGHTED",YES,-97.06828074,SAME DIRECTION - BOTH GOING STRAIGHT-REAR END,NO MEDIAN,NOT APPLICABLE,4,NOT APPLICABLE,True,NOT APPLICABLE,"2,500 - 4,999 POP",NO,0620,0.57,CITY STREET,"STRAIGHT, LEVEL",MINOR ARTERIAL,ON ROADWAY,"4 OR MORE LANES, UNDIVIDED",True,5,SH0361,DRY,FLAGMAN,CLEAR
20963532,12050,False,12050,2023,OUTSIDE CITY LIMITS,FAILED TO DRIVE IN SINGLE LANE,226303,13.865,2025-08-15,1,8,0,0,K - FATAL INJURY,1,2204,1,2025,FRIDAY,21.584,1,MOTOR VEHICLE IN TRANSPORT,TWO-WAY,22:00 - 22:59,,N/A,NON INTERSECTION,27.78213485,"DARK, NOT LIGHTED",YES,-97.10284624,OPPOSITE DIRECTION - BOTH GOING STRAIGHT,NO MEDIAN,NOT APPLICABLE,5,OVERTURNED,True,NOT APPLICABLE,RURAL,NO,0626,-0.128,US & STATE HIGHWAYS,"CURVE, LEVEL",MINOR ARTERIAL,ON ROADWAY,"4 OR MORE LANES, UNDIVIDED",True,60,SH0361,DRY,CENTER STRIPE/DIVIDER,CLEAR
20968489,12050,False,12050,2023,OUTSIDE CITY LIMITS,FATIGUED OR ASLEEP,226303,14.257,2025-08-18,0,8,0,0,N - NOT INJURED,0,0527,0,2025,MONDAY,21.976,0,PARKED CAR,TWO-WAY,05:00 - 05:59,,N/A,NON INTERSECTION,27.77729402,"DARK, NOT LIGHTED",YES,-97.10620827,ONE MOTOR VEHICLE - GOING STRAIGHT,NO MEDIAN,NOT APPLICABLE,5,NOT APPLICABLE,True,ATTENTION DIVERTED FROM DRIVING,RURAL,NO,0626,0.264,US & STATE HIGHWAYS,"STRAIGHT, LEVEL",MINOR ARTERIAL,OFF ROADWAY,"4 OR MORE LANES, UNDIVIDED",True,60,SH0361,DRY,NONE,CLEAR
20976580,12050,False,12050,2023,CORPUS CHRISTI,FAILED TO CONTROL SPEED,226303,18.988,2025-08-23,0,8,0,0,N - NOT INJURED,0,1758,0,2025,SATURDAY,26.707,0,MOTOR VEHICLE IN TRANSPORT,TWO-WAY,17:00 - 17:59,,LA CONCHA BLVD,INTERSECTION RELATED,27.71837732,DAYLIGHT,YES,-97.14593315,SAME DIRECTION - BOTH GOING STRAIGHT-SIDESWIPE,NO MEDIAN,NOT APPLICABLE,5,NOT APPLICABLE,True,SLOWING/STOPPING-TO MAKE RIGHT TURN,"250,000 POP AND OVER",NO,0630,0.975,US & STATE HIGHWAYS,"STRAIGHT, LEVEL",MINOR ARTERIAL,ON ROADWAY,"4 OR MORE LANES, UNDIVIDED",False,60,SH0361,DRY,MARKED LANES,CLEAR
20990230,15893,True,15893,2023,PORT ARANSAS,FAILED TO YIELD RIGHT OF WAY - STOP SIGN,226303,10.885,2025-08-31,0,8,0,1,C - POSSIBLE INJURY,0,1625,1,2025,SUNDAY,18.604,0,MOTOR VEHICLE IN TRANSPORT,TWO-WAY,16:00 - 16:59,,ASHBY LN,INTERSECTION,27.81728266,DAYLIGHT,YES,-97.0745982,ANGLE - ONE STRAIGHT-ONE LEFT TURN,NO MEDIAN,THREE ENTERING ROADS - T,2,NOT APPLICABLE,True,NOT APPLICABLE,"2,500 - 4,999 POP",NO,0622,0.876,US & STATE HIGHWAYS,"STRAIGHT, LEVEL",MINOR ARTERIAL,ON ROADWAY,"2 LANE, 2 WAY",True,30,SH0361,DRY,STOP SIGN,CLEAR
20989250,6181,False,6181,2023,ARANSAS PASS,FAILED TO CONTROL SPEED; FAILED TO SIGNAL OR GAVE WRONG SIGNAL,226302,1.585,2025-09-01,0,9,0,0,N - NOT INJURED,0,2018,0,2025,MONDAY,12.022,0,MOTOR VEHICLE IN TRANSPORT,TWO-WAY,20:00 - 20:59,,N/A,DRIVEWAY ACCESS,27.8913353,"DARK, NOT LIGHTED",YES,-97.11587619,SAME DIRECTION - ONE STRAIGHT-ONE LEFT TURN,NO MEDIAN,NOT APPLICABLE,2,NOT APPLICABLE,True,ONE VEHICLE ENTERING DRIVEWAY,"5,000 - 9,999 POP",NO,0616,-0.286,US & STATE HIGHWAYS,"STRAIGHT, LEVEL",MINOR ARTERIAL,ON ROADWAY,"2 LANE, 2 WAY",False,55,SH0361,DRY,MARKED LANES,CLEAR
21002661,6181,False,6181,2023,ARANSAS PASS,FAILED TO CONTROL SPEED; FAULTY EVASIVE ACTION,226302,3.693,2025-09-06,0,9,1,0,B - SUSPECTED MINOR INJURY,0,0946,1,2025,SATURDAY,14.13,0,FIXED OBJECT,TWO-WAY,09:00 - 09:59,,N/A,NON INTERSECTION,27.87135379,DAYLIGHT,YES,-97.09025556,ONE MOTOR VEHICLE - GOING STRAIGHT,NO MEDIAN,NOT APPLICABLE,2,"HIT TREE, SHRUB, LANDSCAPING",True,"LOST CONTROL OR SKIDDED (ICY OR SLICK ROAD, ETC.)","5,000 - 9,999 POP",NO,0618,-0.249,US & STATE HIGHWAYS,"STRAIGHT, LEVEL",MINOR ARTERIAL,OFF ROADWAY,"2 LANE, 2 WAY",False,55,SH0361,WET,NONE,RAIN
21011538,,False,,,PORT ARANSAS,DRIVER INATTENTION,,,2025-09-14,0,9,0,0,N - NOT INJURED,0,1536,0,2025,SUNDAY,,0,MOTOR VEHICLE IN TRANSPORT,,15:00 - 15:59,,N/A,NON INTERSECTION,,DAYLIGHT,?0,,SAME DIRECTION - ONE STRAIGHT-ONE LEFT TURN,,NOT APPLICABLE,,NOT APPLICABLE,True,ATTENTION DIVERTED FROM DRIVING,"2,500 - 4,999 POP",NO,,,US & STATE HIGHWAYS,"STRAIGHT, LEVEL",,ON ROADWAY,,True,35,SH0361,DRY,NONE,CLEAR
21067047,6181,False,6181,2023,ARANSAS PASS,DROVE WITHOUT HEADLIGHTS; TURNED WHEN UNSAFE,226302,1.903,2025-10-11,0,10,0,1,C - POSSIBLE INJURY,0,0628,1,2025,SATURDAY,12.34,0,MOTOR VEHICLE IN TRANSPORT,TWO-WAY,06:00 - 06:59,,N/A,NON INTERSECTION,27.88955994,"DARK, NOT LIGHTED",YES,-97.11110004,SAME DIRECTION - ONE STRAIGHT-ONE LEFT TURN,NO MEDIAN,NOT APPLICABLE,2,NOT APPLICABLE,True,NOT APPLICABLE,"5,000 - 9,999 POP",NO,0616,0.032,US & STATE HIGHWAYS,"STRAIGHT, LEVEL",MINOR ARTERIAL,ON ROADWAY,"2 LANE, 2 WAY",False,55,SH0361,DRY,MARKED LANES,CLEAR
21075579,12050,False,12050,2023,OUTSIDE CITY LIMITS,UNDER INFLUENCE - ALCOHOL,226303,13.488,2025-10-17,0,10,0,0,N - NOT INJURED,0,2202,0,2025,FRIDAY,21.207,0,MOTOR VEHICLE IN TRANSPORT,TWO-WAY,22:00 - 22:59,,N/A,NON INTERSECTION,27.78652867,"DARK, NOT LIGHTED",YES,-97.09915915,OPPOSITE DIRECTION - BOTH GOING STRAIGHT,NO MEDIAN,NOT APPLICABLE,5,HIT FENCE,True,NOT APPLICABLE,RURAL,NO,0626,-0.505,US & STATE HIGHWAYS,"STRAIGHT, LEVEL",MINOR ARTERIAL,ON ROADWAY,"4 OR MORE LANES, UNDIVIDED",True,60,SH0361,DRY,NONE,CLEAR
21085370,14248,True,14248,2023,PORT ARANSAS,FOLLOWED TOO CLOSELY,226302,7.267,2025-10-24,0,10,0,1,C - POSSIBLE INJURY,0,1435,1,2025,FRIDAY,17.719,0,MOTOR VEHICLE IN TRANSPORT,TWO-WAY,14:00 - 14:59,,UNKNOWN,INTERSECTION RELATED,27.82817055,DAYLIGHT,YES,-97.06701062,SAME DIRECTION - BOTH GOING STRAIGHT-REAR END,NO MEDIAN,FOUR ENTERING ROADS,2,NOT APPLICABLE,True,NOT APPLICABLE,"2,500 - 4,999 POP",NO,0622,-0.009,US & STATE HIGHWAYS,"STRAIGHT, LEVEL",MINOR ARTERIAL,ON ROADWAY,"2 LANE, 2 WAY",True,35,SH0361,DRY,SIGNAL LIGHT,RAIN
21090628,10439,False,10439,2023,CORPUS CHRISTI,FAILED TO YIELD RIGHT OF WAY - PRIVATE DRIVE,226303,27.489,2025-10-27,0,10,0,1,C - POSSIBLE INJURY,0,1608,1,2025,MONDAY,35.208,0,MOTOR VEHICLE IN TRANSPORT,TWO-WAY,16:00 - 16:59,,N/A,DRIVEWAY ACCESS,27.61788736,DAYLIGHT,YES,-97.22161719,ANGLE - BOTH GOING STRAIGHT,NO MEDIAN,NOT APPLICABLE,5,NOT APPLICABLE,True,CONSTRUCTION - WITHIN POSTED ROAD CONSTRUCTION ZONE (NOT RELATED TO CRASH),"250,000 POP AND OVER",NO,0638,1.526,US & STATE HIGHWAYS,"STRAIGHT, LEVEL",MINOR ARTERIAL,ON ROADWAY,"4 OR MORE LANES, UNDIVIDED",False,25,SH0361,DRY,SIGNAL LIGHT,CLEAR
21094963,10439,True,10439,2023,CORPUS CHRISTI,CHANGED LANE WHEN UNSAFE; TURNED IMPROPERLY - WIDE RIGHT,226303,27.498,2025-10-29,0,10,0,0,N - NOT INJURED,0,1819,0,2025,WEDNESDAY,35.217,0,MOTOR VEHICLE IN TRANSPORT,TWO-WAY,18:00 - 18:59,0022,PR0022,INTERSECTION RELATED,27.6178894,DAYLIGHT,YES,-97.22177124,OPPOSITE DIRECTION - ONE RIGHT TURN-ONE LEFT TURN,NO MEDIAN,FOUR ENTERING ROADS,5,NOT APPLICABLE,True,NOT APPLICABLE,"250,000 POP AND OVER",NO,0638,1.535,COUNTY ROAD,"STRAIGHT, LEVEL",MINOR ARTERIAL,ON ROADWAY,"4 OR MORE LANES, UNDIVIDED",False,55,SH0361,DRY,SIGNAL LIGHT,CLEAR
21112441,6181,False,6181,2023,ARANSAS PASS,DRIVER INATTENTION;FAILED TO CONTROL SPEED;FAILED TO YIELD RIGHT OF WAY - PRIVATE DRIVE,226302,1.852,2025-11-07,0,11,2,0,B - SUSPECTED MINOR INJURY,0,1941,2,2025,FRIDAY,12.289,0,MOTOR VEHICLE IN TRANSPORT,TWO-WAY,19:00 - 19:59,,N/A,DRIVEWAY ACCESS,27.8899772,"DARK, NOT LIGHTED",YES,-97.1117927,ANGLE - ONE STRAIGHT-ONE RIGHT TURN,NO MEDIAN,NOT APPLICABLE,2,NOT APPLICABLE,True,ONE VEHICLE LEAVING DRIVEWAY,"5,000 - 9,999 POP",NO,0616,-0.019,US & STATE HIGHWAYS,"CURVE, LEVEL",MINOR ARTERIAL,ON ROADWAY,"2 LANE, 2 WAY",False,55,SH0361,DRY,MARKED LANES,CLEAR
21115333,10439,False,10439,2023,CORPUS CHRISTI,ANIMAL ON ROAD - WILD,226303,25.498,2025-11-09,0,11,0,0,N - NOT INJURED,0,2200,0,2025,SUNDAY,33.217,0,ANIMAL,TWO-WAY,22:00 - 22:59,,N/A,NON INTERSECTION,27.63725654,"DARK, NOT LIGHTED",YES,-97.20046518,ONE MOTOR VEHICLE - GOING STRAIGHT,NO MEDIAN,NOT APPLICABLE,5,NOT APPLICABLE,True,NOT APPLICABLE,"250,000 POP AND OVER",NO,0638,-0.465,US & STATE HIGHWAYS,"STRAIGHT, LEVEL",MINOR ARTERIAL,ON ROADWAY,"4 OR MORE LANES, UNDIVIDED",False,60,SH0361,DRY,MARKED LANES,CLEAR
21125165,5888,True,5888,2023,PORT ARANSAS,DRIVER INATTENTION,226302,6.526,2025-11-14,0,11,0,0,N - NOT INJURED,0,1148,0,2025,FRIDAY,16.978,0,FIXED OBJECT,TWO-WAY,11:00 - 11:59,,N/A,DRIVEWAY ACCESS,27.8366335,DAYLIGHT,YES,-97.06920077,ONE MOTOR VEHICLE - TURNING RIGHT,NO MEDIAN,THREE ENTERING ROADS - T,2,HIT OTHER FIXED OBJECT,True,ONE VEHICLE ENTERING DRIVEWAY,"2,500 - 4,999 POP",NO,0620,0.711,CITY STREET,"STRAIGHT, LEVEL",MINOR ARTERIAL,OFF ROADWAY,"2 LANE, 2 WAY",True,30,SH0361,DRY,FLAGMAN,CLEAR
21139514,5888,False,5888,2023,PORT ARANSAS,DRIVER INATTENTION,226302,6.526,2025-11-22,0,11,0,0,N - NOT INJURED,0,1117,0,2025,SATURDAY,16.978,0,MOTOR VEHICLE IN TRANSPORT,TWO-WAY,11:00 - 11:59,,N/A,NON INTERSECTION,27.83663254,DAYLIGHT,YES,-97.06920163,SAME DIRECTION - BOTH GOING STRAIGHT-REAR END,NO MEDIAN,NOT APPLICABLE,2,NOT APPLICABLE,True,ATTENTION DIVERTED FROM DRIVING,"2,500 - 4,999 POP",NO,0620,0.711,CITY STREET,"STRAIGHT, LEVEL",MINOR ARTERIAL,ON ROADWAY,"2 LANE, 2 WAY",True,30,SH0361,DRY,FLAGMAN,CLEAR
21156971,12050,False,12050,2023,CORPUS CHRISTI,FAILED TO DRIVE IN SINGLE LANE; UNDER INFLUENCE - ALCOHOL,226303,18.66,2025-11-30,0,11,0,1,A - SUSPECTED SERIOUS INJURY,1,2229,2,2025,SUNDAY,26.379,0,MOTOR VEHICLE IN TRANSPORT,TWO-WAY,22:00 - 22:59,,N/A,NON INTERSECTION,27.7224571,"DARK, NOT LIGHTED",YES,-97.1431815,OPPOSITE DIRECTION - BOTH GOING STRAIGHT,NO MEDIAN,NOT APPLICABLE,5,NOT APPLICABLE,True,NOT APPLICABLE,"250,000 POP AND OVER",NO,0630,0.647,US & STATE HIGHWAYS,"STRAIGHT, LEVEL",MINOR ARTERIAL,ON ROADWAY,"4 OR MORE LANES, UNDIVIDED",False,65,SH0361,DRY,MARKED LANES,CLEAR
21180017,14248,False,14248,2023,PORT ARANSAS,UNDER INFLUENCE - ALCOHOL,226303,10.018,2025-12-13,0,12,0,0,A - SUSPECTED SERIOUS INJURY,1,2214,1,2025,SATURDAY,17.737,0,OVERTURNED,TWO-WAY,22:00 - 22:59,,N/A,NON INTERSECTION,27.82796287,"DARK, LIGHTED",YES,-97.06719658,ONE MOTOR VEHICLE - OTHER,NO MEDIAN,NOT APPLICABLE,2,OVERTURNED,True,NOT APPLICABLE,"2,500 - 4,999 POP",NO,0622,0.009,CITY STREET,"STRAIGHT, LEVEL",MINOR ARTERIAL,ON ROADWAY,"2 LANE, 2 WAY",True,30,SH0361,DRY,CENTER STRIPE/DIVIDER,CLEAR
21196650,,True,,,PORT ARANSAS,FAILED TO CONTROL SPEED;OTHER (EXPLAIN IN NARRATIVE),,,2025-12-22,0,12,0,0,N - NOT INJURED,0,0810,0,2025,MONDAY,,0,MOTOR VEHICLE IN TRANSPORT,,08:00 - 08:59,0361,SH0361,INTERSECTION RELATED,,DAYLIGHT,?0,,SAME DIRECTION - ONE STRAIGHT-ONE STOPPED,,FOUR ENTERING ROADS,,NOT APPLICABLE,True,"SLOWING/STOPPING - FOR OFFICER, FLAGMAN, OR TRAFFIC CONTROL","2,500 - 4,999 POP",NO,,,US & STATE HIGHWAYS,"STRAIGHT, LEVEL",,ON ROADWAY,,True,55,SH0361,WET,OTHER (EXPLAIN IN NARRATIVE),FOG
21210173,10439,True,10439,2023,CORPUS CHRISTI,FAILED TO YIELD RIGHT OF WAY - STOP SIGN,226303,19.998,2025-12-28,0,12,3,0,B - SUSPECTED MINOR INJURY,0,1320,3,2025,SUNDAY,27.717,0,MOTOR VEHICLE IN TRANSPORT,TWO-WAY,13:00 - 13:59,,BEACH ACCESS ROAD 2,INTERSECTION,27.70581036,DAYLIGHT,YES,-97.1544104,ANGLE - ONE STRAIGHT-ONE LEFT TURN,NO MEDIAN,THREE ENTERING ROADS - T,5,NOT APPLICABLE,True,NOT APPLICABLE,"250,000 POP AND OVER",NO,0632,0.034,US & STATE HIGHWAYS,"STRAIGHT, LEVEL",MINOR ARTERIAL,ON ROADWAY,"4 OR MORE LANES, UNDIVIDED",False,60,SH0361,DRY,STOP SIGN,CLEAR
21217808,,False,,,CORPUS CHRISTI,BACKED WITHOUT SAFETY,,,2026-01-01,0,1,0,0,N - NOT INJURED,0,1320,0,2026,THURSDAY,,0,MOTOR VEHICLE IN TRANSPORT,,13:00 - 13:59,,N/A,NON INTERSECTION,,DAYLIGHT,?0,,OTHER - BOTH BACKING,,NOT APPLICABLE,,NOT APPLICABLE,True,ONE VEHICLE BACKWARD FROM PARKING,"250,000 POP AND OVER",YES,,,NON TRAFFICWAY,"STRAIGHT, LEVEL",,NOT APPLICABLE,,False,15,SH0361,DRY,NONE,CLEAR
21232589,15893,False,15893,2023,PORT ARANSAS,DRIVER INATTENTION;FOLLOWED TOO CLOSELY;UNSAFE SPEED,226303,11.781,2026-01-04,0,1,0,0,N - NOT INJURED,0,1424,0,2026,SUNDAY,19.5,0,MOTOR VEHICLE IN TRANSPORT,BOULEVARD,14:00 - 14:59,,N/A,DRIVEWAY ACCESS,27.8063399,DAYLIGHT,YES,-97.08241577,SAME DIRECTION - ONE STRAIGHT-ONE RIGHT TURN,CURBED,NOT APPLICABLE,4,NOT APPLICABLE,True,ONE VEHICLE ENTERING DRIVEWAY,"2,500 - 4,999 POP",NO,0624,-0.25,US & STATE HIGHWAYS,"STRAIGHT, LEVEL",MINOR ARTERIAL,ON ROADWAY,"4 OR MORE LANES, DIVIDED",True,60,SH0361,DRY,NONE,CLEAR
21232880,5888,False,5888,2023,PORT ARANSAS,DRIVER INATTENTION;FAILED TO CONTROL SPEED;HAD BEEN DRINKING;OTHER (EXPLAIN IN NARRATIVE),226302,6.529,2026-01-17,0,1,1,0,B - SUSPECTED MINOR INJURY,0,2112,1,2026,SATURDAY,16.981,0,PARKED CAR,TWO-WAY,21:00 - 21:59,,UNKNOWN,INTERSECTION RELATED,27.8365922,"DARK, LIGHTED",YES,-97.06923759,ONE MOTOR VEHICLE - TURNING LEFT,NO MEDIAN,NOT APPLICABLE,2,OVERTURNED,True,ATTENTION DIVERTED FROM DRIVING,"2,500 - 4,999 POP",NO,0620,0.714,CITY STREET,"STRAIGHT, LEVEL",MINOR ARTERIAL,OFF ROADWAY,"2 LANE, 2 WAY",True,30,SH0361,DRY,NONE,CLEAR
21265167,15893,True,15893,2023,PORT ARANSAS,DRIVER INATTENTION;FAILED TO YIELD RIGHT OF WAY - STOP SIGN,226303,10.755,2026-01-29,0,1,0,0,N - NOT INJURED,0,1552,0,2026,THURSDAY,18.474,0,MOTOR VEHICLE IN TRANSPORT,TWO-WAY,15:00 - 15:59,,E HOWARD BLVD,INTERSECTION,27.8189672,DAYLIGHT,YES,-97.07363613,ANGLE - BOTH GOING STRAIGHT,NO MEDIAN,FOUR ENTERING ROADS,2,NOT APPLICABLE,True,NOT APPLICABLE,"2,500 - 4,999 POP",NO,0622,0.746,US & STATE HIGHWAYS,"STRAIGHT, LEVEL",MINOR ARTERIAL,ON ROADWAY,"2 LANE, 2 WAY",True,45,SH0361,DRY,STOP SIGN,CLEAR
21277565,14248,False,14248,2023,PORT ARANSAS,DRIVER INATTENTION,226303,10.033,2026-02-14,0,2,0,0,N - NOT INJURED,0,1344,0,2026,SATURDAY,17.752,0,MOTOR VEHICLE IN TRANSPORT,TWO-WAY,13:00 - 13:59,,UNKNOWN,INTERSECTION RELATED,27.82779572,DAYLIGHT,YES,-97.06734625,SAME DIRECTION - BOTH GOING STRAIGHT-REAR END,NO MEDIAN,NOT APPLICABLE,2,NOT APPLICABLE,True,ATTENTION DIVERTED FROM DRIVING,"2,500 - 4,999 POP",NO,0622,0.024,US & STATE HIGHWAYS,"STRAIGHT, LEVEL",MINOR ARTERIAL,ON ROADWAY,"2 LANE, 2 WAY",True,35,SH0361,DRY,OTHER (EXPLAIN IN NARRATIVE),CLEAR
21287775,15893,True,15893,2023,PORT ARANSAS,DROVE WITHOUT HEADLIGHTS; IMPAIRED VISIBILITY (EXPLAIN IN NARRATIVE),226303,10.755,2026-02-14,1,2,0,0,K - FATAL INJURY,0,1709,0,2026,SATURDAY,18.474,1,PEDALCYCLIST,TWO-WAY,17:00 - 17:59,,E HOWARD BLVD,INTERSECTION RELATED,27.8189672,"DARK, LIGHTED",YES,-97.07363613,ONE MOTOR VEHICLE - TURNING RIGHT,NO MEDIAN,THREE ENTERING ROADS - T,2,NOT APPLICABLE,True,VISION OBSTRUCTED BY OTHER VISUAL OBSTRUCTIONS,"2,500 - 4,999 POP",NO,0622,0.746,US & STATE HIGHWAYS,"STRAIGHT, LEVEL",MINOR ARTERIAL,ON ROADWAY,"2 LANE, 2 WAY",True,45,SH0361,WET,STOP SIGN,RAIN
21287856,5888,True,5888,2023,PORT ARANSAS,DRIVER INATTENTION,226302,6.526,2026-02-19,0,2,0,0,N - NOT INJURED,0,1636,0,2026,THURSDAY,16.978,0,MOTOR VEHICLE IN TRANSPORT,TWO-WAY,16:00 - 16:59,,W AVENUE A,INTERSECTION RELATED,27.8366335,DAYLIGHT,YES,-97.06920077,SAME DIRECTION - ONE STRAIGHT-ONE STOPPED,NO MEDIAN,FOUR ENTERING ROADS,2,NOT APPLICABLE,True,"SLOWING/STOPPING - FOR OFFICER, FLAGMAN, OR TRAFFIC CONTROL","2,500 - 4,999 POP",NO,0620,0.711,CITY STREET,"STRAIGHT, LEVEL",MINOR ARTERIAL,ON ROADWAY,"2 LANE, 2 WAY",True,30,SH0361,DRY,SIGNAL LIGHT,CLEAR
21308935,12050,True,12050,2023,CORPUS CHRISTI,FAILED TO CONTROL SPEED,226303,17.373,2026-02-19,0,2,0,0,N - NOT INJURED,0,1956,0,2026,THURSDAY,25.092,0,MOTOR VEHICLE IN TRANSPORT,TWO-WAY,19:00 - 19:59,,UNKNOWN,INTERSECTION RELATED,27.73849191,"DARK, LIGHTED",YES,-97.13237691,SAME DIRECTION - ONE STRAIGHT-ONE STOPPED,NO MEDIAN,THREE ENTERING ROADS - T,5,NOT APPLICABLE,True,SLOWING/STOPPING-TO MAKE LEFT TURN,"250,000 POP AND OVER",NO,0630,-0.64,US & STATE HIGHWAYS,"STRAIGHT, LEVEL",MINOR ARTERIAL,ON ROADWAY,"4 OR MORE LANES, UNDIVIDED",False,60,SH0361,DRY,CENTER STRIPE/DIVIDER,CLEAR
21303660,10439,False,10439,2023,CORPUS CHRISTI,FOLLOWED TOO CLOSELY;OTHER (EXPLAIN IN NARRATIVE),226303,24.392,2026-02-20,0,2,0,0,N - NOT INJURED,0,1540,0,2026,FRIDAY,32.111,0,MOTOR VEHICLE IN TRANSPORT,TWO-WAY,15:00 - 15:59,,N/A,NON INTERSECTION,27.65103206,DAYLIGHT,YES,-97.19121206,SAME DIRECTION - BOTH GOING STRAIGHT-REAR END,NO MEDIAN,NOT APPLICABLE,5,NOT APPLICABLE,True,SLOWING/STOPPING-REASON NOT SPECIFIED,"250,000 POP AND OVER",NO,0636,0.428,US & STATE HIGHWAYS,"STRAIGHT, LEVEL",MINOR ARTERIAL,ON ROADWAY,"4 OR MORE LANES, UNDIVIDED",False,60,SH0361,DRY,MARKED LANES,CLEAR
21311517,15893,True,15893,2023,PORT ARANSAS,FAILED TO HEED WARNING SIGN OR TRAFFIC CONTROL DEVICE;FAILED TO YIELD RIGHT OF WAY - TURNING LEFT;UNSAFE SPEED;TURNED WHEN UNSAFE,226303,11.783,2026-02-26,0,2,0,0,N - NOT INJURED,0,1505,0,2026,THURSDAY,19.502,0,MOTOR VEHICLE IN TRANSPORT,BOULEVARD,15:00 - 15:59,,UNKNOWN,INTERSECTION,27.80631573,DAYLIGHT,YES,-97.08243647,OPPOSITE DIRECTION - ONE STRAIGHT-ONE LEFT TURN,CURBED,FOUR ENTERING ROADS,4,HIT TRAFFIC SIGNAL POLE OR POST,True,NOT APPLICABLE,"2,500 - 4,999 POP",NO,0624,-0.248,US & STATE HIGHWAYS,"STRAIGHT, LEVEL",MINOR ARTERIAL,ON ROADWAY,"4 OR MORE LANES, DIVIDED",True,45,SH0361,DRY,SIGNAL LIGHT,CLEAR
21306289,6181,False,6181,2023,PORT ARANSAS,FAILED TO CONTROL SPEED,226302,5.641,2026-03-02,0,3,0,0,N - NOT INJURED,0,1605,0,2026,MONDAY,16.078,0,MOTOR VEHICLE IN TRANSPORT,TWO-WAY,16:00 - 16:59,,N/A,NON INTERSECTION,27.84755855,DAYLIGHT,YES,-97.07409241,SAME DIRECTION - BOTH GOING STRAIGHT-REAR END,NO MEDIAN,NOT APPLICABLE,2,NOT APPLICABLE,True,SLOWING/STOPPING-FOR TRAFFIC,"2,500 - 4,999 POP",NO,0620,-0.189,US & STATE HIGHWAYS,"STRAIGHT, LEVEL",MINOR ARTERIAL,ON ROADWAY,"2 LANE, 2 WAY",True,40,SH0361,DRY,CENTER STRIPE/DIVIDER,CLEAR
21306533,12050,False,12050,2023,CORPUS CHRISTI,DRIVER INATTENTION,226303,15.574,2026-03-02,1,3,0,0,K - FATAL INJURY,0,1354,0,2026,MONDAY,23.293,1,PEDALCYCLIST,TWO-WAY,13:00 - 13:59,,N/A,NON INTERSECTION,27.76090361,DAYLIGHT,YES,-97.11728397,ONE MOTOR VEHICLE - GOING STRAIGHT,NO MEDIAN,NOT APPLICABLE,5,NOT APPLICABLE,True,ATTENTION DIVERTED FROM DRIVING,"250,000 POP AND OVER",NO,0628,-0.408,US & STATE HIGHWAYS,"STRAIGHT, LEVEL",MINOR ARTERIAL,ON ROADWAY,"4 OR MORE LANES, UNDIVIDED",False,60,SH0361,DRY,NONE,CLEAR
21329877,,False,,,ARANSAS PASS,FAILED TO CONTROL SPEED; FOLLOWED TOO CLOSELY,,,2026-03-08,0,3,0,0,N - NOT INJURED,0,1728,0,2026,SUNDAY,,0,MOTOR VEHICLE IN TRANSPORT,,17:00 - 17:59,,N/A,NON INTERSECTION,,DAYLIGHT,?0,,SAME DIRECTION - ONE STRAIGHT-ONE STOPPED,,NOT APPLICABLE,,NOT APPLICABLE,True,SLOWING/STOPPING-REASON NOT SPECIFIED,"5,000 - 9,999 POP",NO,,,US & STATE HIGHWAYS,"STRAIGHT, LEVEL",,ON ROADWAY,,False,55,SH0361,DRY,MARKED LANES,CLEAR
21319888,10439,True,10439,2023,CORPUS CHRISTI,FAILED TO YIELD RIGHT OF WAY - TURNING LEFT,226303,26.723,2026-03-11,0,3,0,0,N - NOT INJURED,0,1703,0,2026,WEDNESDAY,34.442,0,MOTOR VEHICLE IN TRANSPORT,TWO-WAY,17:00 - 17:59,,ZAHN RD,INTERSECTION,27.62201986,DAYLIGHT,YES,-97.21077788,ANGLE - BOTH GOING STRAIGHT,NO MEDIAN,THREE ENTERING ROADS - T,5,NOT APPLICABLE,True,NOT APPLICABLE,"250,000 POP AND OVER",NO,0638,0.76,US & STATE HIGHWAYS,"STRAIGHT, LEVEL",MINOR ARTERIAL,ON ROADWAY,"4 OR MORE LANES, UNDIVIDED",False,55,SH0361,DRY,MARKED LANES,CLEAR
21326750,15893,True,15893,2023,PORT ARANSAS,FATIGUED OR ASLEEP,226303,11.782,2026-03-13,0,3,0,0,N - NOT INJURED,0,1059,0,2026,FRIDAY,19.501,0,FIXED OBJECT,BOULEVARD,10:00 - 10:59,,N/A,NON INTERSECTION,27.80633127,DAYLIGHT,YES,-97.08242341,ONE MOTOR VEHICLE - GOING STRAIGHT,CURBED,THREE ENTERING ROADS - T,4,HIT OTHER FIXED OBJECT,True,ATTENTION DIVERTED FROM DRIVING,"2,500 - 4,999 POP",NO,0624,-0.249,US & STATE HIGHWAYS,"STRAIGHT, LEVEL",MINOR ARTERIAL,OFF ROADWAY,"4 OR MORE LANES, DIVIDED",True,45,SH0361,DRY,SIGNAL LIGHT,CLEAR
21325549,10439,False,10439,2023,CORPUS CHRISTI,FAILED TO CONTROL SPEED,226303,27.479,2026-03-14,0,3,0,0,N - NOT INJURED,0,1905,0,2026,SATURDAY,35.198,0,MOTOR VEHICLE IN TRANSPORT,TWO-WAY,19:00 - 19:59,,N/A,NON INTERSECTION,27.61788517,DAYLIGHT,YES,-97.22146329,SAME DIRECTION - BOTH GOING STRAIGHT-REAR END,NO MEDIAN,NOT APPLICABLE,5,NOT APPLICABLE,True,SLOWING/STOPPING-FOR TRAFFIC,"250,000 POP AND OVER",NO,0638,1.516,US & STATE HIGHWAYS,"STRAIGHT, GRADE",MINOR ARTERIAL,ON ROADWAY,"4 OR MORE LANES, UNDIVIDED",False,55,SH0361,DRY,MARKED LANES,CLEAR
21326814,,False,,,PORT ARANSAS,FAILED TO CONTROL SPEED; FAULTY EVASIVE ACTION,,,2026-03-14,0,3,0,0,N - NOT INJURED,0,2025,0,2026,SATURDAY,,0,MOTOR VEHICLE IN TRANSPORT,,20:00 - 20:59,,N/A,NON INTERSECTION,,"DARK, NOT LIGHTED",?0,,SAME DIRECTION - BOTH GOING STRAIGHT-REAR END,,NOT APPLICABLE,,NOT APPLICABLE,True,NOT APPLICABLE,"2,500 - 4,999 POP",NO,,,US & STATE HIGHWAYS,"STRAIGHT, LEVEL",,ON ROADWAY,,True,60,SH0361,DRY,MARKED LANES,CLEAR
21331405,10439,False,10439,2023,CORPUS CHRISTI,TURNED WHEN UNSAFE,226303,26.666,2026-03-14,0,3,0,0,N - NOT INJURED,0,1754,0,2026,SATURDAY,34.385,0,MOTOR VEHICLE IN TRANSPORT,TWO-WAY,17:00 - 17:59,,N/A,NON INTERSECTION,27.62271883,DAYLIGHT,YES,-97.2102899,OPPOSITE DIRECTION - ONE STRAIGHT-ONE LEFT TURN,NO MEDIAN,NOT APPLICABLE,5,NOT APPLICABLE,True,NOT APPLICABLE,"250,000 POP AND OVER",NO,0638,0.703,US & STATE HIGHWAYS,"CURVE, GRADE",MINOR ARTERIAL,ON ROADWAY,"4 OR MORE LANES, UNDIVIDED",False,55,SH0361,DRY,CENTER STRIPE/DIVIDER,CLEAR
21331990,9764,False,9764,2023,PORT ARANSAS,FAILED TO CONTROL SPEED,226302,7.204,2026-03-14,0,3,0,0,N - NOT INJURED,0,2208,0,2026,SATURDAY,17.656,0,MOTOR VEHICLE IN TRANSPORT,TWO-WAY,22:00 - 22:59,,N/A,NON INTERSECTION,27.82874654,"DARK, NOT LIGHTED",YES,-97.06781418,SAME DIRECTION - ONE STRAIGHT-ONE STOPPED,NO MEDIAN,NOT APPLICABLE,2,NOT APPLICABLE,True,SLOWING/STOPPING-FOR TRAFFIC,"2,500 - 4,999 POP",NO,0622,-0.072,CITY STREET,"STRAIGHT, LEVEL",MINOR ARTERIAL,ON ROADWAY,"2 LANE, 2 WAY",True,35,SH0361,DRY,CENTER STRIPE/DIVIDER,CLEAR
21334358,15893,False,15893,2023,PORT ARANSAS,DRIVER INATTENTION;HAD BEEN DRINKING;UNSAFE SPEED;OTHER (EXPLAIN IN NARRATIVE),226303,12.478,2026-03-14,1,3,0,0,K - FATAL INJURY,0,1920,0,2026,SATURDAY,20.197,1,MOTOR VEHICLE IN TRANSPORT,BOULEVARD,19:00 - 19:59,,N/A,NON INTERSECTION,27.79823554,DAYLIGHT,YES,-97.08923817,SAME DIRECTION - BOTH GOING STRAIGHT-REAR END,CURBED,NOT APPLICABLE,4,NOT APPLICABLE,True,ATTENTION DIVERTED FROM DRIVING,"2,500 - 4,999 POP",NO,0624,0.447,US & STATE HIGHWAYS,"STRAIGHT, LEVEL",MINOR ARTERIAL,ON ROADWAY,"4 OR MORE LANES, DIVIDED",True,45,SH0361,DRY,SIGNAL LIGHT,CLEAR
21353406,12050,False,12050,2023,CORPUS CHRISTI,FAILED TO CONTROL SPEED,226303,18.253,2026-03-14,0,3,0,0,N - NOT INJURED,0,1548,0,2026,SATURDAY,25.972,0,MOTOR VEHICLE IN TRANSPORT,TWO-WAY,15:00 - 15:59,,NOT REPORTED,NON INTERSECTION,27.7275263,DAYLIGHT,YES,-97.13977428,SAME DIRECTION - BOTH GOING STRAIGHT-REAR END,NO MEDIAN,NOT APPLICABLE,5,NOT APPLICABLE,True,NOT APPLICABLE,"250,000 POP AND OVER",NO,0630,0.24,US & STATE HIGHWAYS,"STRAIGHT, LEVEL",MINOR ARTERIAL,ON ROADWAY,"4 OR MORE LANES, UNDIVIDED",False,55,SH0361,DRY,CENTER STRIPE/DIVIDER,CLEAR
21331984,15893,True,15893,2023,PORT ARANSAS,FAILED TO YIELD RIGHT OF WAY - TURN ON RED,226303,11.782,2026-03-15,0,3,2,0,B - SUSPECTED MINOR INJURY,0,0114,2,2026,SUNDAY,19.501,0,MOTOR VEHICLE IN TRANSPORT,BOULEVARD,01:00 - 01:59,,BEACH ACCESS ROAD 1A,INTERSECTION,27.80633127,"DARK, LIGHTED",YES,-97.08242341,OPPOSITE DIRECTION - ONE STRAIGHT-ONE LEFT TURN,CURBED,OTHER (EXPLAIN IN NARRATIVE),4,NOT APPLICABLE,True,NOT APPLICABLE,"2,500 - 4,999 POP",NO,0624,-0.249,US & STATE HIGHWAYS,"STRAIGHT, LEVEL",MINOR ARTERIAL,ON ROADWAY,"4 OR MORE LANES, DIVIDED",True,45,SH0361,DRY,SIGNAL LIGHT,CLEAR
21336752,15893,True,15893,2023,PORT ARANSAS,FAILED TO YIELD RIGHT OF WAY - TURNING LEFT,226303,11.782,2026-03-15,0,3,3,0,B - SUSPECTED MINOR INJURY,0,0057,3,2026,SUNDAY,19.501,0,MOTOR VEHICLE IN TRANSPORT,BOULEVARD,00:00 - 00:59,,UNKNOWN,INTERSECTION,27.80633277,"DARK, NOT LIGHTED",YES,-97.08242214,OPPOSITE DIRECTION - ONE STRAIGHT-ONE LEFT TURN,CURBED,FOUR ENTERING ROADS,4,OVERTURNED,True,NOT APPLICABLE,"2,500 - 4,999 POP",NO,0624,-0.249,US & STATE HIGHWAYS,"STRAIGHT, LEVEL",MINOR ARTERIAL,ON ROADWAY,"4 OR MORE LANES, DIVIDED",True,45,SH0361,DRY,SIGNAL LIGHT,CLEAR
21339308,12050,False,12050,2023,OUTSIDE CITY LIMITS,DRIVER INATTENTION,226303,13.395,2026-03-15,0,3,0,0,N - NOT INJURED,0,0156,0,2026,SUNDAY,21.114,0,MOTOR VEHICLE IN TRANSPORT,TWO-WAY,01:00 - 01:59,,GULFWIND DR,INTERSECTION,27.78760335,"DARK, NOT LIGHTED",YES,-97.0982495,SAME DIRECTION - ONE STRAIGHT-ONE STOPPED,NO MEDIAN,NOT APPLICABLE,5,NOT APPLICABLE,True,SLOWING/STOPPING-FOR TRAFFIC,RURAL,NO,0626,-0.598,US & STATE HIGHWAYS,"STRAIGHT, LEVEL",MINOR ARTERIAL,ON ROADWAY,"4 OR MORE LANES, UNDIVIDED",True,60,SH0361,DRY,MARKED LANES,CLEAR
21334965,9764,True,9764,2023,PORT ARANSAS,DRIVER INATTENTION;OTHER (EXPLAIN IN NARRATIVE),226302,7.266,2026-03-16,0,3,0,0,N - NOT INJURED,0,2000,0,2026,MONDAY,17.718,0,MOTOR VEHICLE IN TRANSPORT,TWO-WAY,20:00 - 20:59,,S ALISTER ST,INTERSECTION,27.82817809,DAYLIGHT,YES,-97.06701784,ANGLE - BOTH GOING STRAIGHT,NO MEDIAN,FOUR ENTERING ROADS,2,NOT APPLICABLE,True,ATTENTION DIVERTED FROM DRIVING,"2,500 - 4,999 POP",NO,0622,-0.01,CITY STREET,"STRAIGHT, LEVEL",MINOR ARTERIAL,ON ROADWAY,"2 LANE, 2 WAY",True,30,SH0361,DRY,STOP SIGN,CLEAR
21332101,15893,False,15893,2023,PORT ARANSAS,FAILED TO CONTROL SPEED; FOLLOWED TOO CLOSELY,226303,11.814,2026-03-17,0,3,0,1,C - POSSIBLE INJURY,0,1804,1,2026,TUESDAY,19.533,0,MOTOR VEHICLE IN TRANSPORT,BOULEVARD,18:00 - 18:59,,N/A,NON INTERSECTION,27.8059588,DAYLIGHT,YES,-97.08273631,SAME DIRECTION - BOTH GOING STRAIGHT-REAR END,CURBED,NOT APPLICABLE,4,NOT APPLICABLE,True,SLOWING/STOPPING-FOR TRAFFIC,"2,500 - 4,999 POP",NO,0624,-0.217,US & STATE HIGHWAYS,"STRAIGHT, LEVEL",MINOR ARTERIAL,ON ROADWAY,"4 OR MORE LANES, DIVIDED",True,60,SH0361,DRY,CENTER STRIPE/DIVIDER,CLEAR
21347500,15893,False,15893,2023,PORT ARANSAS,CHANGED LANE WHEN UNSAFE; DISTRACTION IN VEHICLE; UNDER INFLUENCE - ALCOHOL,226303,11.782,2026-03-19,0,3,0,0,N - NOT INJURED,0,2158,0,2026,THURSDAY,19.501,0,MOTOR VEHICLE IN TRANSPORT,BOULEVARD,21:00 - 21:59,,N/A,NON INTERSECTION,27.80641421,"DARK, LIGHTED",YES,-97.08251209,SAME DIRECTION - BOTH GOING STRAIGHT-SIDESWIPE,CURBED,NOT APPLICABLE,4,NOT APPLICABLE,True,VEHICLE CHANGING LANES,"2,500 - 4,999 POP",NO,0624,-0.249,US & STATE HIGHWAYS,"STRAIGHT, LEVEL",MINOR ARTERIAL,ON ROADWAY,"4 OR MORE LANES, DIVIDED",True,55,SH0361,DRY,NONE,CLEAR
21339314,15893,False,15893,2023,PORT ARANSAS,CHANGED LANE WHEN UNSAFE,226303,10.625,2026-03-23,0,3,0,0,N - NOT INJURED,0,1437,0,2026,MONDAY,18.344,0,MOTOR VEHICLE IN TRANSPORT,TWO-WAY,14:00 - 14:59,,N/A,NON INTERSECTION,27.82064713,DAYLIGHT,YES,-97.07267642,SAME DIRECTION - BOTH GOING STRAIGHT-SIDESWIPE,NO MEDIAN,NOT APPLICABLE,2,NOT APPLICABLE,True,VEHICLE CHANGING LANES,"2,500 - 4,999 POP",NO,0622,0.616,US & STATE HIGHWAYS,"STRAIGHT, LEVEL",MINOR ARTERIAL,ON ROADWAY,"2 LANE, 2 WAY",True,45,SH0361,DRY,MARKED LANES,CLEAR
21346441,5888,False,5888,2023,PORT ARANSAS,DRIVER INATTENTION,226302,6.824,2026-03-26,0,3,0,0,N - NOT INJURED,0,1009,0,2026,THURSDAY,17.276,0,MOTOR VEHICLE IN TRANSPORT,TWO-WAY,10:00 - 10:59,,CHANNEL VISTA DR,INTERSECTION RELATED,27.83280311,DAYLIGHT,YES,-97.07124501,ANGLE - ONE LEFT TURN-ONE STOPPED,NO MEDIAN,NOT APPLICABLE,2,NOT APPLICABLE,True,SLOWING/STOPPING-REASON NOT SPECIFIED,"2,500 - 4,999 POP",NO,0622,-0.452,CITY STREET,"CURVE, LEVEL",MINOR ARTERIAL,ON ROADWAY,"2 LANE, 2 WAY",True,35,SH0361,DRY,STOP SIGN,CLEAR
21347334,14248,False,14248,2023,PORT ARANSAS,DRIVER INATTENTION; TURNED WHEN UNSAFE,226303,10.098,2026-03-27,0,3,0,0,N - NOT INJURED,0,1627,0,2026,FRIDAY,17.817,0,MOTOR VEHICLE IN TRANSPORT,TWO-WAY,16:00 - 16:59,,N/A,NON INTERSECTION,27.82706068,DAYLIGHT,YES,-97.06800443,SAME DIRECTION - ONE STRAIGHT-ONE LEFT TURN,NO MEDIAN,NOT APPLICABLE,2,OVERTURNED,True,ATTENTION DIVERTED FROM DRIVING,"2,500 - 4,999 POP",NO,0622,0.089,US & STATE HIGHWAYS,"STRAIGHT, LEVEL",MINOR ARTERIAL,ON ROADWAY,"2 LANE, 2 WAY",True,35,SH0361,DRY,MARKED LANES,CLEAR
21348820,10439,True,10439,2023,CORPUS CHRISTI,FAILED TO CONTROL SPEED,226303,19.998,2026-03-29,0,3,1,0,B - SUSPECTED MINOR INJURY,0,0916,1,2026,SUNDAY,27.717,0,FIXED OBJECT,TWO-WAY,09:00 - 09:59,,BEACH ACCESS ROAD 2,INTERSECTION RELATED,27.70581036,DAYLIGHT,YES,-97.1544104,ONE MOTOR VEHICLE - TURNING RIGHT,NO MEDIAN,THREE ENTERING ROADS - T,5,HIT HIGHWAY SIGN,True,NOT APPLICABLE,"250,000 POP AND OVER",NO,0632,0.034,US & STATE HIGHWAYS,"STRAIGHT, LEVEL",MINOR ARTERIAL,OFF ROADWAY,"4 OR MORE LANES, UNDIVIDED",False,65,SH0361,DRY,CENTER STRIPE/DIVIDER,CLEAR
21364718,14248,False,14248,2023,PORT ARANSAS,HAD BEEN DRINKING,226303,10.055,2026-04-03,0,4,1,0,B - SUSPECTED MINOR INJURY,0,1728,1,2026,FRIDAY,17.774,0,MOTOR VEHICLE IN TRANSPORT,TWO-WAY,17:00 - 17:59,,N/A,NON INTERSECTION,27.8275549,DAYLIGHT,YES,-97.06756189,SAME DIRECTION - ONE STRAIGHT-ONE STOPPED,NO MEDIAN,NOT APPLICABLE,2,NOT APPLICABLE,True,VEHICLE CHANGING LANES,"2,500 - 4,999 POP",NO,0622,0.046,US & STATE HIGHWAYS,"STRAIGHT, LEVEL",MINOR ARTERIAL,ON ROADWAY,"2 LANE, 2 WAY",True,35,SH0361,DRY,SIGNAL LIGHT,CLEAR
21364730,15893,True,15893,2023,PORT ARANSAS,TURNED IMPROPERLY - WIDE RIGHT,226303,11.782,2026-04-04,0,4,1,0,B - SUSPECTED MINOR INJURY,0,1156,1,2026,SATURDAY,19.501,0,FIXED OBJECT,BOULEVARD,11:00 - 11:59,,ACCESS ROAD 1 A,INTERSECTION RELATED,27.80633127,DAYLIGHT,YES,-97.08242341,ONE MOTOR VEHICLE - TURNING RIGHT,CURBED,OTHER (EXPLAIN IN NARRATIVE),4,HIT CURB,True,NOT APPLICABLE,"2,500 - 4,999 POP",NO,0624,-0.249,US & STATE HIGHWAYS,"STRAIGHT, LEVEL",MINOR ARTERIAL,OFF ROADWAY,"4 OR MORE LANES, DIVIDED",True,60,SH0361,DRY,STOP SIGN,CLEAR
21381668,6181,False,6181,2023,ARANSAS PASS,DRIVER INATTENTION; FAILED TO CONTROL SPEED,226302,4.85,2026-04-16,0,4,1,0,A - SUSPECTED SERIOUS INJURY,1,1522,2,2026,THURSDAY,15.287,0,MOTOR VEHICLE IN TRANSPORT,TWO-WAY,15:00 - 15:59,,N/A,NON INTERSECTION,27.85733126,DAYLIGHT,YES,-97.08060793,SAME DIRECTION - ONE STRAIGHT-ONE STOPPED,NO MEDIAN,NOT APPLICABLE,2,NOT APPLICABLE,True,SLOWING/STOPPING-FOR TRAFFIC,"5,000 - 9,999 POP",NO,0618,0.908,US & STATE HIGHWAYS,"STRAIGHT, LEVEL",MINOR ARTERIAL,ON ROADWAY,"2 LANE, 2 WAY",False,55,SH0361,DRY,NONE,CLEAR
21387184,15893,True,15893,2023,PORT ARANSAS,DRIVER INATTENTION;FAILED TO STOP AT PROPER PLACE;OTHER (EXPLAIN IN NARRATIVE),226303,12.038,2026-04-17,0,4,0,0,A - SUSPECTED SERIOUS INJURY,1,1329,1,2026,FRIDAY,19.757,0,MOTOR VEHICLE IN TRANSPORT,BOULEVARD,13:00 - 13:59,,PALMILLA WAY,INTERSECTION,27.80334784,DAYLIGHT,YES,-97.08493821,ANGLE - BOTH GOING STRAIGHT,CURBED,THREE ENTERING ROADS - T,4,NOT APPLICABLE,True,NOT APPLICABLE,"2,500 - 4,999 POP",NO,0624,0.007,US & STATE HIGHWAYS,"STRAIGHT, LEVEL",MINOR ARTERIAL,ON ROADWAY,"4 OR MORE LANES, DIVIDED",True,55,SH0361,DRY,OTHER (EXPLAIN IN NARRATIVE),CLOUDY
21387741,10439,False,10439,2023,CORPUS CHRISTI,FAILED TO CONTROL SPEED,226303,27.479,2026-04-17,0,4,0,0,N - NOT INJURED,0,1510,0,2026,FRIDAY,35.198,0,MOTOR VEHICLE IN TRANSPORT,TWO-WAY,15:00 - 15:59,,N/A,NON INTERSECTION,27.61788517,DAYLIGHT,YES,-97.22146329,SAME DIRECTION - BOTH GOING STRAIGHT-SIDESWIPE,NO MEDIAN,NOT APPLICABLE,5,NOT APPLICABLE,True,VEHICLE CHANGING LANES,"250,000 POP AND OVER",NO,0638,1.516,US & STATE HIGHWAYS,"STRAIGHT, LEVEL",MINOR ARTERIAL,ON ROADWAY,"4 OR MORE LANES, UNDIVIDED",False,55,SH0361,DRY,MARKED LANES,CLEAR
21417689,,False,,,PORT ARANSAS,DRIVER INATTENTION,,,2026-05-06,0,5,1,0,B - SUSPECTED MINOR INJURY,0,1255,1,2026,WEDNESDAY,,0,MOTOR VEHICLE IN TRANSPORT,,12:00 - 12:59,,N/A,NON INTERSECTION,,DAYLIGHT,?0,,SAME DIRECTION - BOTH GOING STRAIGHT-REAR END,,NOT APPLICABLE,,NOT APPLICABLE,True,ATTENTION DIVERTED FROM DRIVING,"2,500 - 4,999 POP",NO,,,US & STATE HIGHWAYS,"STRAIGHT, LEVEL",,ON ROADWAY,,True,60,SH0361,DRY,NONE,CLOUDY
21422449,12050,False,12050,2023,CORPUS CHRISTI,DRIVER INATTENTION; FAILED TO CONTROL SPEED,226303,14.805,2026-05-09,0,5,1,0,B - SUSPECTED MINOR INJURY,0,0619,1,2026,SATURDAY,22.524,0,PARKED CAR,TWO-WAY,06:00 - 06:59,,N/A,NON INTERSECTION,27.77048013,"DARK, NOT LIGHTED",YES,-97.11081289,ONE MOTOR VEHICLE - GOING STRAIGHT,NO MEDIAN,NOT APPLICABLE,5,NOT APPLICABLE,True,ATTENTION DIVERTED FROM DRIVING,"250,000 POP AND OVER",NO,0626,0.812,US & STATE HIGHWAYS,"STRAIGHT, LEVEL",MINOR ARTERIAL,SHOULDER,"4 OR MORE LANES, UNDIVIDED",False,60,SH0361,WET,MARKED LANES,RAIN
21432203,15893,True,15893,2023,PORT ARANSAS,FAILED TO YIELD RIGHT OF WAY - TURNING LEFT;OTHER (EXPLAIN IN NARRATIVE),226303,11.782,2026-05-11,0,5,1,0,B - SUSPECTED MINOR INJURY,0,1243,1,2026,MONDAY,19.501,0,MOTOR VEHICLE IN TRANSPORT,BOULEVARD,12:00 - 12:59,,ACCESS ROAD 1 A,INTERSECTION,27.80633127,DAYLIGHT,YES,-97.08242341,OPPOSITE DIRECTION - ONE STRAIGHT-ONE LEFT TURN,CURBED,FOUR ENTERING ROADS,4,NOT APPLICABLE,True,NOT APPLICABLE,"2,500 - 4,999 POP",NO,0624,-0.249,US & STATE HIGHWAYS,"STRAIGHT, LEVEL",MINOR ARTERIAL,ON ROADWAY,"4 OR MORE LANES, DIVIDED",True,45,SH0361,DRY,SIGNAL LIGHT,CLEAR
21437896,12050,False,12050,2023,CORPUS CHRISTI,FAILED TO CONTROL SPEED,226303,17.572,2026-05-14,0,5,0,0,N - NOT INJURED,0,0920,0,2026,THURSDAY,25.291,0,MOTOR VEHICLE IN TRANSPORT,TWO-WAY,09:00 - 09:59,,N/A,DRIVEWAY ACCESS,27.73602062,DAYLIGHT,YES,-97.13404404,SAME DIRECTION - BOTH GOING STRAIGHT-REAR END,NO MEDIAN,NOT APPLICABLE,5,NOT APPLICABLE,True,ONE VEHICLE ENTERING DRIVEWAY,"250,000 POP AND OVER",NO,0630,-0.441,US & STATE HIGHWAYS,"STRAIGHT, LEVEL",MINOR ARTERIAL,ON ROADWAY,"4 OR MORE LANES, UNDIVIDED",False,60,SH0361,DRY,MARKED LANES,CLEAR
21438120,9764,False,9764,2023,PORT ARANSAS,DRIVER INATTENTION;FAILED TO YIELD RIGHT OF WAY - PRIVATE DRIVE;OTHER (EXPLAIN IN NARRATIVE),226302,7.162,2026-05-16,0,5,1,0,B - SUSPECTED MINOR INJURY,0,1136,1,2026,SATURDAY,17.614,0,MOTOR VEHICLE IN TRANSPORT,TWO-WAY,11:00 - 11:59,,N/A,DRIVEWAY ACCESS,27.82912733,DAYLIGHT,YES,-97.06834763,ANGLE - ONE STRAIGHT-ONE LEFT TURN,NO MEDIAN,NOT APPLICABLE,2,OVERTURNED,True,ONE VEHICLE LEAVING DRIVEWAY,"2,500 - 4,999 POP",NO,0622,-0.114,CITY STREET,"STRAIGHT, LEVEL",MINOR ARTERIAL,ON ROADWAY,"2 LANE, 2 WAY",True,30,SH0361,DRY,NONE,CLEAR
21437929,10439,False,10439,2023,CORPUS CHRISTI,TURNED WHEN UNSAFE,226303,26.704,2026-05-18,0,5,0,0,N - NOT INJURED,0,1628,0,2026,MONDAY,34.423,0,MOTOR VEHICLE IN TRANSPORT,TWO-WAY,16:00 - 16:59,,N/A,NON INTERSECTION,27.62225285,DAYLIGHT,YES,-97.21061522,SAME DIRECTION - ONE STRAIGHT-ONE LEFT TURN,NO MEDIAN,NOT APPLICABLE,5,NOT APPLICABLE,True,NOT APPLICABLE,"250,000 POP AND OVER",NO,0638,0.741,US & STATE HIGHWAYS,"STRAIGHT, GRADE",MINOR ARTERIAL,ON ROADWAY,"4 OR MORE LANES, UNDIVIDED",False,55,SH0361,DRY,CENTER STRIPE/DIVIDER,CLEAR
21448236,10439,False,10439,2023,CORPUS CHRISTI,FAILED TO DRIVE IN SINGLE LANE,226303,24.735,2026-05-24,0,5,0,0,N - NOT INJURED,0,1322,0,2026,SUNDAY,32.454,0,FIXED OBJECT,TWO-WAY,13:00 - 13:59,,N/A,NON INTERSECTION,27.64675502,DAYLIGHT,YES,-97.19406779,ONE MOTOR VEHICLE - GOING STRAIGHT,NO MEDIAN,NOT APPLICABLE,5,HIT GUARDRAIL,True,NOT APPLICABLE,"250,000 POP AND OVER",NO,0636,0.771,US & STATE HIGHWAYS,"STRAIGHT, LEVEL",MINOR ARTERIAL,OFF ROADWAY,"4 OR MORE LANES, UNDIVIDED",False,65,SH0361,WET,MARKED LANES,CLEAR
21450499,10439,False,10439,2023,CORPUS CHRISTI,OVERTAKE AND PASS INSUFFICIENT CLEARANCE,226303,27.403,2026-05-25,0,5,0,0,N - NOT INJURED,0,1130,0,2026,MONDAY,35.122,0,MOTOR VEHICLE IN TRANSPORT,TWO-WAY,11:00 - 11:59,,N/A,NON INTERSECTION,27.61786761,DAYLIGHT,YES,-97.22022566,SAME DIRECTION - BOTH GOING STRAIGHT-SIDESWIPE,NO MEDIAN,NOT APPLICABLE,5,NOT APPLICABLE,True,VEHICLE PASSING OR ATTEMPTING TO PASS ON RIGHT,"250,000 POP AND OVER",NO,0638,1.44,US & STATE HIGHWAYS,"STRAIGHT, LEVEL",MINOR ARTERIAL,ON ROADWAY,"4 OR MORE LANES, UNDIVIDED",False,55,SH0361,DRY,MARKED LANES,CLEAR
21461353,12050,True,12050,2023,CORPUS CHRISTI,FAILED TO YIELD RIGHT OF WAY - STOP SIGN,226303,19.216,2026-05-31,0,5,2,0,A - SUSPECTED SERIOUS INJURY,2,1043,4,2026,SUNDAY,26.935,0,MOTOR VEHICLE IN TRANSPORT,TWO-WAY,10:00 - 10:59,,SEA WAY DR,INTERSECTION,27.71554329,DAYLIGHT,YES,-97.14784458,ANGLE - ONE STRAIGHT-ONE LEFT TURN,NO MEDIAN,THREE ENTERING ROADS - T,5,NOT APPLICABLE,True,NOT APPLICABLE,"250,000 POP AND OVER",NO,0632,-0.748,US & STATE HIGHWAYS,"STRAIGHT, LEVEL",MINOR ARTERIAL,ON ROADWAY,"4 OR MORE LANES, UNDIVIDED",False,65,SH0361,DRY,STOP SIGN,CLEAR
21466597,12050,True,12050,2023,CORPUS CHRISTI,DRIVER INATTENTION;FAILED TO YIELD RIGHT OF WAY - STOP SIGN,226303,14.465,2026-06-01,0,6,1,1,B - SUSPECTED MINOR INJURY,0,1628,2,2026,MONDAY,22.184,0,MOTOR VEHICLE IN TRANSPORT,TWO-WAY,16:00 - 16:59,,N/A,DRIVEWAY ACCESS,27.77471043,DAYLIGHT,YES,-97.10795438,ANGLE - BOTH GOING STRAIGHT,NO MEDIAN,THREE ENTERING ROADS - T,5,NOT APPLICABLE,True,ONE VEHICLE LEAVING DRIVEWAY,"250,000 POP AND OVER",NO,0626,0.472,US & STATE HIGHWAYS,"STRAIGHT, LEVEL",MINOR ARTERIAL,ON ROADWAY,"4 OR MORE LANES, UNDIVIDED",False,60,SH0361,DRY,STOP SIGN,CLEAR
21471827,,False,,,PORT ARANSAS,DRIVER INATTENTION,,,2026-06-03,0,6,0,0,N - NOT INJURED,0,1446,0,2026,WEDNESDAY,,0,MOTOR VEHICLE IN TRANSPORT,,14:00 - 14:59,,N/A,NON INTERSECTION,,DAYLIGHT,?0,,SAME DIRECTION - ONE STRAIGHT-ONE STOPPED,,NOT APPLICABLE,,NOT APPLICABLE,True,ATTENTION DIVERTED FROM DRIVING,"2,500 - 4,999 POP",NO,,,US & STATE HIGHWAYS,"STRAIGHT, LEVEL",,ON ROADWAY,,True,35,SH0361,DRY,NONE,CLOUDY
21470052,10439,False,10439,2023,CORPUS CHRISTI,OTHER (EXPLAIN IN NARRATIVE),226303,25.72,2026-06-04,0,6,3,0,B - SUSPECTED MINOR INJURY,0,1500,3,2026,THURSDAY,33.439,0,MOTOR VEHICLE IN TRANSPORT,TWO-WAY,15:00 - 15:59,,N/A,NON INTERSECTION,27.63449183,DAYLIGHT,YES,-97.20233006,OPPOSITE DIRECTION - BOTH GOING STRAIGHT,NO MEDIAN,NOT APPLICABLE,5,NOT APPLICABLE,True,NOT APPLICABLE,"250,000 POP AND OVER",NO,0638,-0.243,US & STATE HIGHWAYS,"STRAIGHT, LEVEL",MINOR ARTERIAL,ON ROADWAY,"4 OR MORE LANES, UNDIVIDED",False,60,SH0361,DRY,CENTER STRIPE/DIVIDER,CLEAR
21477982,5888,True,5888,2023,PORT ARANSAS,DRIVER INATTENTION;OTHER (EXPLAIN IN NARRATIVE),226302,6.526,2026-06-06,0,6,1,0,B - SUSPECTED MINOR INJURY,0,0415,1,2026,SATURDAY,16.978,0,MOTOR VEHICLE IN TRANSPORT,TWO-WAY,04:00 - 04:59,,W AVENUE A,INTERSECTION RELATED,27.8366335,"DARK, LIGHTED",YES,-97.06920077,SAME DIRECTION - ONE STRAIGHT-ONE STOPPED,NO MEDIAN,FOUR ENTERING ROADS,2,NOT APPLICABLE,True,"SLOWING/STOPPING - FOR OFFICER, FLAGMAN, OR TRAFFIC CONTROL","2,500 - 4,999 POP",NO,0620,0.711,CITY STREET,"STRAIGHT, LEVEL",MINOR ARTERIAL,ON ROADWAY,"2 LANE, 2 WAY",True,35,SH0361,DRY,NONE,CLOUDY
21483825,15893,False,15893,2023,PORT ARANSAS,DISTRACTION IN VEHICLE;OTHER (EXPLAIN IN NARRATIVE),226303,11.706,2026-06-06,0,6,1,0,B - SUSPECTED MINOR INJURY,0,2101,1,2026,SATURDAY,19.425,0,MOTOR VEHICLE IN TRANSPORT,BOULEVARD,21:00 - 21:59,,N/A,NON INTERSECTION,27.80727536,"DARK, NOT LIGHTED",YES,-97.08175052,SAME DIRECTION - BOTH GOING STRAIGHT-SIDESWIPE,CURBED,NOT APPLICABLE,4,NOT APPLICABLE,True,VEHICLE CHANGING LANES,"2,500 - 4,999 POP",NO,0624,-0.325,US & STATE HIGHWAYS,"STRAIGHT, LEVEL",MINOR ARTERIAL,ON ROADWAY,"4 OR MORE LANES, DIVIDED",True,55,SH0361,DRY,MARKED LANES,CLEAR
21480152,9764,True,9764,2023,PORT ARANSAS,DRIVER INATTENTION;OTHER (EXPLAIN IN NARRATIVE),226302,7.266,2026-06-10,0,6,0,0,N - NOT INJURED,0,1315,0,2026,WEDNESDAY,17.718,0,MOTOR VEHICLE IN TRANSPORT,TWO-WAY,13:00 - 13:59,,UNKNOWN,INTERSECTION RELATED,27.82817809,DAYLIGHT,YES,-97.06701784,SAME DIRECTION - ONE STRAIGHT-ONE RIGHT TURN,NO MEDIAN,FOUR ENTERING ROADS,2,NOT APPLICABLE,True,NOT APPLICABLE,"2,500 - 4,999 POP",NO,0622,-0.01,CITY STREET,"STRAIGHT, LEVEL",MINOR ARTERIAL,ON ROADWAY,"2 LANE, 2 WAY",True,30,SH0361,DRY,SIGNAL LIGHT,CLEAR
21478409,,False,,,PORT ARANSAS,FATIGUED OR ASLEEP,,,2026-06-11,0,6,0,0,N - NOT INJURED,0,1750,0,2026,THURSDAY,,0,MOTOR VEHICLE IN TRANSPORT,,17:00 - 17:59,,N/A,NON INTERSECTION,,DAYLIGHT,?0,,SAME DIRECTION - ONE STRAIGHT-ONE STOPPED,,NOT APPLICABLE,,NOT APPLICABLE,True,SLOWING/STOPPING-FOR TRAFFIC,"2,500 - 4,999 POP",NO,,,US & STATE HIGHWAYS,"STRAIGHT, LEVEL",,ON ROADWAY,,True,50,SH0361,DRY,NONE,CLEAR
21488790,9764,True,9764,2023,PORT ARANSAS,OTHER (EXPLAIN IN NARRATIVE),226302,6.98,2026-06-13,0,6,1,0,B - SUSPECTED MINOR INJURY,0,2144,1,2026,SATURDAY,17.432,0,OTHER NON COLLISION,TWO-WAY,21:00 - 21:59,,UNKNOWN,INTERSECTION RELATED,27.83080262,"DARK, LIGHTED",YES,-97.07065209,ONE MOTOR VEHICLE - TURNING LEFT,NO MEDIAN,THREE ENTERING ROADS - T,2,PERSON FELL OR JUMPED FROM VEHICLE,True,NOT APPLICABLE,"2,500 - 4,999 POP",NO,0622,-0.296,CITY STREET,"STRAIGHT, LEVEL",MINOR ARTERIAL,ON ROADWAY,"2 LANE, 2 WAY",True,30,SH0361,DRY,MARKED LANES,CLEAR
21484692,,False,,,CORPUS CHRISTI,FAILED TO DRIVE IN SINGLE LANE; FOLLOWED TOO CLOSELY,,,2026-06-14,0,6,1,0,B - SUSPECTED MINOR INJURY,0,1330,1,2026,SUNDAY,,0,MOTOR VEHICLE IN TRANSPORT,,13:00 - 13:59,,N/A,NON INTERSECTION,,DAYLIGHT,?0,,SAME DIRECTION - BOTH GOING STRAIGHT-SIDESWIPE,,NOT APPLICABLE,,NOT APPLICABLE,True,SLOWING/STOPPING-FOR TRAFFIC,"250,000 POP AND OVER",NO,,,US & STATE HIGHWAYS,"STRAIGHT, LEVEL",,ON ROADWAY,,False,60,SH0361,WET,CENTER STRIPE/DIVIDER,RAIN
21493488,15893,False,15893,2023,PORT ARANSAS,CHANGED LANE WHEN UNSAFE;DRIVER INATTENTION;FAILED TO CONTROL SPEED;FAILED TO PASS TO LEFT SAFELY;FOLLOWED TOO CLOSELY;OTHER (EXPLAIN IN NARRATIVE),226303,10.895,2026-06-17,0,6,0,0,N - NOT INJURED,0,1512,0,2026,WEDNESDAY,18.614,0,MOTOR VEHICLE IN TRANSPORT,TWO-WAY,15:00 - 15:59,,N/A,NON INTERSECTION,27.81716044,DAYLIGHT,YES,-97.0746685,SAME DIRECTION - BOTH GOING STRAIGHT-SIDESWIPE,NO MEDIAN,NOT APPLICABLE,2,NOT APPLICABLE,True,VEHICLE CHANGING LANES,"2,500 - 4,999 POP",NO,0622,0.886,US & STATE HIGHWAYS,"STRAIGHT, LEVEL",MINOR ARTERIAL,ON ROADWAY,"2 LANE, 2 WAY",True,45,SH0361,DRY,NONE,CLEAR
21493445,9764,True,9764,2023,PORT ARANSAS,FAILED TO CONTROL SPEED,226302,7.266,2026-06-20,0,6,0,0,N - NOT INJURED,0,2104,0,2026,SATURDAY,17.718,0,MOTOR VEHICLE IN TRANSPORT,TWO-WAY,21:00 - 21:59,,UNKNOWN,INTERSECTION RELATED,27.82817818,"DARK, LIGHTED",YES,-97.06701798,SAME DIRECTION - ONE STRAIGHT-ONE STOPPED,NO MEDIAN,FOUR ENTERING ROADS,2,NOT APPLICABLE,True,"SLOWING/STOPPING - FOR OFFICER, FLAGMAN, OR TRAFFIC CONTROL","2,500 - 4,999 POP",NO,0622,-0.01,US & STATE HIGHWAYS,"STRAIGHT, LEVEL",MINOR ARTERIAL,ON ROADWAY,"2 LANE, 2 WAY",True,35,SH0361,DRY,SIGNAL LIGHT,CLOUDY
21507913,12050,False,12050,2023,CORPUS CHRISTI,FAILED TO DRIVE IN SINGLE LANE,226303,19.132,2026-06-20,0,6,0,0,N - NOT INJURED,0,1527,0,2026,SATURDAY,26.851,0,FIXED OBJECT,TWO-WAY,15:00 - 15:59,,N/A,NON INTERSECTION,27.71658217,DAYLIGHT,YES,-97.1471439,ONE MOTOR VEHICLE - GOING STRAIGHT,NO MEDIAN,NOT APPLICABLE,5,DITCH,True,NOT APPLICABLE,"250,000 POP AND OVER",NO,0632,-0.832,US & STATE HIGHWAYS,"STRAIGHT, LEVEL",MINOR ARTERIAL,OFF ROADWAY,"4 OR MORE LANES, UNDIVIDED",False,60,SH0361,WET,CENTER STRIPE/DIVIDER,CLOUDY
21495813,15893,False,15893,2023,PORT ARANSAS,DRIVER INATTENTION; FAILED TO CONTROL SPEED,226303,11.82,2026-06-22,0,6,0,1,C - POSSIBLE INJURY,0,0126,1,2026,MONDAY,19.539,0,MOTOR VEHICLE IN TRANSPORT,BOULEVARD,01:00 - 01:59,,N/A,NON INTERSECTION,27.80597303,"DARK, NOT LIGHTED",YES,-97.08288717,SAME DIRECTION - BOTH GOING STRAIGHT-REAR END,CURBED,NOT APPLICABLE,4,NOT APPLICABLE,True,NOT APPLICABLE,"2,500 - 4,999 POP",NO,0624,-0.211,US & STATE HIGHWAYS,"STRAIGHT, LEVEL",MINOR ARTERIAL,ON ROADWAY,"4 OR MORE LANES, DIVIDED",True,55,SH0361,DRY,MARKED LANES,CLEAR
21506405,15893,False,15893,2023,PORT ARANSAS,DRIVER INATTENTION,226303,12.285,2026-06-22,0,6,0,1,C - POSSIBLE INJURY,0,0139,1,2026,MONDAY,20.004,0,FIXED OBJECT,BOULEVARD,01:00 - 01:59,,N/A,NON INTERSECTION,27.80055185,"DARK, NOT LIGHTED",YES,-97.08745777,ONE MOTOR VEHICLE - GOING STRAIGHT,CURBED,NOT APPLICABLE,4,HIT OTHER FIXED OBJECT,True,ATTENTION DIVERTED FROM DRIVING,"2,500 - 4,999 POP",NO,0624,0.254,US & STATE HIGHWAYS,"STRAIGHT, LEVEL",MINOR ARTERIAL,OFF ROADWAY,"4 OR MORE LANES, DIVIDED",True,55,SH0361,DRY,STOP SIGN,CLOUDY
21503082,6181,False,6181,2023,ARANSAS PASS,CHANGED LANE WHEN UNSAFE;FAULTY EVASIVE ACTION;OTHER (EXPLAIN IN NARRATIVE),226302,1.803,2026-06-24,0,6,0,0,N - NOT INJURED,0,1442,0,2026,WEDNESDAY,12.24,0,MOTOR VEHICLE IN TRANSPORT,TWO-WAY,14:00 - 14:59,,N/A,NON INTERSECTION,27.89032987,DAYLIGHT,YES,-97.11249646,SAME DIRECTION - BOTH GOING STRAIGHT-SIDESWIPE,NO MEDIAN,NOT APPLICABLE,2,NOT APPLICABLE,True,VEHICLE PASSING OR ATTEMPTING TO PASS ON LEFT,"5,000 - 9,999 POP",NO,0616,-0.068,US & STATE HIGHWAYS,"STRAIGHT, LEVEL",MINOR ARTERIAL,ON ROADWAY,"2 LANE, 2 WAY",False,55,SH0361,DRY,MARKED LANES,CLEAR
21503663,9764,False,9764,2023,PORT ARANSAS,CHANGED LANE WHEN UNSAFE;FAILED TO YIELD RIGHT OF WAY - TURNING LEFT,226302,7.266,2026-06-26,0,6,0,0,N - NOT INJURED,0,1736,0,2026,FRIDAY,17.718,0,MOTOR VEHICLE IN TRANSPORT,TWO-WAY,17:00 - 17:59,,N/A,DRIVEWAY ACCESS,27.82817809,DAYLIGHT,YES,-97.06701784,ANGLE - ONE STRAIGHT-ONE LEFT TURN,NO MEDIAN,NOT APPLICABLE,2,NOT APPLICABLE,True,ONE VEHICLE LEAVING DRIVEWAY,"2,500 - 4,999 POP",NO,0622,-0.01,CITY STREET,"STRAIGHT, LEVEL",MINOR ARTERIAL,ON ROADWAY,"2 LANE, 2 WAY",True,30,SH0361,DRY,NONE,CLEAR
21503667,12050,False,12050,2023,OUTSIDE CITY LIMITS,PASSED IN NO PASSING LANE,226303,13.974,2026-06-26,0,6,1,0,A - SUSPECTED SERIOUS INJURY,1,0830,2,2026,FRIDAY,21.693,0,MOTOR VEHICLE IN TRANSPORT,TWO-WAY,08:00 - 08:59,,NOT REPORTED,NON INTERSECTION,27.78081468,DAYLIGHT,YES,-97.10382267,OPPOSITE DIRECTION - BOTH GOING STRAIGHT,NO MEDIAN,NOT APPLICABLE,5,NOT APPLICABLE,True,NOT APPLICABLE,RURAL,NO,0626,-100.0,US & STATE HIGHWAYS,"STRAIGHT, LEVEL",MINOR ARTERIAL,ON ROADWAY,"4 OR MORE LANES, UNDIVIDED",True,60,SH0361,DRY,NONE,CLEAR
21505399,15893,False,15893,2023,PORT ARANSAS,FAILED TO CONTROL SPEED,226303,11.763,2026-06-27,0,6,0,0,N - NOT INJURED,0,2242,0,2026,SATURDAY,19.482,0,MOTOR VEHICLE IN TRANSPORT,BOULEVARD,22:00 - 22:59,,N/A,NON INTERSECTION,27.80662788,"DARK, LIGHTED",YES,-97.08232313,SAME DIRECTION - BOTH GOING STRAIGHT-REAR END,CURBED,NOT APPLICABLE,4,NOT APPLICABLE,True,NOT APPLICABLE,"2,500 - 4,999 POP",NO,0624,-0.268,US & STATE HIGHWAYS,"STRAIGHT, LEVEL",MINOR ARTERIAL,ON ROADWAY,"4 OR MORE LANES, DIVIDED",True,55,SH0361,DRY,NONE,CLEAR
21537787,10439,False,10439,2023,CORPUS CHRISTI,CHANGED LANE WHEN UNSAFE,226303,22.73,2026-06-27,0,6,0,0,99 - UNKNOWN,0,2306,0,2026,SATURDAY,30.449,0,PARKED CAR,TWO-WAY,23:00 - 23:59,,N/A,NON INTERSECTION,27.67174955,"DARK, NOT LIGHTED",YES,-97.17728276,ONE MOTOR VEHICLE - GOING STRAIGHT,NO MEDIAN,NOT APPLICABLE,5,NOT APPLICABLE,True,VEHICLE CHANGING LANES,"250,000 POP AND OVER",NO,0634,0.766,CITY STREET,"STRAIGHT, LEVEL",MINOR ARTERIAL,OFF ROADWAY,"4 OR MORE LANES, UNDIVIDED",False,15,SH0361,DRY,NONE,CLEAR
21506497,6181,True,6181,2023,ARANSAS PASS,DRIVER INATTENTION;FAILED TO YIELD RIGHT OF WAY - TURNING LEFT,226302,4.671,2026-06-28,0,6,0,0,N - NOT INJURED,0,1126,0,2026,SUNDAY,15.108,0,MOTOR VEHICLE IN TRANSPORT,TWO-WAY,11:00 - 11:59,8000,SH8000,INTERSECTION,27.85988047,DAYLIGHT,YES,-97.08117974,OPPOSITE DIRECTION - ONE STRAIGHT-ONE LEFT TURN,NO MEDIAN,THREE ENTERING ROADS - T,2,NOT APPLICABLE,True,ONE VEHICLE ENTERING DRIVEWAY,"5,000 - 9,999 POP",NO,0618,0.729,US & STATE HIGHWAYS,"STRAIGHT, LEVEL",MINOR ARTERIAL,ON ROADWAY,"2 LANE, 2 WAY",False,50,SH0361,DRY,SIGNAL LIGHT,CLEAR
21512915,6181,False,6181,2023,ARANSAS PASS,TURNED WHEN UNSAFE,226302,0.832,2026-07-02,0,7,0,0,N - NOT INJURED,0,1949,0,2026,THURSDAY,11.269,0,MOTOR VEHICLE IN TRANSPORT,TWO-WAY,19:00 - 19:59,,N/A,NON INTERSECTION,27.89423606,DAYLIGHT,YES,-97.12773058,OPPOSITE DIRECTION - ONE STRAIGHT-ONE LEFT TURN,NO MEDIAN,NOT APPLICABLE,2,NOT APPLICABLE,True,NOT APPLICABLE,"5,000 - 9,999 POP",NO,0614,0.844,US & STATE HIGHWAYS,"STRAIGHT, LEVEL",MINOR ARTERIAL,ON ROADWAY,"2 LANE, 2 WAY",False,55,SH0361,DRY,MARKED LANES,CLEAR
21514046,9764,True,9764,2023,PORT ARANSAS,FAILED TO YIELD RIGHT OF WAY - TURNING LEFT,226302,7.015,2026-07-02,0,7,0,1,C - POSSIBLE INJURY,0,1844,1,2026,THURSDAY,17.467,0,MOTOR VEHICLE IN TRANSPORT,TWO-WAY,18:00 - 18:59,,UNKNOWN,INTERSECTION,27.83048449,DAYLIGHT,YES,-97.07020011,OPPOSITE DIRECTION - ONE STRAIGHT-ONE LEFT TURN,NO MEDIAN,THREE ENTERING ROADS - T,2,NOT APPLICABLE,True,NOT APPLICABLE,"2,500 - 4,999 POP",NO,0622,-0.261,CITY STREET,"STRAIGHT, LEVEL",MINOR ARTERIAL,ON ROADWAY,"2 LANE, 2 WAY",True,30,SH0361,DRY,STOP SIGN,CLEAR
21520768,12050,False,12050,2023,OUTSIDE CITY LIMITS,FOLLOWED TOO CLOSELY;OTHER (EXPLAIN IN NARRATIVE),226303,13.993,2026-07-03,0,7,1,0,B - SUSPECTED MINOR INJURY,0,1954,1,2026,FRIDAY,21.712,0,MOTOR VEHICLE IN TRANSPORT,TWO-WAY,19:00 - 19:59,,UNKNOWN,INTERSECTION RELATED,27.78058147,DAYLIGHT,YES,-97.10398439,SAME DIRECTION - BOTH GOING STRAIGHT-REAR END,NO MEDIAN,NOT APPLICABLE,5,NOT APPLICABLE,True,SLOWING/STOPPING-FOR TRAFFIC,RURAL,NO,0626,0.0,CITY STREET,"STRAIGHT, LEVEL",MINOR ARTERIAL,ON ROADWAY,"4 OR MORE LANES, UNDIVIDED",True,45,SH0361,DRY,OTHER (EXPLAIN IN NARRATIVE),CLEAR
21528063,12050,False,12050,2023,CORPUS CHRISTI,FAILED TO CONTROL SPEED,226303,18.682,2026-07-03,0,7,1,0,B - SUSPECTED MINOR INJURY,0,1813,1,2026,FRIDAY,26.401,0,MOTOR VEHICLE IN TRANSPORT,TWO-WAY,18:00 - 18:59,,N/A,NON INTERSECTION,27.72218953,DAYLIGHT,YES,-97.14336196,SAME DIRECTION - ONE STRAIGHT-ONE STOPPED,NO MEDIAN,NOT APPLICABLE,5,NOT APPLICABLE,True,SLOWING/STOPPING-FOR TRAFFIC,"250,000 POP AND OVER",NO,0630,0.669,US & STATE HIGHWAYS,"STRAIGHT, LEVEL",MINOR ARTERIAL,ON ROADWAY,"4 OR MORE LANES, UNDIVIDED",False,60,SH0361,DRY,CENTER STRIPE/DIVIDER,CLEAR
21530776,10439,False,10439,2023,CORPUS CHRISTI,FAILED TO DRIVE IN SINGLE LANE,226303,22.655,2026-07-03,0,7,0,0,N - NOT INJURED,0,1903,0,2026,FRIDAY,30.374,0,MOTOR VEHICLE IN TRANSPORT,TWO-WAY,19:00 - 19:59,,N/A,NON INTERSECTION,27.67268476,DAYLIGHT,YES,-97.17665254,ANGLE - ONE STRAIGHT-ONE BACKING,NO MEDIAN,NOT APPLICABLE,5,NOT APPLICABLE,True,NOT APPLICABLE,"250,000 POP AND OVER",NO,0634,0.691,CITY STREET,"STRAIGHT, LEVEL",MINOR ARTERIAL,ON ROADWAY,"4 OR MORE LANES, UNDIVIDED",False,15,SH0361,"SAND, MUD, DIRT",MARKED LANES,CLEAR
21516458,,False,,,PORT ARANSAS,DISTRACTION IN VEHICLE,,,2026-07-04,0,7,0,0,N - NOT INJURED,0,1912,0,2026,SATURDAY,,0,MOTOR VEHICLE IN TRANSPORT,,19:00 - 19:59,,N/A,NON INTERSECTION,,DAYLIGHT,?0,,SAME DIRECTION - BOTH GOING STRAIGHT-REAR END,,NOT APPLICABLE,,NOT APPLICABLE,True,ATTENTION DIVERTED FROM DRIVING,"2,500 - 4,999 POP",NO,,,US & STATE HIGHWAYS,"STRAIGHT, LEVEL",,ON ROADWAY,,True,60,SH0361,DRY,NONE,CLEAR
21526665,10439,False,10439,2023,CORPUS CHRISTI,BACKED WITHOUT SAFETY; DRIVER INATTENTION,226303,20.807,2026-07-04,0,7,0,0,N - NOT INJURED,0,1549,0,2026,SATURDAY,28.526,0,PARKED CAR,TWO-WAY,15:00 - 15:59,,N/A,NON INTERSECTION,27.69571262,DAYLIGHT,YES,-97.16117669,ONE MOTOR VEHICLE - BACKING,NO MEDIAN,NOT APPLICABLE,5,NOT APPLICABLE,True,CRASH OCCURRED ON A BEACH,"250,000 POP AND OVER",NO,0632,0.843,OTHER ROADS,"STRAIGHT, LEVEL",MINOR ARTERIAL,ON ROADWAY,"4 OR MORE LANES, UNDIVIDED",False,15,SH0361,"SAND, MUD, DIRT",NONE,CLEAR
21529003,12050,False,12050,2023,CORPUS CHRISTI,PEDESTRIAN FAILED TO YIELD RIGHT OF WAY TO VEHICLE,226303,17.03,2026-07-04,0,7,1,0,B - SUSPECTED MINOR INJURY,0,2314,1,2026,SATURDAY,24.749,0,PEDESTRIAN,TWO-WAY,23:00 - 23:59,,N/A,NON INTERSECTION,27.74276677,"DARK, NOT LIGHTED",YES,-97.12949941,ONE MOTOR VEHICLE - GOING STRAIGHT,NO MEDIAN,NOT APPLICABLE,5,NOT APPLICABLE,True,NOT APPLICABLE,"250,000 POP AND OVER",NO,0630,-0.983,US & STATE HIGHWAYS,"STRAIGHT, LEVEL",MINOR ARTERIAL,ON ROADWAY,"4 OR MORE LANES, UNDIVIDED",False,60,SH0361,DRY,MARKED LANES,CLEAR
21540238,12050,False,12050,2023,CORPUS CHRISTI,FAILED TO DRIVE IN SINGLE LANE; UNDER INFLUENCE - ALCOHOL,226303,17.572,2026-07-04,0,7,0,0,99 - UNKNOWN,0,0255,0,2026,SATURDAY,25.291,0,OTHER NON COLLISION,TWO-WAY,02:00 - 02:59,,N/A,NON INTERSECTION,27.73602062,"DARK, LIGHTED",YES,-97.13404404,ONE MOTOR VEHICLE - GOING STRAIGHT,NO MEDIAN,NOT APPLICABLE,5,NOT APPLICABLE,True,VEHICLE CHANGING LANES,"250,000 POP AND OVER",NO,0630,-0.441,US & STATE HIGHWAYS,"STRAIGHT, LEVEL",MINOR ARTERIAL,OFF ROADWAY,"4 OR MORE LANES, UNDIVIDED",False,60,SH0361,DRY,CENTER STRIPE/DIVIDER,CLEAR
21516434,,False,,,PORT ARANSAS,HAD BEEN DRINKING,,,2026-07-05,0,7,2,0,A - SUSPECTED SERIOUS INJURY,1,0117,3,2026,SUNDAY,,0,MOTOR VEHICLE IN TRANSPORT,,01:00 - 01:59,,N/A,NON INTERSECTION,,"DARK, LIGHTED",?0,,SAME DIRECTION - BOTH GOING STRAIGHT-REAR END,,NOT APPLICABLE,,NOT APPLICABLE,True,NOT APPLICABLE,"2,500 - 4,999 POP",YES,,,NON TRAFFICWAY,"STRAIGHT, LEVEL",,NOT APPLICABLE,,True,45,SH0361,DRY,SIGNAL LIGHT,CLEAR
21520380,12050,False,12050,2023,OUTSIDE CITY LIMITS,TURNED WHEN UNSAFE,226303,14.258,2026-07-05,0,7,0,0,N - NOT INJURED,0,0222,0,2026,SUNDAY,21.977,0,MOTOR VEHICLE IN TRANSPORT,TWO-WAY,02:00 - 02:59,,N/A,NON INTERSECTION,27.77728543,"DARK, NOT LIGHTED",YES,-97.10621408,SAME DIRECTION - ONE STRAIGHT-ONE LEFT TURN,NO MEDIAN,NOT APPLICABLE,5,NOT APPLICABLE,True,NOT APPLICABLE,RURAL,NO,0626,0.265,US & STATE HIGHWAYS,"STRAIGHT, LEVEL",MINOR ARTERIAL,ON ROADWAY,"4 OR MORE LANES, UNDIVIDED",True,60,SH0361,DRY,MARKED LANES,CLEAR
21524812,14248,False,14248,2023,PORT ARANSAS,DRIVER INATTENTION;FAILED TO YIELD RIGHT OF WAY - PRIVATE DRIVE;OTHER (EXPLAIN IN NARRATIVE),226302,7.267,2026-07-05,0,7,2,0,B - SUSPECTED MINOR INJURY,0,1040,2,2026,SUNDAY,17.719,0,MOTOR VEHICLE IN TRANSPORT,TWO-WAY,10:00 - 10:59,,N/A,DRIVEWAY ACCESS,27.828172,DAYLIGHT,YES,-97.06700932,ANGLE - BOTH GOING STRAIGHT,NO MEDIAN,NOT APPLICABLE,2,NOT APPLICABLE,True,ONE VEHICLE LEAVING DRIVEWAY,"2,500 - 4,999 POP",NO,0622,-0.009,CITY STREET,"STRAIGHT, LEVEL",MINOR ARTERIAL,ON ROADWAY,"2 LANE, 2 WAY",True,35,SH0361,DRY,NONE,CLEAR
21547002,12050,False,12050,2023,CORPUS CHRISTI,UNSAFE SPEED,226303,19.272,2026-07-05,0,7,0,0,N - NOT INJURED,0,1201,0,2026,SUNDAY,26.991,0,MOTOR VEHICLE IN TRANSPORT,TWO-WAY,12:00 - 12:59,,N/A,NON INTERSECTION,27.7148362,DAYLIGHT,YES,-97.14832149,SAME DIRECTION - BOTH GOING STRAIGHT-REAR END,NO MEDIAN,NOT APPLICABLE,5,NOT APPLICABLE,True,SLOWING/STOPPING-FOR TRAFFIC,"250,000 POP AND OVER",NO,0632,-0.692,US & STATE HIGHWAYS,"STRAIGHT, LEVEL",MINOR ARTERIAL,ON ROADWAY,"4 OR MORE LANES, UNDIVIDED",False,65,SH0361,DRY,MARKED LANES,CLEAR
21529963,15893,False,15893,2023,PORT ARANSAS,FAILED TO CONTROL SPEED; HAD BEEN DRINKING; PASSED IN NO PASSING LANE,226303,11.534,2026-07-10,0,7,1,1,B - SUSPECTED MINOR INJURY,0,1533,2,2026,FRIDAY,19.253,0,MOTOR VEHICLE IN TRANSPORT,BOULEVARD,15:00 - 15:59,,ACCESS ROAD 1 A,INTERSECTION,27.80915666,DAYLIGHT,YES,-97.07990647,SAME DIRECTION - ONE STRAIGHT-ONE LEFT TURN,CURBED,NOT APPLICABLE,4,NOT APPLICABLE,True,VEHICLE PASSING OR ATTEMPTING TO PASS ON LEFT,"2,500 - 4,999 POP",NO,0624,-0.497,US & STATE HIGHWAYS,"STRAIGHT, LEVEL",MINOR ARTERIAL,ON ROADWAY,"4 OR MORE LANES, DIVIDED",True,60,SH0361,DRY,MARKED LANES,CLEAR
21529409,10439,True,10439,2023,CORPUS CHRISTI,UNSAFE SPEED,226303,27.498,2026-07-12,0,7,0,0,N - NOT INJURED,0,2255,0,2026,SUNDAY,35.217,0,MOTOR VEHICLE IN TRANSPORT,TWO-WAY,22:00 - 22:59,0022,PR0022,INTERSECTION,27.6178894,"DARK, LIGHTED",YES,-97.22177124,SAME DIRECTION - BOTH GOING STRAIGHT-REAR END,NO MEDIAN,FOUR ENTERING ROADS,5,NOT APPLICABLE,True,NOT APPLICABLE,"250,000 POP AND OVER",NO,0638,1.535,US & STATE HIGHWAYS,"STRAIGHT, LEVEL",MINOR ARTERIAL,ON ROADWAY,"4 OR MORE LANES, UNDIVIDED",False,55,SH0361,DRY,SIGNAL LIGHT,CLEAR
21531719,14248,True,14248,2023,PORT ARANSAS,DRIVER INATTENTION;FAILED TO YIELD RIGHT OF WAY - STOP SIGN,226303,10.187,2026-07-14,0,7,0,0,N - NOT INJURED,0,1213,0,2026,TUESDAY,17.906,0,MOTOR VEHICLE IN TRANSPORT,TWO-WAY,12:00 - 12:59,,AVENUE J,INTERSECTION,27.82604436,DAYLIGHT,YES,-97.06891165,ANGLE - ONE STRAIGHT-ONE LEFT TURN,NO MEDIAN,THREE ENTERING ROADS - T,2,NOT APPLICABLE,True,NOT APPLICABLE,"2,500 - 4,999 POP",NO,0622,0.178,US & STATE HIGHWAYS,"STRAIGHT, LEVEL",MINOR ARTERIAL,ON ROADWAY,"2 LANE, 2 WAY",True,35,SH0361,DRY,STOP SIGN,CLEAR
21543386,10439,False,10439,2023,CORPUS CHRISTI,LOAD NOT SECURED,226303,24.669,2026-07-16,0,7,0,0,N - NOT INJURED,0,1404,0,2026,THURSDAY,32.388,0,MOTOR VEHICLE IN TRANSPORT,TWO-WAY,14:00 - 14:59,,N/A,NON INTERSECTION,27.64757547,DAYLIGHT,YES,-97.19350724,OPPOSITE DIRECTION - BOTH GOING STRAIGHT,NO MEDIAN,NOT APPLICABLE,5,NOT APPLICABLE,True,NOT APPLICABLE,"250,000 POP AND OVER",NO,0636,0.705,US & STATE HIGHWAYS,"STRAIGHT, LEVEL",MINOR ARTERIAL,ON ROADWAY,"4 OR MORE LANES, UNDIVIDED",False,60,SH0361,DRY,CENTER STRIPE/DIVIDER,CLEAR
21536848,10439,False,10439,2023,CORPUS CHRISTI,FAILED TO CONTROL SPEED,226303,24.541,2026-07-17,0,7,0,0,N - NOT INJURED,0,1605,0,2026,FRIDAY,32.26,0,MOTOR VEHICLE IN TRANSPORT,TWO-WAY,16:00 - 16:59,,N/A,NON INTERSECTION,27.64917717,DAYLIGHT,YES,-97.19245626,SAME DIRECTION - BOTH GOING STRAIGHT-REAR END,NO MEDIAN,NOT APPLICABLE,5,NOT APPLICABLE,True,SLOWING/STOPPING-FOR TRAFFIC,"250,000 POP AND OVER",NO,0636,0.577,US & STATE HIGHWAYS,"STRAIGHT, LEVEL",MINOR ARTERIAL,ON ROADWAY,"4 OR MORE LANES, UNDIVIDED",False,60,SH0361,DRY,CENTER STRIPE/DIVIDER,CLOUDY
21556974,10439,True,10439,2023,CORPUS CHRISTI,FAILED TO CONTROL SPEED,226303,27.498,2026-07-17,0,7,0,0,N - NOT INJURED,0,1745,0,2026,FRIDAY,35.217,0,MOTOR VEHICLE IN TRANSPORT,TWO-WAY,17:00 - 17:59,0022,PR0022,INTERSECTION,27.6178894,DAYLIGHT,YES,-97.22177124,OPPOSITE DIRECTION - ONE STRAIGHT-ONE LEFT TURN,NO MEDIAN,FOUR ENTERING ROADS,5,NOT APPLICABLE,True,NOT APPLICABLE,"250,000 POP AND OVER",NO,0638,1.535,US & STATE HIGHWAYS,"STRAIGHT, LEVEL",MINOR ARTERIAL,ON ROADWAY,"4 OR MORE LANES, UNDIVIDED",False,55,SH0361,DRY,SIGNAL LIGHT,CLEAR
21559489,5888,False,5888,2023,PORT ARANSAS,TURNED IMPROPERLY - WRONG LANE,226302,6.746,2026-07-24,0,7,0,0,N - NOT INJURED,0,1231,0,2026,FRIDAY,17.198,0,MOTOR VEHICLE IN TRANSPORT,TWO-WAY,12:00 - 12:59,,N/A,DRIVEWAY ACCESS,27.83392881,DAYLIGHT,YES,-97.07097347,SAME DIRECTION - ONE STRAIGHT-ONE RIGHT TURN,NO MEDIAN,NOT APPLICABLE,2,NOT APPLICABLE,True,ONE VEHICLE ENTERING DRIVEWAY,"2,500 - 4,999 POP",NO,0622,-0.53,CITY STREET,"STRAIGHT, LEVEL",MINOR ARTERIAL,ON ROADWAY,"2 LANE, 2 WAY",True,35,SH0361,DRY,MARKED LANES,CLEAR
21549863,5888,True,5888,2023,PORT ARANSAS,DRIVER INATTENTION,226302,6.404,2026-07-26,0,7,0,0,N - NOT INJURED,0,1925,0,2026,SUNDAY,16.856,0,MOTOR VEHICLE IN TRANSPORT,TWO-WAY,19:00 - 19:59,,N/A,NON INTERSECTION,27.838021,DAYLIGHT,YES,-97.06803525,SAME DIRECTION - BOTH GOING STRAIGHT-REAR END,NO MEDIAN,FOUR ENTERING ROADS,4,NOT APPLICABLE,True,ATTENTION DIVERTED FROM DRIVING,"2,500 - 4,999 POP",NO,0620,0.589,CITY STREET,"STRAIGHT, LEVEL",MINOR ARTERIAL,ON ROADWAY,"4 OR MORE LANES, UNDIVIDED",True,30,SH0361,DRY,FLASHING RED LIGHT,CLEAR
21556943,10439,True,10439,2023,CORPUS CHRISTI,FAILED TO YIELD RIGHT OF WAY - TURNING LEFT,226303,27.498,2026-07-29,0,7,0,0,N - NOT INJURED,0,2119,0,2026,WEDNESDAY,35.217,0,MOTOR VEHICLE IN TRANSPORT,TWO-WAY,21:00 - 21:59,0022,PR0022,INTERSECTION,27.6178894,"DARK, LIGHTED",YES,-97.22177124,OPPOSITE DIRECTION - ONE STRAIGHT-ONE LEFT TURN,NO MEDIAN,FOUR ENTERING ROADS,5,NOT APPLICABLE,True,NOT APPLICABLE,"250,000 POP AND OVER",NO,0638,1.535,US & STATE HIGHWAYS,"STRAIGHT, LEVEL",MINOR ARTERIAL,ON ROADWAY,"4 OR MORE LANES, UNDIVIDED",False,55,SH0361,DRY,SIGNAL LIGHT,CLEAR
21564605,14248,True,14248,2023,PORT ARANSAS,DRIVER INATTENTION;DROVE WITHOUT HEADLIGHTS;FAILED TO YIELD RIGHT OF WAY - TURNING LEFT,226302,7.267,2026-07-31,0,7,0,0,N - NOT INJURED,0,0228,0,2026,FRIDAY,17.719,0,MOTOR VEHICLE IN TRANSPORT,TWO-WAY,02:00 - 02:59,,UNKNOWN,INTERSECTION,27.8281723,"DARK, LIGHTED",YES,-97.06700973,OPPOSITE DIRECTION - ONE STRAIGHT-ONE LEFT TURN,NO MEDIAN,FOUR ENTERING ROADS,2,NOT APPLICABLE,True,NOT APPLICABLE,"2,500 - 4,999 POP",NO,0622,-0.009,US & STATE HIGHWAYS,"STRAIGHT, LEVEL",MINOR ARTERIAL,ON ROADWAY,"2 LANE, 2 WAY",True,35,SH0361,DRY,SIGNAL LIGHT,CLEAR
21564618,,False,,,PORT ARANSAS,DRIVER INATTENTION;FAILED TO CONTROL SPEED;FOLLOWED TOO CLOSELY;OTHER (EXPLAIN IN NARRATIVE),,,2026-07-31,0,7,1,0,B - SUSPECTED MINOR INJURY,0,2208,1,2026,FRIDAY,,0,MOTOR VEHICLE IN TRANSPORT,,22:00 - 22:59,,N/A,NON INTERSECTION,,"DARK, LIGHTED",?0,,SAME DIRECTION - ONE STRAIGHT-ONE STOPPED,,NOT APPLICABLE,,NOT APPLICABLE,True,SLOWING/STOPPING-REASON NOT SPECIFIED,"2,500 - 4,999 POP",NO,,,US & STATE HIGHWAYS,"STRAIGHT, LEVEL",,ON ROADWAY,,True,30,SH0361,DRY,FLAGMAN,CLEAR
21570189,15893,False,15893,2023,PORT ARANSAS,FAILED TO YIELD RIGHT OF WAY - PRIVATE DRIVE,226303,10.256,2026-08-02,0,8,0,0,N - NOT INJURED,0,1159,0,2026,SUNDAY,17.975,0,MOTOR VEHICLE IN TRANSPORT,TWO-WAY,11:00 - 11:59,,N/A,DRIVEWAY ACCESS,27.82525563,DAYLIGHT,YES,-97.06958082,ANGLE - BOTH GOING STRAIGHT,NO MEDIAN,NOT APPLICABLE,2,NOT APPLICABLE,True,ONE VEHICLE LEAVING DRIVEWAY,"2,500 - 4,999 POP",NO,0622,0.247,US & STATE HIGHWAYS,"STRAIGHT, LEVEL",MINOR ARTERIAL,ON ROADWAY,"2 LANE, 2 WAY",True,35,SH0361,DRY,MARKED LANES,CLEAR
21564474,14248,False,14248,2023,PORT ARANSAS,FAILED TO CONTROL SPEED,226303,10.055,2026-08-04,0,8,0,5,C - POSSIBLE INJURY,0,1631,5,2026,TUESDAY,17.774,0,OVERTURNED,TWO-WAY,16:00 - 16:59,,N/A,DRIVEWAY ACCESS,27.82755455,DAYLIGHT,YES,-97.06756221,ONE MOTOR VEHICLE - TURNING LEFT,NO MEDIAN,NOT APPLICABLE,2,OVERTURNED,True,ONE VEHICLE ENTERING DRIVEWAY,"2,500 - 4,999 POP",NO,0622,0.046,CITY STREET,"STRAIGHT, GRADE",MINOR ARTERIAL,OFF ROADWAY,"2 LANE, 2 WAY",True,30,SH0361,DRY,STOP SIGN,CLEAR
21572356,14248,True,14248,2023,PORT ARANSAS,DRIVER INATTENTION;CELL/MOBILE DEVICE USE - OTHER,226302,7.266,2026-08-04,0,8,0,0,N - NOT INJURED,0,1331,0,2026,TUESDAY,17.718,0,MOTOR VEHICLE IN TRANSPORT,TWO-WAY,13:00 - 13:59,,UNKNOWN,INTERSECTION RELATED,27.82817828,DAYLIGHT,YES,-97.06701812,SAME DIRECTION - ONE STRAIGHT-ONE STOPPED,NO MEDIAN,FOUR ENTERING ROADS,2,NOT APPLICABLE,True,"SLOWING/STOPPING - FOR OFFICER, FLAGMAN, OR TRAFFIC CONTROL","2,500 - 4,999 POP",NO,0622,-0.01,US & STATE HIGHWAYS,"STRAIGHT, LEVEL",MINOR ARTERIAL,ON ROADWAY,"2 LANE, 2 WAY",True,35,SH0361,DRY,SIGNAL LIGHT,CLEAR
21573078,10439,False,10439,2023,CORPUS CHRISTI,CHANGED LANE WHEN UNSAFE,226303,20.351,2026-08-06,0,8,0,4,C - POSSIBLE INJURY,0,1603,4,2026,THURSDAY,28.07,0,MOTOR VEHICLE IN TRANSPORT,TWO-WAY,16:00 - 16:59,,N/A,NON INTERSECTION,27.70138926,DAYLIGHT,YES,-97.15734743,OPPOSITE DIRECTION - BOTH GOING STRAIGHT,NO MEDIAN,NOT APPLICABLE,5,OVERTURNED,True,VEHICLE CHANGING LANES,"250,000 POP AND OVER",NO,0632,0.387,US & STATE HIGHWAYS,"STRAIGHT, LEVEL",MINOR ARTERIAL,ON ROADWAY,"4 OR MORE LANES, UNDIVIDED",False,60,SH0361,DRY,MARKED LANES,CLEAR
21572726,,False,,,CORPUS CHRISTI,FAILED TO CONTROL SPEED,,,2026-08-08,0,8,0,0,N - NOT INJURED,0,0906,0,2026,SATURDAY,,0,MOTOR VEHICLE IN TRANSPORT,,09:00 - 09:59,,N/A,NON INTERSECTION,,DAYLIGHT,?0,,SAME DIRECTION - BOTH GOING STRAIGHT-REAR END,,NOT APPLICABLE,,NOT APPLICABLE,True,SLOWING/STOPPING-FOR TRAFFIC,"250,000 POP AND OVER",NO,,,US & STATE HIGHWAYS,"STRAIGHT, LEVEL",,ON ROADWAY,,False,60,SH0361,DRY,CENTER STRIPE/DIVIDER,CLEAR
21579347,14248,True,14248,2023,PORT ARANSAS,OTHER (EXPLAIN IN NARRATIVE),226302,7.267,2026-08-08,0,8,0,0,A - SUSPECTED SERIOUS INJURY,1,0219,1,2026,SATURDAY,17.719,0,OTHER NON COLLISION,TWO-WAY,02:00 - 02:59,,S 9TH ST,INTERSECTION,27.828172,"DARK, LIGHTED",YES,-97.06700932,ONE MOTOR VEHICLE - TURNING RIGHT,NO MEDIAN,THREE ENTERING ROADS - T,2,PERSON FELL OR JUMPED FROM VEHICLE,True,NOT APPLICABLE,"2,500 - 4,999 POP",NO,0622,-0.009,CITY STREET,"STRAIGHT, LEVEL",MINOR ARTERIAL,ON ROADWAY,"2 LANE, 2 WAY",True,30,SH0361,DRY,STOP SIGN,CLEAR
