Crash ID,Adj ADT,At Intersection Flag,ADT,ADT Year,City,Contributing Factors,Control Section,CS Milepoint,Crash Date,Death Count,Month,NonSusp Serious Inj,Possible Inj,Crash Severity,Susp Serious Inj,Crash Time,Total Inj,Year,Day of Week,DFO,Fatal Crash Flag,First Harmful Event,Hwy Lane Design,Hour,Intersecting Hwy Number,Intersecting Street Name,Intersection Related,Latitude,Light Condition,Located Flag,Longitude,Manner of Collision,Median Type,Entering Roads,Number of Lanes,Object Struck,On System Flag,Other Factor,Population Group,Private Drive Flag,Ref Marker,RM Offset,Road Class,Roadway Alignment,Roadway Function,Roadway Relation,Roadway Type,Rural Flag,Speed Limit,Street Name,Surface Condition,Traffic Control Type,Weather Condition
14874233,10439,False,10439,2023,CORPUS CHRISTI,OTHER (EXPLAIN IN NARRATIVE),226303,23.648,2016-01-11,0,1,0,0,N - NOT INJURED,0,0219,0,2016,MONDAY,31.367,0,FIXED OBJECT,TWO-WAY,02:00 - 02:59,,N/A,NON INTERSECTION,27.66030584,"DARK, NOT LIGHTED",YES,-97.18498195,ONE MOTOR VEHICLE - GOING STRAIGHT,NO MEDIAN,NOT APPLICABLE,5,HIT FENCE,True,NOT APPLICABLE,"250,000 POP AND OVER",NO,0636,-0.316,US & STATE HIGHWAYS,"STRAIGHT, LEVEL",MINOR ARTERIAL,OFF ROADWAY,"4 OR MORE LANES, UNDIVIDED",False,60,SH0361,DRY,MARKED LANES,CLEAR
14868493,12050,False,12050,2023,OUTSIDE CITY LIMITS,HAD BEEN DRINKING,226303,14.126,2016-01-13,1,1,0,0,K - FATAL INJURY,1,1758,1,2016,WEDNESDAY,21.845,1,OVERTURNED,TWO-WAY,17:00 - 17:59,,N/A,NON INTERSECTION,27.77893216,DAYLIGHT,YES,-97.10510097,ONE MOTOR VEHICLE - GOING STRAIGHT,NO MEDIAN,THREE ENTERING ROADS - T,5,OVERTURNED,True,NOT APPLICABLE,RURAL,NO,0626,0.133,US & STATE HIGHWAYS,"STRAIGHT, LEVEL",MINOR ARTERIAL,OFF ROADWAY,"4 OR MORE LANES, UNDIVIDED",True,60,SH0361,DRY,STOP SIGN,CLEAR
14869053,15893,False,15893,2023,PORT ARANSAS,FAILED TO YIELD RIGHT OF WAY - TURNING LEFT;TURNED WHEN UNSAFE,226303,12.086,2016-01-19,0,1,0,2,C - POSSIBLE INJURY,0,1701,2,2016,TUESDAY,19.805,0,MOTOR VEHICLE IN TRANSPORT,BOULEVARD,17:00 - 17:59,,N/A,NON INTERSECTION,27.80283878,"DARK, NOT LIGHTED",YES,-97.08545048,SAME DIRECTION - ONE STRAIGHT-ONE LEFT TURN,CURBED,THREE ENTERING ROADS - T,4,NOT APPLICABLE,True,NOT APPLICABLE,"2,500 - 4,999 POP",NO,0624,0.055,US & STATE HIGHWAYS,"STRAIGHT, LEVEL",MINOR ARTERIAL,ON ROADWAY,"4 OR MORE LANES, DIVIDED",True,55,SH0361,DRY,NONE,CLEAR
14901583,10439,True,10439,2023,CORPUS CHRISTI,DISREGARD STOP AND GO SIGNAL; HAD BEEN DRINKING,226303,27.498,2016-01-24,0,1,1,0,A - SUSPECTED SERIOUS INJURY,1,1710,2,2016,SUNDAY,35.217,0,MOTOR VEHICLE IN TRANSPORT,TWO-WAY,17:00 - 17:59,0022,PR0022,INTERSECTION,27.6178894,DAYLIGHT,YES,-97.22177124,OPPOSITE DIRECTION - ONE STRAIGHT-ONE LEFT TURN,NO MEDIAN,FOUR ENTERING ROADS,5,NOT APPLICABLE,True,NOT APPLICABLE,"250,000 POP AND OVER",NO,0638,1.535,US & STATE HIGHWAYS,"STRAIGHT, LEVEL",MINOR ARTERIAL,ON ROADWAY,"4 OR MORE LANES, UNDIVIDED",False,55,SH0361,DRY,SIGNAL LIGHT,CLEAR
14938847,15893,False,15893,2023,PORT ARANSAS,FAILED TO CONTROL SPEED; UNDER INFLUENCE - ALCOHOL,226303,11.763,2016-02-26,0,2,0,0,N - NOT INJURED,0,1141,0,2016,FRIDAY,19.482,0,MOTOR VEHICLE IN TRANSPORT,BOULEVARD,11:00 - 11:59,,ACCESS ROAD 1 A,INTERSECTION RELATED,27.80659239,DAYLIGHT,YES,-97.08228334,SAME DIRECTION - BOTH GOING STRAIGHT-REAR END,CURBED,THREE ENTERING ROADS - T,4,NOT APPLICABLE,True,NOT APPLICABLE,"2,500 - 4,999 POP",NO,0624,-0.268,US & STATE HIGHWAYS,"STRAIGHT, LEVEL",MINOR ARTERIAL,ON ROADWAY,"4 OR MORE LANES, DIVIDED",True,55,SH0361,DRY,FLASHING YELLOW LIGHT,CLEAR
14950362,12050,False,12050,2023,CORPUS CHRISTI,FAILED TO CONTROL SPEED,226303,14.455,2016-02-29,0,2,0,0,99 - UNKNOWN,0,0224,0,2016,MONDAY,22.174,0,FIXED OBJECT,TWO-WAY,02:00 - 02:59,,N/A,NON INTERSECTION,27.77483715,"DARK, NOT LIGHTED",YES,-97.10786875,ONE MOTOR VEHICLE - GOING STRAIGHT,NO MEDIAN,THREE ENTERING ROADS - T,5,HIT UTILITY POLE,True,NOT APPLICABLE,"250,000 POP AND OVER",NO,0626,0.462,US & STATE HIGHWAYS,"STRAIGHT, LEVEL",MINOR ARTERIAL,OFF ROADWAY,"4 OR MORE LANES, UNDIVIDED",False,60,SH0361,WET,STOP SIGN,CLOUDY
14979060,10439,False,10439,2023,CORPUS CHRISTI,DISTRACTION IN VEHICLE; FAILED TO DRIVE IN SINGLE LANE,226303,26.227,2016-03-05,0,3,2,0,B - SUSPECTED MINOR INJURY,0,2358,2,2016,SATURDAY,33.946,0,MOTOR VEHICLE IN TRANSPORT,TWO-WAY,23:00 - 23:59,,N/A,NON INTERSECTION,27.62817309,"DARK, NOT LIGHTED",YES,-97.20658518,OPPOSITE DIRECTION - BOTH GOING STRAIGHT,NO MEDIAN,NOT APPLICABLE,5,NOT APPLICABLE,True,ATTENTION DIVERTED FROM DRIVING,"250,000 POP AND OVER",NO,0638,0.264,US & STATE HIGHWAYS,"STRAIGHT, LEVEL",MINOR ARTERIAL,ON ROADWAY,"4 OR MORE LANES, UNDIVIDED",False,60,SH0361,DRY,CENTER STRIPE/DIVIDER,CLEAR
14975245,15893,False,15893,2023,PORT ARANSAS,FAILED TO CONTROL SPEED; HAD BEEN DRINKING,226303,12.03,2016-03-12,0,3,0,4,C - POSSIBLE INJURY,0,1919,4,2016,SATURDAY,19.749,0,MOTOR VEHICLE IN TRANSPORT,BOULEVARD,19:00 - 19:59,,N/A,NON INTERSECTION,27.80349112,"DARK, NOT LIGHTED",YES,-97.0849021,SAME DIRECTION - ONE STRAIGHT-ONE STOPPED,CURBED,THREE ENTERING ROADS - T,4,NOT APPLICABLE,True,SLOWING/STOPPING-REASON NOT SPECIFIED,"2,500 - 4,999 POP",NO,0624,-0.001,US & STATE HIGHWAYS,"STRAIGHT, LEVEL",MINOR ARTERIAL,ON ROADWAY,"4 OR MORE LANES, DIVIDED",True,60,SH0361,DRY,STOP SIGN,CLEAR
15005676,10439,False,10439,2023,CORPUS CHRISTI,TURNED WHEN UNSAFE,226303,21.95,2016-03-12,0,3,1,0,B - SUSPECTED MINOR INJURY,0,1909,1,2016,SATURDAY,29.669,0,MOTOR VEHICLE IN TRANSPORT,TWO-WAY,19:00 - 19:59,,N/A,NON INTERSECTION,27.68147343,"DARK, LIGHTED",YES,-97.17076215,SAME DIRECTION - ONE STRAIGHT-ONE LEFT TURN,NO MEDIAN,NOT APPLICABLE,5,NOT APPLICABLE,True,NOT APPLICABLE,"250,000 POP AND OVER",NO,0634,-0.014,US & STATE HIGHWAYS,"STRAIGHT, LEVEL",MINOR ARTERIAL,ON ROADWAY,"4 OR MORE LANES, UNDIVIDED",False,60,SH0361,DRY,CENTER STRIPE/DIVIDER,CLEAR
14978857,12050,False,12050,2023,PORT ARANSAS,HAD BEEN DRINKING; TURNED WHEN UNSAFE,226303,12.623,2016-03-18,0,3,0,0,N - NOT INJURED,0,1810,0,2016,FRIDAY,20.342,0,MOTOR VEHICLE IN TRANSPORT,BOULEVARD,18:00 - 18:59,,N/A,NON INTERSECTION,27.7965956,DAYLIGHT,YES,-97.09069267,SAME DIRECTION - ONE STRAIGHT-ONE LEFT TURN,CURBED,THREE ENTERING ROADS - T,4,NOT APPLICABLE,True,NOT APPLICABLE,"2,500 - 4,999 POP",NO,0624,0.592,US & STATE HIGHWAYS,"STRAIGHT, LEVEL",MINOR ARTERIAL,ON ROADWAY,"4 OR MORE LANES, DIVIDED",True,60,SH0361,DRY,STOP SIGN,CLOUDY
14984416,10439,False,10439,2023,CORPUS CHRISTI,FAILED TO CONTROL SPEED,226303,23.648,2016-03-18,0,3,0,0,N - NOT INJURED,0,2013,0,2016,FRIDAY,31.367,0,MOTOR VEHICLE IN TRANSPORT,TWO-WAY,20:00 - 20:59,,N/A,NON INTERSECTION,27.66030584,"DARK, NOT LIGHTED",YES,-97.18498195,SAME DIRECTION - ONE STRAIGHT-ONE STOPPED,NO MEDIAN,NOT APPLICABLE,5,NOT APPLICABLE,True,SLOWING/STOPPING-FOR TRAFFIC,"250,000 POP AND OVER",NO,0636,-0.316,US & STATE HIGHWAYS,"STRAIGHT, LEVEL",MINOR ARTERIAL,ON ROADWAY,"4 OR MORE LANES, UNDIVIDED",False,60,SH0361,WET,CENTER STRIPE/DIVIDER,FOG
14995200,10439,False,10439,2023,CORPUS CHRISTI,DRIVER INATTENTION; FOLLOWED TOO CLOSELY,226303,26.525,2016-03-18,0,3,1,1,B - SUSPECTED MINOR INJURY,0,1930,2,2016,FRIDAY,34.244,0,MOTOR VEHICLE IN TRANSPORT,TWO-WAY,19:00 - 19:59,,N/A,NON INTERSECTION,27.62446127,DUSK,YES,-97.20907343,SAME DIRECTION - BOTH GOING STRAIGHT-REAR END,NO MEDIAN,THREE ENTERING ROADS - T,5,NOT APPLICABLE,True,SLOWING/STOPPING-FOR TRAFFIC,"250,000 POP AND OVER",NO,0638,0.562,US & STATE HIGHWAYS,"STRAIGHT, LEVEL",MINOR ARTERIAL,ON ROADWAY,"4 OR MORE LANES, UNDIVIDED",False,65,SH0361,DRY,CENTER STRIPE/DIVIDER,FOG
14983214,12050,True,12050,2023,OUTSIDE CITY LIMITS,NONE,226303,13.393,2016-03-19,0,3,1,0,B - SUSPECTED MINOR INJURY,0,1553,1,2016,SATURDAY,21.112,0,MOTOR VEHICLE IN TRANSPORT,TWO-WAY,15:00 - 15:59,,UNKNOWN,INTERSECTION RELATED,27.78762528,DAYLIGHT,YES,-97.09823093,SAME DIRECTION - BOTH GOING STRAIGHT-REAR END,NO MEDIAN,THREE ENTERING ROADS - T,5,NOT APPLICABLE,True,SLOWING/STOPPING-FOR TRAFFIC,RURAL,NO,0626,-0.6,US & STATE HIGHWAYS,"STRAIGHT, LEVEL",MINOR ARTERIAL,ON ROADWAY,"4 OR MORE LANES, UNDIVIDED",True,60,SH0361,DRY,STOP SIGN,CLOUDY
14983215,15893,False,15893,2023,PORT ARANSAS,NONE,226303,12.03,2016-03-19,0,3,0,0,N - NOT INJURED,0,1114,0,2016,SATURDAY,19.749,0,MOTOR VEHICLE IN TRANSPORT,BOULEVARD,11:00 - 11:59,,N/A,NON INTERSECTION,27.80349122,DAYLIGHT,YES,-97.08490202,SAME DIRECTION - ONE STRAIGHT-ONE STOPPED,CURBED,THREE ENTERING ROADS - T,4,NOT APPLICABLE,True,CONSTRUCTION - WITHIN POSTED ROAD CONSTRUCTION ZONE (NOT RELATED TO CRASH),"2,500 - 4,999 POP",NO,0624,-0.001,US & STATE HIGHWAYS,"STRAIGHT, LEVEL",MINOR ARTERIAL,ON ROADWAY,"4 OR MORE LANES, DIVIDED",True,45,SH0361,DRY,SIGNAL LIGHT,CLOUDY
14987104,10439,True,10439,2023,CORPUS CHRISTI,DRIVER INATTENTION; FAILED TO CONTROL SPEED,226303,27.498,2016-03-20,0,3,0,0,N - NOT INJURED,0,1200,0,2016,SUNDAY,35.217,0,MOTOR VEHICLE IN TRANSPORT,TWO-WAY,12:00 - 12:59,0022,PR0022,INTERSECTION RELATED,27.6178894,DAYLIGHT,YES,-97.22177124,SAME DIRECTION - BOTH GOING STRAIGHT-REAR END,NO MEDIAN,FOUR ENTERING ROADS,5,NOT APPLICABLE,True,ATTENTION DIVERTED FROM DRIVING,"250,000 POP AND OVER",NO,0638,1.535,US & STATE HIGHWAYS,"STRAIGHT, LEVEL",MINOR ARTERIAL,ON ROADWAY,"4 OR MORE LANES, UNDIVIDED",False,55,SH0361,DRY,SIGNAL LIGHT,CLEAR
15000364,12050,False,12050,2023,CORPUS CHRISTI,CHANGED LANE WHEN UNSAFE; FAILED TO CONTROL SPEED; FOLLOWED TOO CLOSELY,226303,16.943,2016-03-27,0,3,0,0,N - NOT INJURED,0,1406,0,2016,SUNDAY,24.662,0,MOTOR VEHICLE IN TRANSPORT,TWO-WAY,14:00 - 14:59,,N/A,DRIVEWAY ACCESS,27.74385597,DAYLIGHT,YES,-97.12876918,SAME DIRECTION - ONE STRAIGHT-ONE RIGHT TURN,NO MEDIAN,NOT APPLICABLE,5,NOT APPLICABLE,True,ONE VEHICLE ENTERING DRIVEWAY,"250,000 POP AND OVER",NO,0628,0.961,US & STATE HIGHWAYS,"STRAIGHT, LEVEL",MINOR ARTERIAL,ON ROADWAY,"4 OR MORE LANES, UNDIVIDED",False,60,SH0361,DRY,CENTER STRIPE/DIVIDER,CLEAR
15043882,10439,True,10439,2023,CORPUS CHRISTI,FAILED TO YIELD RIGHT OF WAY - STOP SIGN,226303,26.723,2016-04-09,0,4,0,0,N - NOT INJURED,0,0956,0,2016,SATURDAY,34.442,0,MOTOR VEHICLE IN TRANSPORT,TWO-WAY,09:00 - 09:59,,ZAHN RD,INTERSECTION,27.62201986,DAYLIGHT,YES,-97.21077788,ANGLE - BOTH GOING STRAIGHT,NO MEDIAN,THREE ENTERING ROADS - T,5,NOT APPLICABLE,True,NOT APPLICABLE,"250,000 POP AND OVER",NO,0638,0.76,US & STATE HIGHWAYS,"STRAIGHT, LEVEL",MINOR ARTERIAL,ON ROADWAY,"4 OR MORE LANES, UNDIVIDED",False,55,SH0361,DRY,STOP SIGN,CLEAR
15082907,10439,False,10439,2023,CORPUS CHRISTI,FAILED TO CONTROL SPEED,226303,24.679,2016-04-30,0,4,0,0,N - NOT INJURED,0,1325,0,2016,SATURDAY,32.398,0,MOTOR VEHICLE IN TRANSPORT,TWO-WAY,13:00 - 13:59,,N/A,NON INTERSECTION,27.64745804,DAYLIGHT,YES,-97.19358747,SAME DIRECTION - ONE STRAIGHT-ONE STOPPED,NO MEDIAN,NOT APPLICABLE,5,NOT APPLICABLE,True,SLOWING/STOPPING-FOR TRAFFIC,"250,000 POP AND OVER",NO,0636,0.715,US & STATE HIGHWAYS,"STRAIGHT, LEVEL",MINOR ARTERIAL,ON ROADWAY,"4 OR MORE LANES, UNDIVIDED",False,60,SH0361,DRY,CENTER STRIPE/DIVIDER,CLEAR
15088323,10439,False,10439,2023,CORPUS CHRISTI,DISTRACTION IN VEHICLE; DRIVER INATTENTION; FAILED TO CONTROL SPEED,226303,24.144,2016-04-30,0,4,0,0,N - NOT INJURED,0,1300,0,2016,SATURDAY,31.863,0,MOTOR VEHICLE IN TRANSPORT,TWO-WAY,13:00 - 13:59,,GULF BEACH ACCESS ROAD 3,INTERSECTION RELATED,27.65412501,DAYLIGHT,YES,-97.18913858,SAME DIRECTION - BOTH GOING STRAIGHT-REAR END,NO MEDIAN,NOT APPLICABLE,5,NOT APPLICABLE,True,ATTENTION DIVERTED FROM DRIVING,"250,000 POP AND OVER",NO,0636,0.18,US & STATE HIGHWAYS,"STRAIGHT, LEVEL",MINOR ARTERIAL,ON ROADWAY,"4 OR MORE LANES, UNDIVIDED",False,65,SH0361,DRY,CENTER STRIPE/DIVIDER,CLEAR
15088337,10439,False,10439,2023,CORPUS CHRISTI,FAILED TO CONTROL SPEED,226303,25.701,2016-04-30,0,4,0,0,A - SUSPECTED SERIOUS INJURY,2,1301,2,2016,SATURDAY,33.42,0,MOTOR VEHICLE IN TRANSPORT,TWO-WAY,13:00 - 13:59,,N/A,NON INTERSECTION,27.63472641,DAYLIGHT,YES,-97.20217058,SAME DIRECTION - ONE STRAIGHT-ONE STOPPED,NO MEDIAN,NOT APPLICABLE,5,NOT APPLICABLE,True,SLOWING/STOPPING-FOR TRAFFIC,"250,000 POP AND OVER",NO,0638,-0.262,US & STATE HIGHWAYS,"STRAIGHT, LEVEL",MINOR ARTERIAL,ON ROADWAY,"4 OR MORE LANES, UNDIVIDED",False,50,SH0361,DRY,MARKED LANES,CLEAR
15101749,12050,False,12050,2023,CORPUS CHRISTI,CHANGED LANE WHEN UNSAFE,226303,19.494,2016-04-30,0,4,3,0,B - SUSPECTED MINOR INJURY,0,1634,3,2016,SATURDAY,27.213,0,MOTOR VEHICLE IN TRANSPORT,TWO-WAY,16:00 - 16:59,,N/A,NON INTERSECTION,27.71208255,DAYLIGHT,YES,-97.15017871,SAME DIRECTION - ONE STRAIGHT-ONE LEFT TURN,NO MEDIAN,NOT APPLICABLE,5,NOT APPLICABLE,True,NOT APPLICABLE,"250,000 POP AND OVER",NO,0632,-0.47,US & STATE HIGHWAYS,"STRAIGHT, LEVEL",MINOR ARTERIAL,ON ROADWAY,"4 OR MORE LANES, UNDIVIDED",False,60,SH0361,DRY,CENTER STRIPE/DIVIDER,CLEAR
15101756,12050,False,12050,2023,CORPUS CHRISTI,FAILED TO PASS TO LEFT SAFELY,226303,19.499,2016-05-02,0,5,1,0,B - SUSPECTED MINOR INJURY,0,2253,1,2016,MONDAY,27.218,0,OVERTURNED,TWO-WAY,22:00 - 22:59,,N/A,NON INTERSECTION,27.71201168,"DARK, NOT LIGHTED",YES,-97.15022651,ONE MOTOR VEHICLE - GOING STRAIGHT,NO MEDIAN,NOT APPLICABLE,5,HIT FENCE,True,VEHICLE PASSING OR ATTEMPTING TO PASS ON LEFT,"250,000 POP AND OVER",NO,0632,-0.465,US & STATE HIGHWAYS,"STRAIGHT, LEVEL",MINOR ARTERIAL,OFF ROADWAY,"4 OR MORE LANES, UNDIVIDED",False,60,SH0361,DRY,CENTER STRIPE/DIVIDER,CLEAR
15103515,12050,False,12050,2023,OUTSIDE CITY LIMITS,DRIVER INATTENTION;FAILED TO YIELD RIGHT OF WAY - TURNING LEFT,226303,14.16,2016-05-10,0,5,0,0,N - NOT INJURED,0,0901,0,2016,TUESDAY,21.879,0,MOTOR VEHICLE IN TRANSPORT,TWO-WAY,09:00 - 09:59,,N/A,DRIVEWAY ACCESS,27.77850803,DAYLIGHT,YES,-97.10538766,OPPOSITE DIRECTION - ONE STRAIGHT-ONE LEFT TURN,NO MEDIAN,THREE ENTERING ROADS - T,5,NOT APPLICABLE,True,ONE VEHICLE ENTERING DRIVEWAY,RURAL,NO,0626,0.167,US & STATE HIGHWAYS,"STRAIGHT, LEVEL",MINOR ARTERIAL,ON ROADWAY,"4 OR MORE LANES, UNDIVIDED",True,60,SH0361,DRY,NONE,CLEAR
15115168,10439,False,10439,2023,CORPUS CHRISTI,FAILED TO CONTROL SPEED; FOLLOWED TOO CLOSELY,226303,27.398,2016-05-15,0,5,0,0,N - NOT INJURED,0,1600,0,2016,SUNDAY,35.117,0,MOTOR VEHICLE IN TRANSPORT,TWO-WAY,16:00 - 16:59,,N/A,NON INTERSECTION,27.61786638,DAYLIGHT,YES,-97.22013958,SAME DIRECTION - BOTH GOING STRAIGHT-REAR END,NO MEDIAN,NOT APPLICABLE,5,NOT APPLICABLE,True,NOT APPLICABLE,"250,000 POP AND OVER",NO,0638,1.435,US & STATE HIGHWAYS,"CURVE, LEVEL",MINOR ARTERIAL,ON ROADWAY,"4 OR MORE LANES, UNDIVIDED",False,60,SH0361,STANDING WATER,MARKED LANES,RAIN
15129086,10439,False,10439,2023,CORPUS CHRISTI,FAILED TO DRIVE IN SINGLE LANE,226303,26.82,2016-05-24,0,5,0,0,N - NOT INJURED,0,1535,0,2016,TUESDAY,34.539,0,MOTOR VEHICLE IN TRANSPORT,TWO-WAY,15:00 - 15:59,,N/A,NON INTERSECTION,27.62089561,DAYLIGHT,YES,-97.2117313,OPPOSITE DIRECTION - BOTH GOING STRAIGHT,NO MEDIAN,NOT APPLICABLE,5,NOT APPLICABLE,True,NOT APPLICABLE,"250,000 POP AND OVER",NO,0638,0.857,US & STATE HIGHWAYS,"CURVE, GRADE",MINOR ARTERIAL,ON ROADWAY,"4 OR MORE LANES, UNDIVIDED",False,35,SH0361,DRY,MARKED LANES,CLOUDY
15141471,10439,True,10439,2023,CORPUS CHRISTI,DRIVER INATTENTION,226303,27.498,2016-05-25,0,5,0,0,N - NOT INJURED,0,1040,0,2016,WEDNESDAY,35.217,0,MOTOR VEHICLE IN TRANSPORT,TWO-WAY,10:00 - 10:59,0022,PR0022,INTERSECTION,27.6178894,DAYLIGHT,YES,-97.22177124,OPPOSITE DIRECTION - ONE STRAIGHT-ONE LEFT TURN,NO MEDIAN,FOUR ENTERING ROADS,5,NOT APPLICABLE,True,ATTENTION DIVERTED FROM DRIVING,"250,000 POP AND OVER",NO,0638,1.535,US & STATE HIGHWAYS,"STRAIGHT, LEVEL",MINOR ARTERIAL,ON ROADWAY,"4 OR MORE LANES, UNDIVIDED",False,55,SH0361,DRY,SIGNAL LIGHT,CLEAR
15139698,10439,False,10439,2023,CORPUS CHRISTI,CHANGED LANE WHEN UNSAFE,226303,27.451,2016-05-29,0,5,0,1,C - POSSIBLE INJURY,0,2044,1,2016,SUNDAY,35.17,0,MOTOR VEHICLE IN TRANSPORT,TWO-WAY,20:00 - 20:59,,N/A,NON INTERSECTION,27.61787862,"DARK, LIGHTED",YES,-97.22100159,SAME DIRECTION - BOTH GOING STRAIGHT-SIDESWIPE,NO MEDIAN,NOT APPLICABLE,5,NOT APPLICABLE,True,VEHICLE CHANGING LANES,"250,000 POP AND OVER",NO,0638,1.488,US & STATE HIGHWAYS,"STRAIGHT, LEVEL",MINOR ARTERIAL,ON ROADWAY,"4 OR MORE LANES, UNDIVIDED",False,55,SH0361,DRY,MARKED LANES,CLEAR
15139755,10439,False,10439,2023,CORPUS CHRISTI,TURNED WHEN UNSAFE,226303,27.22,2016-05-29,0,5,0,0,N - NOT INJURED,0,1846,0,2016,SUNDAY,34.939,0,MOTOR VEHICLE IN TRANSPORT,TWO-WAY,18:00 - 18:59,,N/A,NON INTERSECTION,27.61802259,DAYLIGHT,YES,-97.21724492,OPPOSITE DIRECTION - ONE STRAIGHT-ONE LEFT TURN,NO MEDIAN,NOT APPLICABLE,5,NOT APPLICABLE,True,NOT APPLICABLE,"250,000 POP AND OVER",NO,0638,1.257,US & STATE HIGHWAYS,"STRAIGHT, LEVEL",MINOR ARTERIAL,ON ROADWAY,"4 OR MORE LANES, UNDIVIDED",False,55,SH0361,DRY,MARKED LANES,CLOUDY
15126579,15893,False,15893,2023,PORT ARANSAS,DRIVER INATTENTION; FAILED TO CONTROL SPEED,226303,12.061,2016-05-30,0,5,0,0,N - NOT INJURED,0,1201,0,2016,MONDAY,19.78,0,MOTOR VEHICLE IN TRANSPORT,BOULEVARD,12:00 - 12:59,,N/A,NON INTERSECTION,27.80312034,DAYLIGHT,YES,-97.08521379,SAME DIRECTION - BOTH GOING STRAIGHT-REAR END,CURBED,NOT APPLICABLE,4,NOT APPLICABLE,True,SLOWING/STOPPING-FOR TRAFFIC,"2,500 - 4,999 POP",NO,0624,0.03,US & STATE HIGHWAYS,"STRAIGHT, LEVEL",MINOR ARTERIAL,ON ROADWAY,"4 OR MORE LANES, DIVIDED",True,55,SH0361,WET,NONE,CLEAR
15166109,10439,False,10439,2023,CORPUS CHRISTI,CHANGED LANE WHEN UNSAFE; DISTRACTION IN VEHICLE,226303,27.441,2016-06-02,0,6,0,0,N - NOT INJURED,0,0837,0,2016,THURSDAY,35.16,0,MOTOR VEHICLE IN TRANSPORT,TWO-WAY,08:00 - 08:59,,N/A,NON INTERSECTION,27.61787644,DAYLIGHT,YES,-97.22084747,SAME DIRECTION - BOTH GOING STRAIGHT-SIDESWIPE,NO MEDIAN,NOT APPLICABLE,5,NOT APPLICABLE,True,VEHICLE CHANGING LANES,"250,000 POP AND OVER",NO,0638,1.478,US & STATE HIGHWAYS,"STRAIGHT, LEVEL",MINOR ARTERIAL,ON ROADWAY,"4 OR MORE LANES, UNDIVIDED",False,55,SH0361,DRY,CENTER STRIPE/DIVIDER,CLEAR
15162728,10439,False,10439,2023,CORPUS CHRISTI,FAILED TO CONTROL SPEED;OTHER (EXPLAIN IN NARRATIVE),226303,26.647,2016-06-04,0,6,0,0,N - NOT INJURED,0,0551,0,2016,SATURDAY,34.366,0,FIXED OBJECT,TWO-WAY,05:00 - 05:59,,N/A,NON INTERSECTION,27.62295214,"DARK, NOT LIGHTED",YES,-97.21012702,ONE MOTOR VEHICLE - GOING STRAIGHT,NO MEDIAN,NOT APPLICABLE,5,HIT FENCE,True,"LOST CONTROL OR SKIDDED (ICY OR SLICK ROAD, ETC.)","250,000 POP AND OVER",NO,0638,0.684,US & STATE HIGHWAYS,"CURVE, LEVEL",MINOR ARTERIAL,OFF ROADWAY,"4 OR MORE LANES, UNDIVIDED",False,55,SH0361,WET,MARKED LANES,RAIN
15174996,10439,False,10439,2023,CORPUS CHRISTI,FAILED TO YIELD RIGHT OF WAY - PRIVATE DRIVE,226303,27.453,2016-06-12,0,6,0,0,N - NOT INJURED,0,1312,0,2016,SUNDAY,35.172,0,MOTOR VEHICLE IN TRANSPORT,TWO-WAY,13:00 - 13:59,,N/A,DRIVEWAY ACCESS,27.61787908,DAYLIGHT,YES,-97.2210339,ANGLE - BOTH GOING STRAIGHT,NO MEDIAN,NOT APPLICABLE,5,NOT APPLICABLE,True,ONE VEHICLE LEAVING DRIVEWAY,"250,000 POP AND OVER",NO,0638,1.49,US & STATE HIGHWAYS,"STRAIGHT, LEVEL",MINOR ARTERIAL,ON ROADWAY,"4 OR MORE LANES, UNDIVIDED",False,60,SH0361,DRY,CENTER STRIPE/DIVIDER,CLEAR
15162197,12050,False,12050,2023,OUTSIDE CITY LIMITS,LOAD NOT SECURED,226303,13.767,2016-06-13,0,6,0,0,N - NOT INJURED,0,1632,0,2016,MONDAY,21.486,0,MOTOR VEHICLE IN TRANSPORT,TWO-WAY,16:00 - 16:59,,N/A,NON INTERSECTION,27.78329103,DAYLIGHT,YES,-97.10189963,OPPOSITE DIRECTION - BOTH GOING STRAIGHT,NO MEDIAN,NOT APPLICABLE,5,HIT BY FALLEN/BLOWING ROCKS FROM A TRUCK,True,CONSTRUCTION - WITHIN POSTED ROAD CONSTRUCTION ZONE (NOT RELATED TO CRASH),RURAL,NO,0626,-0.226,US & STATE HIGHWAYS,"STRAIGHT, LEVEL",MINOR ARTERIAL,ON ROADWAY,"4 OR MORE LANES, UNDIVIDED",True,55,SH0361,DRY,NONE,CLEAR
15171197,15893,True,15893,2023,PORT ARANSAS,FAILED TO CONTROL SPEED; FAILED TO SIGNAL OR GAVE WRONG SIGNAL,226303,12.309,2016-06-13,0,6,0,1,C - POSSIBLE INJURY,0,2254,1,2016,MONDAY,20.028,0,MOTOR VEHICLE IN TRANSPORT,BOULEVARD,22:00 - 22:59,,MUSTANG BLVD,INTERSECTION,27.80023347,"DARK, LIGHTED",YES,-97.08764061,SAME DIRECTION - BOTH GOING STRAIGHT-REAR END,CURBED,THREE ENTERING ROADS - T,4,NOT APPLICABLE,True,CONSTRUCTION - WITHIN POSTED ROAD CONSTRUCTION ZONE (NOT RELATED TO CRASH),"2,500 - 4,999 POP",NO,0624,0.278,US & STATE HIGHWAYS,"STRAIGHT, LEVEL",MINOR ARTERIAL,ON ROADWAY,"4 OR MORE LANES, DIVIDED",True,55,SH0361,DRY,STOP SIGN,CLOUDY
15194481,10439,False,10439,2023,CORPUS CHRISTI,DRIVER INATTENTION; FAILED TO CONTROL SPEED,226303,26.178,2016-06-19,0,6,0,1,C - POSSIBLE INJURY,0,1247,1,2016,SUNDAY,33.897,0,MOTOR VEHICLE IN TRANSPORT,TWO-WAY,12:00 - 12:59,,N/A,NON INTERSECTION,27.62878294,DAYLIGHT,YES,-97.20617599,SAME DIRECTION - ONE STRAIGHT-ONE STOPPED,NO MEDIAN,NOT APPLICABLE,5,NOT APPLICABLE,True,SLOWING/STOPPING-FOR TRAFFIC,"250,000 POP AND OVER",NO,0638,0.215,US & STATE HIGHWAYS,"STRAIGHT, LEVEL",MINOR ARTERIAL,ON ROADWAY,"4 OR MORE LANES, UNDIVIDED",False,60,SH0361,DRY,CENTER STRIPE/DIVIDER,CLEAR
15181178,10439,False,10439,2023,CORPUS CHRISTI,FAILED TO DRIVE IN SINGLE LANE,226303,24.144,2016-06-25,0,6,0,0,N - NOT INJURED,0,1100,0,2016,SATURDAY,31.863,0,MOTOR VEHICLE IN TRANSPORT,TWO-WAY,11:00 - 11:59,,N/A,NON INTERSECTION,27.65412501,DAYLIGHT,YES,-97.18913858,SAME DIRECTION - BOTH GOING STRAIGHT-SIDESWIPE,NO MEDIAN,NOT APPLICABLE,5,NOT APPLICABLE,True,VEHICLE PASSING OR ATTEMPTING TO PASS ON LEFT,"250,000 POP AND OVER",NO,0636,0.18,US & STATE HIGHWAYS,"STRAIGHT, LEVEL",MINOR ARTERIAL,ON ROADWAY,"4 OR MORE LANES, UNDIVIDED",False,65,SH0361,DRY,CENTER STRIPE/DIVIDER,CLEAR
15210962,15893,False,15893,2023,PORT ARANSAS,DRIVER INATTENTION; FAILED TO CONTROL SPEED,226303,11.843,2016-07-04,0,7,0,0,N - NOT INJURED,0,1456,0,2016,MONDAY,19.562,0,MOTOR VEHICLE IN TRANSPORT,BOULEVARD,14:00 - 14:59,,ACCESS ROAD 1 A,INTERSECTION RELATED,27.80566303,DAYLIGHT,YES,-97.08307631,SAME DIRECTION - ONE STRAIGHT-ONE STOPPED,CURBED,FOUR ENTERING ROADS,4,NOT APPLICABLE,True,CONSTRUCTION - WITHIN POSTED ROAD CONSTRUCTION ZONE (NOT RELATED TO CRASH),"2,500 - 4,999 POP",NO,0624,-0.188,US & STATE HIGHWAYS,"STRAIGHT, LEVEL",MINOR ARTERIAL,ON ROADWAY,"4 OR MORE LANES, DIVIDED",True,55,SH0361,DRY,SIGNAL LIGHT,CLEAR
15220311,10439,False,10439,2023,CORPUS CHRISTI,TURNED IMPROPERLY - WRONG LANE,226303,26.742,2016-07-04,0,7,0,0,N - NOT INJURED,0,1007,0,2016,MONDAY,34.461,0,MOTOR VEHICLE IN TRANSPORT,TWO-WAY,10:00 - 10:59,,N/A,NON INTERSECTION,27.6217862,DAYLIGHT,YES,-97.21094102,SAME DIRECTION - ONE STRAIGHT-ONE LEFT TURN,NO MEDIAN,THREE ENTERING ROADS - T,5,NOT APPLICABLE,True,NOT APPLICABLE,"250,000 POP AND OVER",NO,0638,0.779,US & STATE HIGHWAYS,"STRAIGHT, LEVEL",MINOR ARTERIAL,ON ROADWAY,"4 OR MORE LANES, UNDIVIDED",False,60,SH0361,DRY,CENTER STRIPE/DIVIDER,CLEAR
15227502,10439,False,10439,2023,CORPUS CHRISTI,FAILED TO YIELD RIGHT OF WAY - TURNING LEFT,226303,21.355,2016-07-06,0,7,1,0,B - SUSPECTED MINOR INJURY,0,1243,1,2016,WEDNESDAY,29.074,0,MOTOR VEHICLE IN TRANSPORT,TWO-WAY,12:00 - 12:59,,N/A,NON INTERSECTION,27.68888159,DAYLIGHT,YES,-97.16576765,OPPOSITE DIRECTION - ONE STRAIGHT-ONE LEFT TURN,NO MEDIAN,NOT APPLICABLE,5,NOT APPLICABLE,True,NOT APPLICABLE,"250,000 POP AND OVER",NO,0634,-0.609,US & STATE HIGHWAYS,"STRAIGHT, LEVEL",MINOR ARTERIAL,ON ROADWAY,"4 OR MORE LANES, UNDIVIDED",False,60,SH0361,DRY,CENTER STRIPE/DIVIDER,CLEAR
15228751,10439,False,10439,2023,CORPUS CHRISTI,FAILED TO CONTROL SPEED,226303,22.647,2016-07-06,0,7,0,0,N - NOT INJURED,0,1247,0,2016,WEDNESDAY,30.366,0,MOTOR VEHICLE IN TRANSPORT,TWO-WAY,12:00 - 12:59,,N/A,NON INTERSECTION,27.6727796,DAYLIGHT,YES,-97.17658864,SAME DIRECTION - BOTH GOING STRAIGHT-REAR END,NO MEDIAN,NOT APPLICABLE,5,NOT APPLICABLE,True,SLOWING/STOPPING-FOR TRAFFIC,"250,000 POP AND OVER",NO,0634,0.683,US & STATE HIGHWAYS,"STRAIGHT, LEVEL",MINOR ARTERIAL,ON ROADWAY,"4 OR MORE LANES, UNDIVIDED",False,60,SH0361,DRY,CENTER STRIPE/DIVIDER,CLEAR
15234787,10439,False,10439,2023,CORPUS CHRISTI,FAILED TO DRIVE IN SINGLE LANE; FATIGUED OR ASLEEP,226303,20.923,2016-07-07,0,7,0,0,N - NOT INJURED,0,1402,0,2016,THURSDAY,28.642,0,OVERTURNED,TWO-WAY,14:00 - 14:59,,N/A,NON INTERSECTION,27.69427643,DAYLIGHT,YES,-97.16214191,ONE MOTOR VEHICLE - GOING STRAIGHT,NO MEDIAN,NOT APPLICABLE,5,OVERTURNED,True,ATTENTION DIVERTED FROM DRIVING,"250,000 POP AND OVER",NO,0632,0.959,US & STATE HIGHWAYS,"STRAIGHT, LEVEL",MINOR ARTERIAL,OFF ROADWAY,"4 OR MORE LANES, UNDIVIDED",False,-1,SH0361,DRY,MARKED LANES,CLEAR
15198560,15893,False,15893,2023,PORT ARANSAS,DRIVER INATTENTION; FAILED TO CONTROL SPEED,226303,11.876,2016-07-08,0,7,0,0,N - NOT INJURED,0,1839,0,2016,FRIDAY,19.595,0,MOTOR VEHICLE IN TRANSPORT,BOULEVARD,18:00 - 18:59,,ACCESS ROAD 1 A,INTERSECTION RELATED,27.80527793,DAYLIGHT,YES,-97.08340004,SAME DIRECTION - ONE STRAIGHT-ONE STOPPED,CURBED,FOUR ENTERING ROADS,4,NOT APPLICABLE,True,"SLOWING/STOPPING - FOR OFFICER, FLAGMAN, OR TRAFFIC CONTROL","2,500 - 4,999 POP",NO,0624,-0.155,US & STATE HIGHWAYS,"STRAIGHT, LEVEL",MINOR ARTERIAL,ON ROADWAY,"4 OR MORE LANES, DIVIDED",True,55,SH0361,DRY,SIGNAL LIGHT,CLEAR
15240653,12050,False,12050,2023,CORPUS CHRISTI,FAILED TO PASS TO LEFT SAFELY,226303,17.176,2016-07-14,0,7,0,0,N - NOT INJURED,0,2306,0,2016,THURSDAY,24.895,0,MOTOR VEHICLE IN TRANSPORT,TWO-WAY,23:00 - 23:59,,N/A,DRIVEWAY ACCESS,27.7409481,"DARK, LIGHTED",YES,-97.13071997,SAME DIRECTION - ONE STRAIGHT-ONE LEFT TURN,NO MEDIAN,NOT APPLICABLE,5,NOT APPLICABLE,True,CONSTRUCTION - WITHIN POSTED ROAD CONSTRUCTION ZONE (NOT RELATED TO CRASH),"250,000 POP AND OVER",NO,0630,-0.837,US & STATE HIGHWAYS,"STRAIGHT, LEVEL",MINOR ARTERIAL,ON ROADWAY,"4 OR MORE LANES, UNDIVIDED",False,55,SH0361,DRY,MARKED LANES,CLEAR
15250321,10439,False,10439,2023,CORPUS CHRISTI,CHANGED LANE WHEN UNSAFE,226303,27.489,2016-07-19,0,7,0,0,N - NOT INJURED,0,0036,0,2016,TUESDAY,35.208,0,MOTOR VEHICLE IN TRANSPORT,TWO-WAY,00:00 - 00:59,,N/A,NON INTERSECTION,27.61788736,"DARK, LIGHTED",YES,-97.22161719,SAME DIRECTION - BOTH GOING STRAIGHT-SIDESWIPE,NO MEDIAN,NOT APPLICABLE,5,NOT APPLICABLE,True,VEHICLE CHANGING LANES,"250,000 POP AND OVER",NO,0638,1.526,US & STATE HIGHWAYS,"STRAIGHT, LEVEL",MINOR ARTERIAL,ON ROADWAY,"4 OR MORE LANES, UNDIVIDED",False,-1,SH0361,DRY,CENTER STRIPE/DIVIDER,CLEAR
15274172,10439,True,10439,2023,CORPUS CHRISTI,TURNED IMPROPERLY - CUT CORNER ON LEFT,226303,27.498,2016-08-03,0,8,0,5,C - POSSIBLE INJURY,0,1120,5,2016,WEDNESDAY,35.217,0,MOTOR VEHICLE IN TRANSPORT,TWO-WAY,11:00 - 11:59,0022,PR0022,INTERSECTION,27.6178894,DAYLIGHT,YES,-97.22177124,SAME DIRECTION - BOTH LEFT TURN,NO MEDIAN,FOUR ENTERING ROADS,5,NOT APPLICABLE,True,NOT APPLICABLE,"250,000 POP AND OVER",NO,0638,1.535,US & STATE HIGHWAYS,"STRAIGHT, LEVEL",MINOR ARTERIAL,ON ROADWAY,"4 OR MORE LANES, UNDIVIDED",False,55,SH0361,DRY,SIGNAL LIGHT,CLEAR
15283754,10439,False,10439,2023,CORPUS CHRISTI,BACKED WITHOUT SAFETY,226303,27.481,2016-08-08,0,8,0,1,C - POSSIBLE INJURY,0,1138,1,2016,MONDAY,35.2,0,MOTOR VEHICLE IN TRANSPORT,TWO-WAY,11:00 - 11:59,,N/A,NON INTERSECTION,27.61788561,DAYLIGHT,YES,-97.22149407,OPPOSITE DIRECTION - ONE STRAIGHT-ONE BACKING,NO MEDIAN,NOT APPLICABLE,5,NOT APPLICABLE,True,NOT APPLICABLE,"250,000 POP AND OVER",NO,0638,1.518,US & STATE HIGHWAYS,"STRAIGHT, LEVEL",MINOR ARTERIAL,ON ROADWAY,"4 OR MORE LANES, UNDIVIDED",False,55,SH0361,DRY,CENTER STRIPE/DIVIDER,CLEAR
15313697,10439,False,10439,2023,CORPUS CHRISTI,FAILED TO CONTROL SPEED,226303,27.403,2016-08-23,0,8,0,0,N - NOT INJURED,0,1625,0,2016,TUESDAY,35.122,0,MOTOR VEHICLE IN TRANSPORT,TWO-WAY,16:00 - 16:59,,N/A,DRIVEWAY ACCESS,27.61786761,DAYLIGHT,YES,-97.22022566,SAME DIRECTION - ONE STRAIGHT-ONE STOPPED,NO MEDIAN,NOT APPLICABLE,5,NOT APPLICABLE,True,SLOWING/STOPPING-TO MAKE LEFT TURN,"250,000 POP AND OVER",NO,0638,1.44,US & STATE HIGHWAYS,"STRAIGHT, LEVEL",MINOR ARTERIAL,ON ROADWAY,"4 OR MORE LANES, UNDIVIDED",False,45,SH0361,DRY,MARKED LANES,CLEAR
15332607,10439,False,10439,2023,CORPUS CHRISTI,FAILED TO CONTROL SPEED,226303,27.492,2016-09-04,0,9,0,0,N - NOT INJURED,0,1720,0,2016,SUNDAY,35.211,0,MOTOR VEHICLE IN TRANSPORT,TWO-WAY,17:00 - 17:59,0022,PR0022,INTERSECTION RELATED,27.61788823,DAYLIGHT,YES,-97.22167875,SAME DIRECTION - ONE STRAIGHT-ONE STOPPED,NO MEDIAN,NOT APPLICABLE,5,NOT APPLICABLE,True,SLOWING/STOPPING-REASON NOT SPECIFIED,"250,000 POP AND OVER",NO,0638,1.529,US & STATE HIGHWAYS,"STRAIGHT, LEVEL",MINOR ARTERIAL,ON ROADWAY,"4 OR MORE LANES, UNDIVIDED",False,55,SH0361,DRY,MARKED LANES,CLOUDY
15344444,12050,False,12050,2023,CORPUS CHRISTI,OTHER (EXPLAIN IN NARRATIVE),226303,16.419,2016-09-11,0,9,1,0,B - SUSPECTED MINOR INJURY,0,1623,1,2016,SUNDAY,24.138,0,OVERTURNED,TWO-WAY,16:00 - 16:59,,N/A,NON INTERSECTION,27.75037925,DAYLIGHT,YES,-97.12439555,ONE MOTOR VEHICLE - GOING STRAIGHT,NO MEDIAN,NOT APPLICABLE,5,OVERTURNED,True,CONSTRUCTION - WITHIN POSTED ROAD CONSTRUCTION ZONE (NOT RELATED TO CRASH),"250,000 POP AND OVER",NO,0628,0.437,US & STATE HIGHWAYS,"STRAIGHT, LEVEL",MINOR ARTERIAL,OFF ROADWAY,"4 OR MORE LANES, UNDIVIDED",False,60,SH0361,"SAND, MUD, DIRT",OTHER (EXPLAIN IN NARRATIVE),CLEAR
15335721,15893,True,15893,2023,PORT ARANSAS,DRIVER INATTENTION,226303,11.782,2016-09-24,0,9,0,0,N - NOT INJURED,0,2130,0,2016,SATURDAY,19.501,0,MOTOR VEHICLE IN TRANSPORT,BOULEVARD,21:00 - 21:59,,PIPER BLVD,INTERSECTION RELATED,27.80637738,"DARK, NOT LIGHTED",YES,-97.0824751,SAME DIRECTION - ONE STRAIGHT-ONE STOPPED,CURBED,FOUR ENTERING ROADS,4,NOT APPLICABLE,True,CONSTRUCTION - WITHIN POSTED ROAD CONSTRUCTION ZONE (NOT RELATED TO CRASH),"2,500 - 4,999 POP",NO,0624,-0.249,US & STATE HIGHWAYS,"STRAIGHT, LEVEL",MINOR ARTERIAL,ON ROADWAY,"4 OR MORE LANES, DIVIDED",True,45,SH0361,DRY,SIGNAL LIGHT,CLEAR
15394017,10439,True,10439,2023,CORPUS CHRISTI,DISREGARD STOP AND GO SIGNAL,226303,27.498,2016-10-04,0,10,0,0,N - NOT INJURED,0,1910,0,2016,TUESDAY,35.217,0,MOTOR VEHICLE IN TRANSPORT,TWO-WAY,19:00 - 19:59,0022,PR0022,INTERSECTION,27.6178894,DAYLIGHT,YES,-97.22177124,OPPOSITE DIRECTION - ONE STRAIGHT-ONE LEFT TURN,NO MEDIAN,FOUR ENTERING ROADS,5,NOT APPLICABLE,True,NOT APPLICABLE,"250,000 POP AND OVER",NO,0638,1.535,US & STATE HIGHWAYS,"STRAIGHT, LEVEL",MINOR ARTERIAL,ON ROADWAY,"4 OR MORE LANES, UNDIVIDED",False,55,SH0361,DRY,SIGNAL LIGHT,CLEAR
15426987,10439,False,10439,2023,CORPUS CHRISTI,FAILED TO YIELD RIGHT OF WAY - TURNING LEFT,226303,21.998,2016-10-17,0,10,2,0,B - SUSPECTED MINOR INJURY,0,1553,2,2016,MONDAY,29.717,0,MOTOR VEHICLE IN TRANSPORT,TWO-WAY,15:00 - 15:59,,N/A,NON INTERSECTION,27.68087883,DAYLIGHT,YES,-97.17117962,SAME DIRECTION - ONE STRAIGHT-ONE LEFT TURN,NO MEDIAN,NOT APPLICABLE,5,NOT APPLICABLE,True,NOT APPLICABLE,"250,000 POP AND OVER",NO,0634,0.034,US & STATE HIGHWAYS,"STRAIGHT, LEVEL",MINOR ARTERIAL,ON ROADWAY,"4 OR MORE LANES, UNDIVIDED",False,60,SH0361,DRY,MARKED LANES,CLEAR
15402014,12050,False,12050,2023,CORPUS CHRISTI,ANIMAL ON ROAD - WILD,226303,17.498,2016-10-29,0,10,0,0,N - NOT INJURED,0,0016,0,2016,SATURDAY,25.217,0,ANIMAL,TWO-WAY,00:00 - 00:59,,N/A,NON INTERSECTION,27.73693906,"DARK, NOT LIGHTED",YES,-97.13342446,ONE MOTOR VEHICLE - GOING STRAIGHT,NO MEDIAN,NOT APPLICABLE,5,NOT APPLICABLE,True,NOT APPLICABLE,"250,000 POP AND OVER",NO,0630,-0.515,US & STATE HIGHWAYS,"STRAIGHT, LEVEL",MINOR ARTERIAL,ON ROADWAY,"4 OR MORE LANES, UNDIVIDED",False,65,SH0361,DRY,MARKED LANES,CLEAR
15474065,10439,False,10439,2023,CORPUS CHRISTI,TURNED WHEN UNSAFE,226303,22.871,2016-11-18,0,11,0,0,N - NOT INJURED,0,0632,0,2016,FRIDAY,30.59,0,MOTOR VEHICLE IN TRANSPORT,TWO-WAY,06:00 - 06:59,,N/A,NON INTERSECTION,27.66998816,DAYLIGHT,YES,-97.17846971,OPPOSITE DIRECTION - ONE STRAIGHT-ONE LEFT TURN,NO MEDIAN,NOT APPLICABLE,5,NOT APPLICABLE,True,NOT APPLICABLE,"250,000 POP AND OVER",NO,0634,0.907,US & STATE HIGHWAYS,"STRAIGHT, LEVEL",MINOR ARTERIAL,ON ROADWAY,"4 OR MORE LANES, UNDIVIDED",False,60,SH0361,DRY,MARKED LANES,CLEAR
15506506,10439,False,10439,2023,CORPUS CHRISTI,FAULTY EVASIVE ACTION,226303,24.64,2016-11-25,0,11,1,0,B - SUSPECTED MINOR INJURY,0,1733,1,2016,FRIDAY,32.359,0,OVERTURNED,TWO-WAY,17:00 - 17:59,,N/A,NON INTERSECTION,27.64793659,DUSK,YES,-97.19326218,ONE MOTOR VEHICLE - GOING STRAIGHT,NO MEDIAN,NOT APPLICABLE,5,OVERTURNED,True,CRASH OCCURRED ON A BEACH,"250,000 POP AND OVER",NO,0636,0.676,OTHER ROADS,"STRAIGHT, LEVEL",MINOR ARTERIAL,ON ROADWAY,"4 OR MORE LANES, UNDIVIDED",False,15,SH0361,"SAND, MUD, DIRT",NONE,CLOUDY
15484342,12050,False,12050,2023,CORPUS CHRISTI,ANIMAL ON ROAD - WILD,226303,19.461,2016-11-26,0,11,0,0,N - NOT INJURED,0,2013,0,2016,SATURDAY,27.18,0,ANIMAL,TWO-WAY,20:00 - 20:59,,N/A,NON INTERSECTION,27.71248982,"DARK, NOT LIGHTED",YES,-97.14990403,ONE MOTOR VEHICLE - GOING STRAIGHT,NO MEDIAN,NOT APPLICABLE,5,NOT APPLICABLE,True,CONSTRUCTION - WITHIN POSTED ROAD CONSTRUCTION ZONE (NOT RELATED TO CRASH),"250,000 POP AND OVER",NO,0632,-0.503,US & STATE HIGHWAYS,"STRAIGHT, LEVEL",MINOR ARTERIAL,ON ROADWAY,"4 OR MORE LANES, UNDIVIDED",False,60,SH0361,DRY,MARKED LANES,CLEAR
15535886,10439,False,10439,2023,CORPUS CHRISTI,FAILED TO CONTROL SPEED,226303,21.356,2016-12-27,0,12,1,0,B - SUSPECTED MINOR INJURY,0,1517,1,2016,TUESDAY,29.075,0,OVERTURNED,TWO-WAY,15:00 - 15:59,,N/A,NON INTERSECTION,27.6888789,DAYLIGHT,YES,-97.16576945,ONE MOTOR VEHICLE - GOING STRAIGHT,NO MEDIAN,NOT APPLICABLE,5,OVERTURNED,True,NOT APPLICABLE,"250,000 POP AND OVER",NO,0634,-0.608,US & STATE HIGHWAYS,"STRAIGHT, LEVEL",MINOR ARTERIAL,ON ROADWAY,"4 OR MORE LANES, UNDIVIDED",False,60,SH0361,DRY,MARKED LANES,CLEAR
15555271,10439,False,10439,2023,CORPUS CHRISTI,DRIVER INATTENTION; TURNED IMPROPERLY - CUT CORNER ON LEFT,226303,27.46,2017-01-02,0,1,0,0,N - NOT INJURED,0,1838,0,2017,MONDAY,35.179,0,MOTOR VEHICLE IN TRANSPORT,TWO-WAY,18:00 - 18:59,,N/A,DRIVEWAY ACCESS,27.61788081,DUSK,YES,-97.22115549,ANGLE - ONE STRAIGHT-ONE LEFT TURN,NO MEDIAN,NOT APPLICABLE,5,NOT APPLICABLE,True,ONE VEHICLE ENTERING DRIVEWAY,"250,000 POP AND OVER",NO,0638,1.497,US & STATE HIGHWAYS,"STRAIGHT, LEVEL",MINOR ARTERIAL,ON ROADWAY,"4 OR MORE LANES, UNDIVIDED",False,55,SH0361,DRY,CENTER STRIPE/DIVIDER,CLEAR
15601627,10439,False,10439,2023,CORPUS CHRISTI,TURNED WHEN UNSAFE,226303,26.76,2017-02-11,0,2,0,0,N - NOT INJURED,0,1802,0,2017,SATURDAY,34.479,0,MOTOR VEHICLE IN TRANSPORT,TWO-WAY,18:00 - 18:59,,N/A,NON INTERSECTION,27.62156807,DAYLIGHT,YES,-97.21111844,SAME DIRECTION - ONE STRAIGHT-ONE LEFT TURN,NO MEDIAN,NOT APPLICABLE,5,NOT APPLICABLE,True,NOT APPLICABLE,"250,000 POP AND OVER",NO,0638,0.797,US & STATE HIGHWAYS,"STRAIGHT, LEVEL",MINOR ARTERIAL,ON ROADWAY,"4 OR MORE LANES, UNDIVIDED",False,55,SH0361,DRY,CENTER STRIPE/DIVIDER,CLEAR
15622941,12050,False,12050,2023,CORPUS CHRISTI,DISTRACTION IN VEHICLE; FAILED TO PASS TO LEFT SAFELY,226303,17.498,2017-02-20,0,2,1,0,B - SUSPECTED MINOR INJURY,0,0659,1,2017,MONDAY,25.217,0,OVERTURNED,TWO-WAY,06:00 - 06:59,,N/A,NON INTERSECTION,27.73693906,DAWN,YES,-97.13342446,ONE MOTOR VEHICLE - GOING STRAIGHT,NO MEDIAN,NOT APPLICABLE,5,OVERTURNED,True,VEHICLE PASSING OR ATTEMPTING TO PASS ON LEFT,"250,000 POP AND OVER",NO,0630,-0.515,US & STATE HIGHWAYS,"STRAIGHT, LEVEL",MINOR ARTERIAL,ON ROADWAY,"4 OR MORE LANES, UNDIVIDED",False,60,SH0361,WET,CENTER STRIPE/DIVIDER,RAIN
15641749,12050,False,12050,2023,CORPUS CHRISTI,CHANGED LANE WHEN UNSAFE; PASSED IN NO PASSING LANE,226303,18.218,2017-02-24,0,2,0,1,C - POSSIBLE INJURY,0,0611,1,2017,FRIDAY,25.937,0,MOTOR VEHICLE IN TRANSPORT,TWO-WAY,06:00 - 06:59,,N/A,NON INTERSECTION,27.72796727,"DARK, LIGHTED",YES,-97.13947681,SAME DIRECTION - BOTH GOING STRAIGHT-SIDESWIPE,NO MEDIAN,NOT APPLICABLE,5,OVERTURNED,True,CONSTRUCTION - WITHIN POSTED ROAD CONSTRUCTION ZONE (NOT RELATED TO CRASH),"250,000 POP AND OVER",NO,0630,0.205,US & STATE HIGHWAYS,"STRAIGHT, LEVEL",MINOR ARTERIAL,ON ROADWAY,"4 OR MORE LANES, UNDIVIDED",False,55,SH0361,WET,CENTER STRIPE/DIVIDER,OTHER (EXPLAIN IN NARRATIVE)
15606701,15893,False,15893,2023,PORT ARANSAS,CHANGED LANE WHEN UNSAFE,226303,11.772,2017-02-25,0,2,0,0,N - NOT INJURED,0,1746,0,2017,SATURDAY,19.491,0,MOTOR VEHICLE IN TRANSPORT,BOULEVARD,17:00 - 17:59,,UNKNOWN,INTERSECTION RELATED,27.80648489,DAYLIGHT,YES,-97.08237922,SAME DIRECTION - ONE STRAIGHT-ONE STOPPED,CURBED,THREE ENTERING ROADS - T,4,NOT APPLICABLE,True,CONSTRUCTION - WITHIN POSTED ROAD CONSTRUCTION ZONE (NOT RELATED TO CRASH),"2,500 - 4,999 POP",NO,0624,-0.259,US & STATE HIGHWAYS,"STRAIGHT, LEVEL",MINOR ARTERIAL,ON ROADWAY,"4 OR MORE LANES, DIVIDED",True,55,SH0361,DRY,MARKED LANES,CLEAR
15670740,10439,False,10439,2023,CORPUS CHRISTI,UNDER INFLUENCE - ALCOHOL,226303,27.198,2017-03-11,0,3,0,0,N - NOT INJURED,0,1930,0,2017,SATURDAY,34.917,0,MOTOR VEHICLE IN TRANSPORT,TWO-WAY,19:00 - 19:59,,N/A,NON INTERSECTION,27.61809583,"DARK, NOT LIGHTED",YES,-97.2169034,SAME DIRECTION - ONE STRAIGHT-ONE STOPPED,NO MEDIAN,FOUR ENTERING ROADS,5,NOT APPLICABLE,True,SLOWING/STOPPING-FOR TRAFFIC,"250,000 POP AND OVER",NO,0638,1.235,US & STATE HIGHWAYS,"STRAIGHT, LEVEL",MINOR ARTERIAL,ON ROADWAY,"4 OR MORE LANES, UNDIVIDED",False,45,SH0361,WET,CENTER STRIPE/DIVIDER,CLEAR
15651657,15893,False,15893,2023,PORT ARANSAS,FAILED TO CONTROL SPEED,226303,11.933,2017-03-17,0,3,0,1,C - POSSIBLE INJURY,0,1916,1,2017,FRIDAY,19.652,0,MOTOR VEHICLE IN TRANSPORT,BOULEVARD,19:00 - 19:59,,N/A,NON INTERSECTION,27.80461767,DUSK,YES,-97.08395508,SAME DIRECTION - ONE STRAIGHT-ONE STOPPED,CURBED,NOT APPLICABLE,4,NOT APPLICABLE,True,CONSTRUCTION - WITHIN POSTED ROAD CONSTRUCTION ZONE (NOT RELATED TO CRASH),"2,500 - 4,999 POP",NO,0624,-0.098,US & STATE HIGHWAYS,"STRAIGHT, LEVEL",MINOR ARTERIAL,ON ROADWAY,"4 OR MORE LANES, DIVIDED",True,55,SH0361,DRY,MARKED LANES,CLEAR
15662433,12050,False,12050,2023,OUTSIDE CITY LIMITS,FAILED TO CONTROL SPEED; FOLLOWED TOO CLOSELY,226303,13.691,2017-03-17,0,3,0,0,A - SUSPECTED SERIOUS INJURY,1,1616,1,2017,FRIDAY,21.41,0,OVERTURNED,TWO-WAY,16:00 - 16:59,,N/A,NON INTERSECTION,27.78417058,DAYLIGHT,YES,-97.10115514,ONE MOTOR VEHICLE - GOING STRAIGHT,NO MEDIAN,THREE ENTERING ROADS - T,5,OVERTURNED,True,CONSTRUCTION - WITHIN POSTED ROAD CONSTRUCTION ZONE (NOT RELATED TO CRASH),RURAL,NO,0626,-0.302,US & STATE HIGHWAYS,"STRAIGHT, LEVEL",MINOR ARTERIAL,ON ROADWAY,"4 OR MORE LANES, UNDIVIDED",True,60,SH0361,DRY,OFFICER,CLEAR
15663461,12050,False,12050,2023,PORT ARANSAS,DISTRACTION IN VEHICLE; DRIVER INATTENTION; FOLLOWED TOO CLOSELY,226303,12.63,2017-03-17,0,3,0,0,N - NOT INJURED,0,1759,0,2017,FRIDAY,20.349,0,MOTOR VEHICLE IN TRANSPORT,BOULEVARD,17:00 - 17:59,,UNKNOWN,INTERSECTION RELATED,27.79650688,DAYLIGHT,YES,-97.09076694,SAME DIRECTION - ONE STRAIGHT-ONE STOPPED,CURBED,THREE ENTERING ROADS - T,4,NOT APPLICABLE,True,CONSTRUCTION - WITHIN POSTED ROAD CONSTRUCTION ZONE (NOT RELATED TO CRASH),"2,500 - 4,999 POP",NO,0624,0.599,US & STATE HIGHWAYS,"STRAIGHT, LEVEL",MINOR ARTERIAL,ON ROADWAY,"4 OR MORE LANES, DIVIDED",True,55,SH0361,DRY,STOP SIGN,CLEAR
15654549,15893,False,15893,2023,PORT ARANSAS,FAILED TO CONTROL SPEED; HAD BEEN DRINKING,226303,11.829,2017-03-18,0,3,0,1,C - POSSIBLE INJURY,0,1908,1,2017,SATURDAY,19.548,0,MOTOR VEHICLE IN TRANSPORT,BOULEVARD,19:00 - 19:59,,N/A,NON INTERSECTION,27.80582787,DAYLIGHT,YES,-97.08293774,SAME DIRECTION - ONE STRAIGHT-ONE STOPPED,CURBED,FOUR ENTERING ROADS,4,NOT APPLICABLE,True,CONSTRUCTION - WITHIN POSTED ROAD CONSTRUCTION ZONE (NOT RELATED TO CRASH),"2,500 - 4,999 POP",NO,0624,-0.202,US & STATE HIGHWAYS,"STRAIGHT, LEVEL",MINOR ARTERIAL,ON ROADWAY,"4 OR MORE LANES, DIVIDED",True,55,SH0361,DRY,SIGNAL LIGHT,CLEAR
15671385,15893,True,15893,2023,PORT ARANSAS,TURNED WHEN UNSAFE,226303,12.016,2017-03-18,0,3,0,0,N - NOT INJURED,0,1717,0,2017,SATURDAY,19.735,0,MOTOR VEHICLE IN TRANSPORT,BOULEVARD,17:00 - 17:59,,UNKNOWN,INTERSECTION RELATED,27.80364928,DAYLIGHT,YES,-97.08476914,SAME DIRECTION - ONE STRAIGHT-ONE LEFT TURN,CURBED,OTHER (EXPLAIN IN NARRATIVE),4,NOT APPLICABLE,True,CONSTRUCTION - WITHIN POSTED ROAD CONSTRUCTION ZONE (NOT RELATED TO CRASH),"2,500 - 4,999 POP",NO,0624,-0.015,US & STATE HIGHWAYS,"STRAIGHT, LEVEL",MINOR ARTERIAL,ON ROADWAY,"4 OR MORE LANES, DIVIDED",True,55,SH0361,DRY,MARKED LANES,CLEAR
15666508,10439,False,10439,2023,CORPUS CHRISTI,FAILED TO DRIVE IN SINGLE LANE,226303,23.648,2017-03-23,0,3,0,0,N - NOT INJURED,0,2048,0,2017,THURSDAY,31.367,0,MOTOR VEHICLE IN TRANSPORT,TWO-WAY,20:00 - 20:59,,N/A,NON INTERSECTION,27.66030584,"DARK, NOT LIGHTED",YES,-97.18498195,OPPOSITE DIRECTION - BOTH GOING STRAIGHT,NO MEDIAN,NOT APPLICABLE,5,NOT APPLICABLE,True,CONSTRUCTION - WITHIN POSTED ROAD CONSTRUCTION ZONE (NOT RELATED TO CRASH),"250,000 POP AND OVER",NO,0636,-0.316,US & STATE HIGHWAYS,"STRAIGHT, LEVEL",MINOR ARTERIAL,ON ROADWAY,"4 OR MORE LANES, UNDIVIDED",False,55,SH0361,DRY,CENTER STRIPE/DIVIDER,CLOUDY
15673584,12050,True,12050,2023,CORPUS CHRISTI,DRIVER INATTENTION,226303,16.313,2017-03-30,0,3,1,0,B - SUSPECTED MINOR INJURY,0,1115,1,2017,THURSDAY,24.032,0,OVERTURNED,TWO-WAY,11:00 - 11:59,,UNKNOWN,INTERSECTION,27.75170383,DAYLIGHT,YES,-97.12350049,ONE MOTOR VEHICLE - GOING STRAIGHT,NO MEDIAN,OTHER (EXPLAIN IN NARRATIVE),5,OVERTURNED,True,CONSTRUCTION - WITHIN POSTED ROAD CONSTRUCTION ZONE (NOT RELATED TO CRASH),"250,000 POP AND OVER",NO,0628,0.331,US & STATE HIGHWAYS,"STRAIGHT, LEVEL",MINOR ARTERIAL,ON ROADWAY,"4 OR MORE LANES, UNDIVIDED",False,55,SH0361,DRY,OTHER (EXPLAIN IN NARRATIVE),CLEAR
15753350,10439,False,10439,2023,CORPUS CHRISTI,DISTRACTION IN VEHICLE; FAILED TO DRIVE IN SINGLE LANE,226303,22.159,2017-05-02,0,5,1,0,B - SUSPECTED MINOR INJURY,0,1510,1,2017,TUESDAY,29.878,0,MOTOR VEHICLE IN TRANSPORT,TWO-WAY,15:00 - 15:59,,N/A,NON INTERSECTION,27.67887631,DAYLIGHT,YES,-97.17252595,SAME DIRECTION - ONE STRAIGHT-ONE STOPPED,NO MEDIAN,NOT APPLICABLE,5,NOT APPLICABLE,True,ATTENTION DIVERTED FROM DRIVING,"250,000 POP AND OVER",NO,0634,0.195,US & STATE HIGHWAYS,"STRAIGHT, LEVEL",MINOR ARTERIAL,SHOULDER,"4 OR MORE LANES, UNDIVIDED",False,60,SH0361,DRY,MARKED LANES,CLEAR
15749855,12050,False,12050,2023,CORPUS CHRISTI,NONE,226303,16.97,2017-05-05,0,5,0,0,N - NOT INJURED,0,1317,0,2017,FRIDAY,24.689,0,MOTOR VEHICLE IN TRANSPORT,TWO-WAY,13:00 - 13:59,,N/A,NON INTERSECTION,27.74351448,DAYLIGHT,YES,-97.12899813,SAME DIRECTION - ONE STRAIGHT-ONE LEFT TURN,NO MEDIAN,NOT APPLICABLE,5,NOT APPLICABLE,True,CONSTRUCTION - WITHIN POSTED ROAD CONSTRUCTION ZONE (NOT RELATED TO CRASH),"250,000 POP AND OVER",NO,0628,0.988,US & STATE HIGHWAYS,"STRAIGHT, LEVEL",MINOR ARTERIAL,ON ROADWAY,"4 OR MORE LANES, UNDIVIDED",False,55,SH0361,DRY,OTHER (EXPLAIN IN NARRATIVE),CLEAR
15757820,12050,False,12050,2023,CORPUS CHRISTI,FAILED TO CONTROL SPEED; HAD BEEN DRINKING,226303,16.306,2017-05-05,0,5,1,0,B - SUSPECTED MINOR INJURY,0,0014,1,2017,FRIDAY,24.025,0,FIXED OBJECT,TWO-WAY,00:00 - 00:59,,N/A,NON INTERSECTION,27.75178569,"DARK, LIGHTED",YES,-97.12344518,ONE MOTOR VEHICLE - GOING STRAIGHT,NO MEDIAN,NOT APPLICABLE,5,HIT UTILITY POLE,True,CONSTRUCTION-WITHIN POSTED ROAD CONSTRUCTION ZONE (RELATED TO CRASH),"250,000 POP AND OVER",NO,0628,0.324,US & STATE HIGHWAYS,"STRAIGHT, LEVEL",MINOR ARTERIAL,OFF ROADWAY,"4 OR MORE LANES, UNDIVIDED",False,55,SH0361,DRY,MARKED LANES,CLEAR
15848891,12050,False,12050,2023,CORPUS CHRISTI,DRIVER INATTENTION; TURNED WHEN UNSAFE,226303,17.992,2017-05-05,0,5,0,0,N - NOT INJURED,0,1330,0,2017,FRIDAY,25.711,0,MOTOR VEHICLE IN TRANSPORT,TWO-WAY,13:00 - 13:59,,N/A,NON INTERSECTION,27.73078866,DAYLIGHT,YES,-97.1375735,SAME DIRECTION - ONE STRAIGHT-ONE LEFT TURN,NO MEDIAN,NOT APPLICABLE,5,NOT APPLICABLE,True,CONSTRUCTION-WITHIN POSTED ROAD CONSTRUCTION ZONE (RELATED TO CRASH),"250,000 POP AND OVER",NO,0630,-0.021,US & STATE HIGHWAYS,"STRAIGHT, LEVEL",MINOR ARTERIAL,ON ROADWAY,"4 OR MORE LANES, UNDIVIDED",False,-1,SH0361,DRY,NONE,CLEAR
15770778,10439,False,10439,2023,CORPUS CHRISTI,FAILED TO DRIVE IN SINGLE LANE,226303,27.489,2017-05-15,0,5,0,0,N - NOT INJURED,0,1457,0,2017,MONDAY,35.208,0,MOTOR VEHICLE IN TRANSPORT,TWO-WAY,14:00 - 14:59,,PARK ROAD 22,INTERSECTION,27.61788742,DAYLIGHT,YES,-97.22162159,SAME DIRECTION - BOTH RIGHT TURN,NO MEDIAN,NOT APPLICABLE,5,NOT APPLICABLE,True,NOT APPLICABLE,"250,000 POP AND OVER",NO,0638,1.526,US & STATE HIGHWAYS,"CURVE, LEVEL",MINOR ARTERIAL,ON ROADWAY,"4 OR MORE LANES, UNDIVIDED",False,40,SH0361,DRY,MARKED LANES,CLEAR
15803580,10439,False,10439,2023,CORPUS CHRISTI,FAILED TO DRIVE IN SINGLE LANE,226303,23.747,2017-06-05,0,6,0,1,C - POSSIBLE INJURY,0,0440,1,2017,MONDAY,31.466,0,FIXED OBJECT,TWO-WAY,04:00 - 04:59,,N/A,NON INTERSECTION,27.65907658,"DARK, NOT LIGHTED",YES,-97.18580497,ONE MOTOR VEHICLE - GOING STRAIGHT,NO MEDIAN,NOT APPLICABLE,5,HIT UTILITY POLE,True,SWERVED OR VEERED-REASON NOT SPECIFIED,"250,000 POP AND OVER",NO,0636,-0.217,US & STATE HIGHWAYS,"STRAIGHT, LEVEL",MINOR ARTERIAL,OFF ROADWAY,"4 OR MORE LANES, UNDIVIDED",False,60,SH0361,DRY,CENTER STRIPE/DIVIDER,CLEAR
15808478,10439,False,10439,2023,CORPUS CHRISTI,FAILED TO CONTROL SPEED,226303,27.403,2017-06-11,0,6,0,2,C - POSSIBLE INJURY,0,0017,2,2017,SUNDAY,35.122,0,MOTOR VEHICLE IN TRANSPORT,TWO-WAY,00:00 - 00:59,,N/A,NON INTERSECTION,27.61786761,"DARK, NOT LIGHTED",YES,-97.22022566,SAME DIRECTION - BOTH GOING STRAIGHT-REAR END,NO MEDIAN,NOT APPLICABLE,5,NOT APPLICABLE,True,NOT APPLICABLE,"250,000 POP AND OVER",NO,0638,1.44,US & STATE HIGHWAYS,"STRAIGHT, HILLCREST",MINOR ARTERIAL,ON ROADWAY,"4 OR MORE LANES, UNDIVIDED",False,65,SH0361,DRY,CENTER STRIPE/DIVIDER,CLEAR
15816598,12050,False,12050,2023,CORPUS CHRISTI,FAILED TO YIELD RIGHT OF WAY - TURNING LEFT,226303,14.553,2017-06-13,0,6,0,0,N - NOT INJURED,0,0901,0,2017,TUESDAY,22.272,0,MOTOR VEHICLE IN TRANSPORT,TWO-WAY,09:00 - 09:59,,N/A,DRIVEWAY ACCESS,27.77361862,DAYLIGHT,YES,-97.10869214,OPPOSITE DIRECTION - ONE STRAIGHT-ONE LEFT TURN,NO MEDIAN,THREE ENTERING ROADS - T,5,NOT APPLICABLE,True,CONSTRUCTION-WITHIN POSTED ROAD CONSTRUCTION ZONE (RELATED TO CRASH),"250,000 POP AND OVER",NO,0626,0.56,US & STATE HIGHWAYS,"STRAIGHT, LEVEL",MINOR ARTERIAL,ON ROADWAY,"4 OR MORE LANES, UNDIVIDED",False,55,SH0361,DRY,STOP SIGN,CLEAR
15828479,12050,True,12050,2023,CORPUS CHRISTI,NONE,226303,14.466,2017-06-16,0,6,1,0,B - SUSPECTED MINOR INJURY,0,0827,1,2017,FRIDAY,22.185,0,OVERTURNED,TWO-WAY,08:00 - 08:59,,UNKNOWN,INTERSECTION RELATED,27.77470103,DAYLIGHT,YES,-97.10796073,ONE MOTOR VEHICLE - GOING STRAIGHT,NO MEDIAN,THREE ENTERING ROADS - T,5,OVERTURNED,True,CONSTRUCTION - WITHIN POSTED ROAD CONSTRUCTION ZONE (NOT RELATED TO CRASH),"250,000 POP AND OVER",NO,0626,0.473,US & STATE HIGHWAYS,"STRAIGHT, LEVEL",MINOR ARTERIAL,OFF ROADWAY,"4 OR MORE LANES, UNDIVIDED",False,55,SH0361,DRY,WARNING SIGN,CLEAR
15823982,12050,False,12050,2023,CORPUS CHRISTI,TURNED WHEN UNSAFE,226303,18.994,2017-06-19,0,6,1,0,B - SUSPECTED MINOR INJURY,0,1227,1,2017,MONDAY,26.713,0,OTHER OBJECT,TWO-WAY,12:00 - 12:59,,N/A,NON INTERSECTION,27.71830048,DAYLIGHT,YES,-97.14598497,ONE MOTOR VEHICLE - GOING STRAIGHT,NO MEDIAN,NOT APPLICABLE,5,"HIT WORK ZONE BARRICADE, CONES, SIGNS OR MATERIAL",True,CONSTRUCTION-WITHIN POSTED ROAD CONSTRUCTION ZONE (RELATED TO CRASH),"250,000 POP AND OVER",NO,0632,-0.97,US & STATE HIGHWAYS,"STRAIGHT, LEVEL",MINOR ARTERIAL,ON ROADWAY,"4 OR MORE LANES, UNDIVIDED",False,55,SH0361,SNOW,CENTER STRIPE/DIVIDER,CLEAR
15861615,12050,False,12050,2023,CORPUS CHRISTI,DRIVER INATTENTION;FOLLOWED TOO CLOSELY;UNSAFE SPEED,226303,15.323,2017-07-07,0,7,0,0,N - NOT INJURED,0,1434,0,2017,FRIDAY,23.042,0,MOTOR VEHICLE IN TRANSPORT,TWO-WAY,14:00 - 14:59,,N/A,NON INTERSECTION,27.76402907,DAYLIGHT,YES,-97.11517203,SAME DIRECTION - BOTH GOING STRAIGHT-REAR END,NO MEDIAN,NOT APPLICABLE,5,NOT APPLICABLE,True,CONSTRUCTION-WITHIN POSTED ROAD CONSTRUCTION ZONE (RELATED TO CRASH),"250,000 POP AND OVER",NO,0628,-0.659,US & STATE HIGHWAYS,"STRAIGHT, LEVEL",MINOR ARTERIAL,ON ROADWAY,"4 OR MORE LANES, UNDIVIDED",False,55,SH0361,DRY,CENTER STRIPE/DIVIDER,CLEAR
15868874,10439,False,10439,2023,CORPUS CHRISTI,FAILED TO CONTROL SPEED,226303,23.648,2017-07-16,0,7,2,0,B - SUSPECTED MINOR INJURY,0,1119,2,2017,SUNDAY,31.367,0,MOTOR VEHICLE IN TRANSPORT,TWO-WAY,11:00 - 11:59,,N/A,NON INTERSECTION,27.66030584,DAYLIGHT,YES,-97.18498195,SAME DIRECTION - ONE STRAIGHT-ONE STOPPED,NO MEDIAN,NOT APPLICABLE,5,NOT APPLICABLE,True,SLOWING/STOPPING-FOR TRAFFIC,"250,000 POP AND OVER",NO,0636,-0.316,US & STATE HIGHWAYS,"STRAIGHT, LEVEL",MINOR ARTERIAL,ON ROADWAY,"4 OR MORE LANES, UNDIVIDED",False,60,SH0361,WET,CENTER STRIPE/DIVIDER,RAIN
15868914,12050,False,12050,2023,OUTSIDE CITY LIMITS,DRIVER INATTENTION;FAILED TO YIELD RIGHT OF WAY - TURNING LEFT,226303,13.618,2017-07-17,0,7,0,0,N - NOT INJURED,0,0824,0,2017,MONDAY,21.337,0,MOTOR VEHICLE IN TRANSPORT,TWO-WAY,08:00 - 08:59,,N/A,DRIVEWAY ACCESS,27.78501838,DAYLIGHT,YES,-97.10043752,OPPOSITE DIRECTION - ONE STRAIGHT-ONE LEFT TURN,NO MEDIAN,THREE ENTERING ROADS - T,5,NOT APPLICABLE,True,CONSTRUCTION - WITHIN POSTED ROAD CONSTRUCTION ZONE (NOT RELATED TO CRASH),RURAL,NO,0626,-0.375,US & STATE HIGHWAYS,"STRAIGHT, LEVEL",MINOR ARTERIAL,ON ROADWAY,"4 OR MORE LANES, UNDIVIDED",True,55,SH0361,DRY,NONE,CLOUDY
15868929,15893,True,15893,2023,PORT ARANSAS,DRIVER INATTENTION,226303,12.309,2017-07-17,0,7,0,0,N - NOT INJURED,0,1410,0,2017,MONDAY,20.028,0,MOTOR VEHICLE IN TRANSPORT,BOULEVARD,14:00 - 14:59,,MUSTANG BLVD,INTERSECTION RELATED,27.80023347,DAYLIGHT,YES,-97.08764061,SAME DIRECTION - BOTH GOING STRAIGHT-REAR END,CURBED,THREE ENTERING ROADS - T,4,NOT APPLICABLE,True,CONSTRUCTION - WITHIN POSTED ROAD CONSTRUCTION ZONE (NOT RELATED TO CRASH),"2,500 - 4,999 POP",NO,0624,0.278,US & STATE HIGHWAYS,"STRAIGHT, LEVEL",MINOR ARTERIAL,ON ROADWAY,"4 OR MORE LANES, DIVIDED",True,55,SH0361,DRY,SIGNAL LIGHT,CLEAR
15877668,15893,True,15893,2023,PORT ARANSAS,FAILED TO CONTROL SPEED; UNDER INFLUENCE - ALCOHOL,226303,11.782,2017-07-22,0,7,0,0,N - NOT INJURED,0,2053,0,2017,SATURDAY,19.501,0,MOTOR VEHICLE IN TRANSPORT,BOULEVARD,20:00 - 20:59,,ACCESS ROAD 1 A,INTERSECTION RELATED,27.80637738,"DARK, LIGHTED",YES,-97.0824751,SAME DIRECTION - ONE STRAIGHT-ONE STOPPED,CURBED,FOUR ENTERING ROADS,4,NOT APPLICABLE,True,CONSTRUCTION - WITHIN POSTED ROAD CONSTRUCTION ZONE (NOT RELATED TO CRASH),"2,500 - 4,999 POP",NO,0624,-0.249,US & STATE HIGHWAYS,"STRAIGHT, LEVEL",MINOR ARTERIAL,ON ROADWAY,"4 OR MORE LANES, DIVIDED",True,55,SH0361,DRY,SIGNAL LIGHT,CLEAR
15879810,10439,False,10439,2023,CORPUS CHRISTI,NONE,226303,24.384,2017-07-24,0,7,0,0,N - NOT INJURED,0,2104,0,2017,MONDAY,32.103,0,FIXED OBJECT,TWO-WAY,21:00 - 21:59,,N/A,NON INTERSECTION,27.65113329,"DARK, LIGHTED",YES,-97.1911442,ONE MOTOR VEHICLE - GOING STRAIGHT,NO MEDIAN,NOT APPLICABLE,5,HIT OTHER FIXED OBJECT,True,CRASH OCCURRED ON A BEACH,"250,000 POP AND OVER",NO,0636,0.42,US & STATE HIGHWAYS,"STRAIGHT, LEVEL",MINOR ARTERIAL,OFF ROADWAY,"4 OR MORE LANES, UNDIVIDED",False,15,SH0361,"SAND, MUD, DIRT",NONE,CLEAR
15895032,10439,False,10439,2023,CORPUS CHRISTI,CHANGED LANE WHEN UNSAFE,226303,27.384,2017-07-27,0,7,0,0,N - NOT INJURED,0,2050,0,2017,THURSDAY,35.103,0,MOTOR VEHICLE IN TRANSPORT,TWO-WAY,20:00 - 20:59,,N/A,NON INTERSECTION,27.61786271,"DARK, NOT LIGHTED",YES,-97.21991765,SAME DIRECTION - BOTH GOING STRAIGHT-SIDESWIPE,NO MEDIAN,NOT APPLICABLE,5,NOT APPLICABLE,True,VEHICLE CHANGING LANES,"250,000 POP AND OVER",NO,0638,1.421,US & STATE HIGHWAYS,"STRAIGHT, GRADE",MINOR ARTERIAL,ON ROADWAY,"4 OR MORE LANES, UNDIVIDED",False,55,SH0361,DRY,CENTER STRIPE/DIVIDER,CLEAR
15914896,10439,False,10439,2023,CORPUS CHRISTI,FAILED TO DRIVE IN SINGLE LANE,226303,26.498,2017-07-30,0,7,0,2,C - POSSIBLE INJURY,0,1837,2,2017,SUNDAY,34.217,0,MOTOR VEHICLE IN TRANSPORT,TWO-WAY,18:00 - 18:59,,N/A,NON INTERSECTION,27.62479077,DAYLIGHT,YES,-97.20884991,OPPOSITE DIRECTION - BOTH GOING STRAIGHT,NO MEDIAN,NOT APPLICABLE,5,NOT APPLICABLE,True,NOT APPLICABLE,"250,000 POP AND OVER",NO,0638,0.535,US & STATE HIGHWAYS,"STRAIGHT, LEVEL",MINOR ARTERIAL,ON ROADWAY,"4 OR MORE LANES, UNDIVIDED",False,60,SH0361,DRY,MARKED LANES,CLEAR
15895085,10439,True,10439,2023,CORPUS CHRISTI,DRIVER INATTENTION;FAILED TO YIELD RIGHT OF WAY - TURNING LEFT,226303,27.498,2017-08-01,0,8,0,0,N - NOT INJURED,0,2056,0,2017,TUESDAY,35.217,0,MOTOR VEHICLE IN TRANSPORT,TWO-WAY,20:00 - 20:59,0022,PR0022,INTERSECTION,27.6178894,"DARK, LIGHTED",YES,-97.22177124,OPPOSITE DIRECTION - ONE STRAIGHT-ONE LEFT TURN,NO MEDIAN,NOT APPLICABLE,5,NOT APPLICABLE,True,ATTENTION DIVERTED FROM DRIVING,"250,000 POP AND OVER",NO,0638,1.535,US & STATE HIGHWAYS,"STRAIGHT, LEVEL",MINOR ARTERIAL,ON ROADWAY,"4 OR MORE LANES, UNDIVIDED",False,50,SH0361,DRY,SIGNAL LIGHT,CLEAR
15921135,10439,True,10439,2023,CORPUS CHRISTI,FAILED TO YIELD RIGHT OF WAY - STOP SIGN,226303,26.723,2017-08-10,0,8,2,2,B - SUSPECTED MINOR INJURY,0,2234,4,2017,THURSDAY,34.442,0,MOTOR VEHICLE IN TRANSPORT,TWO-WAY,22:00 - 22:59,,ZAHN RD,INTERSECTION,27.62201986,"DARK, LIGHTED",YES,-97.21077788,ANGLE - BOTH GOING STRAIGHT,NO MEDIAN,THREE ENTERING ROADS - T,5,NOT APPLICABLE,True,NOT APPLICABLE,"250,000 POP AND OVER",NO,0638,0.76,US & STATE HIGHWAYS,"STRAIGHT, LEVEL",MINOR ARTERIAL,ON ROADWAY,"4 OR MORE LANES, UNDIVIDED",False,60,SH0361,DRY,STOP SIGN,CLEAR
15926978,15893,True,15893,2023,PORT ARANSAS,DRIVER INATTENTION; UNDER INFLUENCE - ALCOHOL,226303,11.782,2017-08-16,0,8,0,0,N - NOT INJURED,0,1055,0,2017,WEDNESDAY,19.501,0,MOTOR VEHICLE IN TRANSPORT,BOULEVARD,10:00 - 10:59,,ACCESS ROAD 1 A,INTERSECTION RELATED,27.80637738,DAYLIGHT,YES,-97.0824751,SAME DIRECTION - ONE STRAIGHT-ONE STOPPED,CURBED,FOUR ENTERING ROADS,4,NOT APPLICABLE,True,"SLOWING/STOPPING - FOR OFFICER, FLAGMAN, OR TRAFFIC CONTROL","2,500 - 4,999 POP",NO,0624,-0.249,US & STATE HIGHWAYS,"STRAIGHT, LEVEL",MINOR ARTERIAL,ON ROADWAY,"4 OR MORE LANES, DIVIDED",True,55,SH0361,DRY,SIGNAL LIGHT,CLEAR
15946290,10439,False,10439,2023,CORPUS CHRISTI,FAILED TO YIELD RIGHT OF WAY - PRIVATE DRIVE,226303,27.46,2017-09-02,0,9,0,0,N - NOT INJURED,0,0955,0,2017,SATURDAY,35.179,0,MOTOR VEHICLE IN TRANSPORT,TWO-WAY,09:00 - 09:59,,N/A,DRIVEWAY ACCESS,27.61788081,DAYLIGHT,YES,-97.22115549,ANGLE - ONE STRAIGHT-ONE LEFT TURN,NO MEDIAN,NOT APPLICABLE,5,NOT APPLICABLE,True,ONE VEHICLE LEAVING DRIVEWAY,"250,000 POP AND OVER",NO,0638,1.497,US & STATE HIGHWAYS,"STRAIGHT, LEVEL",MINOR ARTERIAL,ON ROADWAY,"4 OR MORE LANES, UNDIVIDED",False,55,SH0361,DRY,CENTER STRIPE/DIVIDER,CLOUDY
15948262,10439,False,10439,2023,CORPUS CHRISTI,FAILED TO YIELD RIGHT OF WAY - TURNING LEFT,226303,26.624,2017-09-02,0,9,0,0,N - NOT INJURED,0,2020,0,2017,SATURDAY,34.343,0,MOTOR VEHICLE IN TRANSPORT,TWO-WAY,20:00 - 20:59,,N/A,NON INTERSECTION,27.62324216,"DARK, NOT LIGHTED",YES,-97.20992454,OPPOSITE DIRECTION - ONE STRAIGHT-ONE LEFT TURN,NO MEDIAN,NOT APPLICABLE,5,NOT APPLICABLE,True,NOT APPLICABLE,"250,000 POP AND OVER",NO,0638,0.661,US & STATE HIGHWAYS,"STRAIGHT, LEVEL",MINOR ARTERIAL,ON ROADWAY,"4 OR MORE LANES, UNDIVIDED",False,60,SH0361,DRY,CENTER STRIPE/DIVIDER,CLEAR
15968424,12050,False,12050,2023,OUTSIDE CITY LIMITS,FAILED TO CONTROL SPEED,226303,13.493,2017-09-12,0,9,0,2,A - SUSPECTED SERIOUS INJURY,1,0906,3,2017,TUESDAY,21.212,0,MOTOR VEHICLE IN TRANSPORT,TWO-WAY,09:00 - 09:59,,N/A,NON INTERSECTION,27.78646538,DAYLIGHT,YES,-97.09921272,SAME DIRECTION - ONE STRAIGHT-ONE STOPPED,NO MEDIAN,THREE ENTERING ROADS - T,5,NOT APPLICABLE,True,CONSTRUCTION - WITHIN POSTED ROAD CONSTRUCTION ZONE (NOT RELATED TO CRASH),RURAL,NO,0626,-0.5,US & STATE HIGHWAYS,"STRAIGHT, LEVEL",MINOR ARTERIAL,ON ROADWAY,"4 OR MORE LANES, UNDIVIDED",True,60,SH0361,DRY,STOP SIGN,CLEAR
15998246,10439,True,10439,2023,CORPUS CHRISTI,DISREGARD STOP AND GO SIGNAL; DRIVER INATTENTION; FAULTY EVASIVE ACTION; TURNED WHEN UNSAFE,226303,27.498,2017-09-29,0,9,0,0,N - NOT INJURED,0,2035,0,2017,FRIDAY,35.217,0,MOTOR VEHICLE IN TRANSPORT,TWO-WAY,20:00 - 20:59,0022,PR0022,INTERSECTION,27.6178894,"DARK, LIGHTED",YES,-97.22177124,OPPOSITE DIRECTION - ONE STRAIGHT-ONE LEFT TURN,NO MEDIAN,NOT APPLICABLE,5,NOT APPLICABLE,True,NOT APPLICABLE,"250,000 POP AND OVER",NO,0638,1.535,US & STATE HIGHWAYS,"STRAIGHT, LEVEL",MINOR ARTERIAL,ON ROADWAY,"4 OR MORE LANES, UNDIVIDED",False,55,SH0361,DRY,SIGNAL LIGHT,CLEAR
16032256,12050,False,12050,2023,CORPUS CHRISTI,ANIMAL ON ROAD - WILD,226303,14.673,2017-10-08,0,10,0,0,N - NOT INJURED,0,2300,0,2017,SUNDAY,22.392,0,ANIMAL,TWO-WAY,23:00 - 23:59,,N/A,NON INTERSECTION,27.77211706,"DARK, NOT LIGHTED",YES,-97.10970678,ONE MOTOR VEHICLE - GOING STRAIGHT,NO MEDIAN,THREE ENTERING ROADS - T,5,NOT APPLICABLE,True,NOT APPLICABLE,"250,000 POP AND OVER",NO,0626,0.68,US & STATE HIGHWAYS,"STRAIGHT, LEVEL",MINOR ARTERIAL,ON ROADWAY,"4 OR MORE LANES, UNDIVIDED",False,60,SH0361,DRY,NONE,CLEAR
16026402,12050,False,12050,2023,CORPUS CHRISTI,FAILED TO CONTROL SPEED,226303,17.364,2017-10-13,0,10,0,1,C - POSSIBLE INJURY,0,1310,1,2017,FRIDAY,25.083,0,MOTOR VEHICLE IN TRANSPORT,TWO-WAY,13:00 - 13:59,,N/A,NON INTERSECTION,27.73860792,DAYLIGHT,YES,-97.13229865,SAME DIRECTION - BOTH GOING STRAIGHT-REAR END,NO MEDIAN,NOT APPLICABLE,5,NOT APPLICABLE,True,SLOWING/STOPPING-FOR TRAFFIC,"250,000 POP AND OVER",NO,0630,-0.649,US & STATE HIGHWAYS,"STRAIGHT, LEVEL",MINOR ARTERIAL,ON ROADWAY,"4 OR MORE LANES, UNDIVIDED",False,60,SH0361,DRY,MARKED LANES,CLEAR
16083290,10439,False,10439,2023,CORPUS CHRISTI,CHANGED LANE WHEN UNSAFE,226303,26.498,2017-11-05,0,11,0,1,C - POSSIBLE INJURY,0,1212,1,2017,SUNDAY,34.217,0,MOTOR VEHICLE IN TRANSPORT,TWO-WAY,12:00 - 12:59,,N/A,NON INTERSECTION,27.62479077,DAYLIGHT,YES,-97.20884991,OPPOSITE DIRECTION - BOTH GOING STRAIGHT,NO MEDIAN,NOT APPLICABLE,5,NOT APPLICABLE,True,VEHICLE CHANGING LANES,"250,000 POP AND OVER",NO,0638,0.535,US & STATE HIGHWAYS,"STRAIGHT, LEVEL",MINOR ARTERIAL,ON ROADWAY,"4 OR MORE LANES, UNDIVIDED",False,65,SH0361,DRY,CENTER STRIPE/DIVIDER,CLEAR
16125025,10439,False,10439,2023,CORPUS CHRISTI,ANIMAL ON ROAD - WILD,226303,24.392,2017-11-25,0,11,0,0,N - NOT INJURED,0,1812,0,2017,SATURDAY,32.111,0,ANIMAL,TWO-WAY,18:00 - 18:59,,N/A,NON INTERSECTION,27.65103206,"DARK, NOT LIGHTED",YES,-97.19121206,ONE MOTOR VEHICLE - GOING STRAIGHT,NO MEDIAN,NOT APPLICABLE,5,NOT APPLICABLE,True,NOT APPLICABLE,"250,000 POP AND OVER",NO,0636,0.428,US & STATE HIGHWAYS,"STRAIGHT, LEVEL",MINOR ARTERIAL,ON ROADWAY,"4 OR MORE LANES, UNDIVIDED",False,60,SH0361,DRY,CENTER STRIPE/DIVIDER,CLEAR
16130531,15893,False,15893,2023,PORT ARANSAS,DRIVER INATTENTION; FAILED TO CONTROL SPEED,226303,12.051,2017-12-01,0,12,0,0,N - NOT INJURED,0,0910,0,2017,FRIDAY,19.77,0,MOTOR VEHICLE IN TRANSPORT,BOULEVARD,09:00 - 09:59,,N/A,NON INTERSECTION,27.80324249,DAYLIGHT,YES,-97.08511111,SAME DIRECTION - ONE STRAIGHT-ONE STOPPED,CURBED,NOT APPLICABLE,4,NOT APPLICABLE,True,CONSTRUCTION - WITHIN POSTED ROAD CONSTRUCTION ZONE (NOT RELATED TO CRASH),"2,500 - 4,999 POP",NO,0624,0.02,US & STATE HIGHWAYS,"STRAIGHT, LEVEL",MINOR ARTERIAL,ON ROADWAY,"4 OR MORE LANES, DIVIDED",True,55,SH0361,DRY,NO PASSING ZONE,CLEAR
16130822,15893,False,15893,2023,PORT ARANSAS,FAILED TO CONTROL SPEED; FOLLOWED TOO CLOSELY,226303,12.084,2017-12-05,0,12,0,1,C - POSSIBLE INJURY,0,1234,1,2017,TUESDAY,19.803,0,MOTOR VEHICLE IN TRANSPORT,BOULEVARD,12:00 - 12:59,,N/A,NON INTERSECTION,27.80285272,DAYLIGHT,YES,-97.08543876,SAME DIRECTION - BOTH GOING STRAIGHT-REAR END,CURBED,THREE ENTERING ROADS - T,4,NOT APPLICABLE,True,CONSTRUCTION - WITHIN POSTED ROAD CONSTRUCTION ZONE (NOT RELATED TO CRASH),"2,500 - 4,999 POP",NO,0624,0.053,US & STATE HIGHWAYS,"STRAIGHT, LEVEL",MINOR ARTERIAL,ON ROADWAY,"4 OR MORE LANES, DIVIDED",True,55,SH0361,WET,NONE,RAIN
16180211,10439,True,10439,2023,CORPUS CHRISTI,PEDESTRIAN FAILED TO YIELD RIGHT OF WAY TO VEHICLE,226303,27.498,2017-12-23,0,12,0,0,A - SUSPECTED SERIOUS INJURY,1,1632,1,2017,SATURDAY,35.217,0,PEDESTRIAN,TWO-WAY,16:00 - 16:59,0022,PR0022,INTERSECTION,27.6178894,DAYLIGHT,YES,-97.22177124,ONE MOTOR VEHICLE - GOING STRAIGHT,NO MEDIAN,FOUR ENTERING ROADS,5,NOT APPLICABLE,True,NOT APPLICABLE,"250,000 POP AND OVER",NO,0638,1.535,US & STATE HIGHWAYS,"STRAIGHT, LEVEL",MINOR ARTERIAL,ON ROADWAY,"4 OR MORE LANES, UNDIVIDED",False,45,SH0361,DRY,SIGNAL LIGHT,CLEAR
16186906,12050,False,12050,2023,CORPUS CHRISTI,FAILED TO CONTROL SPEED; FAULTY EVASIVE ACTION,226303,14.521,2018-01-07,0,1,1,0,B - SUSPECTED MINOR INJURY,0,2137,1,2018,SUNDAY,22.24,0,OVERTURNED,TWO-WAY,21:00 - 21:59,,N/A,NON INTERSECTION,27.77401136,"DARK, LIGHTED",YES,-97.10842676,ONE MOTOR VEHICLE - GOING STRAIGHT,NO MEDIAN,NOT APPLICABLE,5,OVERTURNED,True,NOT APPLICABLE,"250,000 POP AND OVER",NO,0626,0.528,US & STATE HIGHWAYS,"STRAIGHT, LEVEL",MINOR ARTERIAL,OFF ROADWAY,"4 OR MORE LANES, UNDIVIDED",False,55,SH0361,DRY,MARKED LANES,CLEAR
16193516,10439,False,10439,2023,CORPUS CHRISTI,FAILED TO DRIVE IN SINGLE LANE,226303,27.46,2018-01-11,0,1,0,0,N - NOT INJURED,0,1046,0,2018,THURSDAY,35.179,0,FIXED OBJECT,TWO-WAY,10:00 - 10:59,,N/A,NON INTERSECTION,27.61788081,DAYLIGHT,YES,-97.22115549,ONE MOTOR VEHICLE - GOING STRAIGHT,NO MEDIAN,NOT APPLICABLE,5,HIT OTHER FIXED OBJECT,True,SWERVED OR VEERED-REASON NOT SPECIFIED,"250,000 POP AND OVER",NO,0638,1.497,US & STATE HIGHWAYS,"STRAIGHT, LEVEL",MINOR ARTERIAL,OFF ROADWAY,"4 OR MORE LANES, UNDIVIDED",False,55,SH0361,DRY,MARKED LANES,CLEAR
16218158,15893,False,15893,2023,PORT ARANSAS,FAILED TO CONTROL SPEED; FAILED TO DRIVE IN SINGLE LANE; UNDER INFLUENCE - ALCOHOL,226303,12.277,2018-01-21,0,1,0,1,C - POSSIBLE INJURY,0,1703,1,2018,SUNDAY,19.996,0,FIXED OBJECT,BOULEVARD,17:00 - 17:59,,N/A,NON INTERSECTION,27.8006038,DAYLIGHT,YES,-97.08732929,ONE MOTOR VEHICLE - GOING STRAIGHT,CURBED,THREE ENTERING ROADS - T,4,HIT HIGHWAY SIGN,True,CONSTRUCTION - WITHIN POSTED ROAD CONSTRUCTION ZONE (NOT RELATED TO CRASH),"2,500 - 4,999 POP",NO,0624,0.246,US & STATE HIGHWAYS,"STRAIGHT, LEVEL",MINOR ARTERIAL,OFF ROADWAY,"4 OR MORE LANES, DIVIDED",True,45,SH0361,DRY,MARKED LANES,CLEAR
16221692,15893,True,15893,2023,PORT ARANSAS,DRIVER INATTENTION;FAILED TO YIELD RIGHT OF WAY - TURNING LEFT;IMPAIRED VISIBILITY (EXPLAIN IN NARRATIVE),226303,11.782,2018-01-29,0,1,0,0,N - NOT INJURED,0,1707,0,2018,MONDAY,19.501,0,MOTOR VEHICLE IN TRANSPORT,BOULEVARD,17:00 - 17:59,,ACCESS ROAD 1 A,INTERSECTION,27.80637738,DAYLIGHT,YES,-97.0824751,OPPOSITE DIRECTION - ONE STRAIGHT-ONE LEFT TURN,CURBED,FOUR ENTERING ROADS,4,NOT APPLICABLE,True,CONSTRUCTION - WITHIN POSTED ROAD CONSTRUCTION ZONE (NOT RELATED TO CRASH),"2,500 - 4,999 POP",NO,0624,-0.249,US & STATE HIGHWAYS,"STRAIGHT, LEVEL",MINOR ARTERIAL,ON ROADWAY,"4 OR MORE LANES, DIVIDED",True,55,SH0361,DRY,SIGNAL LIGHT,CLEAR
16236424,12050,False,12050,2023,CORPUS CHRISTI,FAILED TO CONTROL SPEED,226303,19.152,2018-02-05,0,2,0,1,C - POSSIBLE INJURY,0,1017,1,2018,MONDAY,26.871,0,OVERTURNED,TWO-WAY,10:00 - 10:59,,N/A,NON INTERSECTION,27.71633285,DAYLIGHT,YES,-97.14731206,ONE MOTOR VEHICLE - GOING STRAIGHT,NO MEDIAN,NOT APPLICABLE,5,OVERTURNED,True,SWERVED OR VEERED-AVOIDING VEHICLE STOPPED OR MOVING SLOWLY IN TRAFFIC LANE,"250,000 POP AND OVER",NO,0632,-0.812,US & STATE HIGHWAYS,"STRAIGHT, LEVEL",MINOR ARTERIAL,OFF ROADWAY,"4 OR MORE LANES, UNDIVIDED",False,60,SH0361,DRY,CENTER STRIPE/DIVIDER,CLEAR
16250046,10439,False,10439,2023,CORPUS CHRISTI,TURNED WHEN UNSAFE,226303,27.398,2018-02-14,0,2,0,0,N - NOT INJURED,0,0707,0,2018,WEDNESDAY,35.117,0,FIXED OBJECT,TWO-WAY,07:00 - 07:59,,N/A,NON INTERSECTION,27.61786638,DAWN,YES,-97.22013958,ONE MOTOR VEHICLE - GOING STRAIGHT,NO MEDIAN,NOT APPLICABLE,5,HIT MEDIAN BARRIER (CONCRETE OR CABLE),True,"LOST CONTROL OR SKIDDED (ICY OR SLICK ROAD, ETC.)","250,000 POP AND OVER",NO,0638,1.435,US & STATE HIGHWAYS,"STRAIGHT, GRADE",MINOR ARTERIAL,MEDIAN,"4 OR MORE LANES, UNDIVIDED",False,55,SH0361,WET,CENTER STRIPE/DIVIDER,FOG
16261616,10439,False,10439,2023,CORPUS CHRISTI,TURNED WHEN UNSAFE,226303,25.838,2018-02-18,0,2,2,3,B - SUSPECTED MINOR INJURY,0,1630,5,2018,SUNDAY,33.557,0,MOTOR VEHICLE IN TRANSPORT,TWO-WAY,16:00 - 16:59,,N/A,NON INTERSECTION,27.63302133,DAYLIGHT,YES,-97.20332975,SAME DIRECTION - ONE STRAIGHT-ONE LEFT TURN,NO MEDIAN,NOT APPLICABLE,5,NOT APPLICABLE,True,NOT APPLICABLE,"250,000 POP AND OVER",NO,0638,-0.125,US & STATE HIGHWAYS,"STRAIGHT, LEVEL",MINOR ARTERIAL,ON ROADWAY,"4 OR MORE LANES, UNDIVIDED",False,60,SH0361,DRY,CENTER STRIPE/DIVIDER,CLEAR
16268869,15893,True,15893,2023,PORT ARANSAS,DRIVER INATTENTION;UNSAFE SPEED,226303,12.62,2018-02-25,0,2,1,0,B - SUSPECTED MINOR INJURY,0,0630,1,2018,SUNDAY,20.339,0,FIXED OBJECT,BOULEVARD,06:00 - 06:59,,UNKNOWN,INTERSECTION RELATED,27.79662567,"DARK, LIGHTED",YES,-97.09066748,ONE MOTOR VEHICLE - GOING STRAIGHT,CURBED,THREE ENTERING ROADS - T,4,HIT OTHER FIXED OBJECT,True,CONSTRUCTION - WITHIN POSTED ROAD CONSTRUCTION ZONE (NOT RELATED TO CRASH),"2,500 - 4,999 POP",NO,0624,0.589,US & STATE HIGHWAYS,"STRAIGHT, LEVEL",MINOR ARTERIAL,OFF ROADWAY,"4 OR MORE LANES, DIVIDED",True,55,SH0361,WET,INOPERATIVE (EXPLAIN IN NARRATIVE),FOG
16269536,10439,False,10439,2023,CORPUS CHRISTI,CHANGED LANE WHEN UNSAFE,226303,26.498,2018-02-25,0,2,2,0,B - SUSPECTED MINOR INJURY,0,1044,2,2018,SUNDAY,34.217,0,MOTOR VEHICLE IN TRANSPORT,TWO-WAY,10:00 - 10:59,,N/A,NON INTERSECTION,27.62479077,DAYLIGHT,YES,-97.20884991,SAME DIRECTION - ONE STRAIGHT-ONE LEFT TURN,NO MEDIAN,NOT APPLICABLE,5,NOT APPLICABLE,True,NOT APPLICABLE,"250,000 POP AND OVER",NO,0638,0.535,US & STATE HIGHWAYS,"STRAIGHT, LEVEL",MINOR ARTERIAL,ON ROADWAY,"4 OR MORE LANES, UNDIVIDED",False,55,SH0361,DRY,MARKED LANES,CLOUDY
16298648,10439,False,10439,2023,CORPUS CHRISTI,FAILED TO CONTROL SPEED,226303,27.46,2018-03-10,0,3,0,3,C - POSSIBLE INJURY,0,1403,3,2018,SATURDAY,35.179,0,MOTOR VEHICLE IN TRANSPORT,TWO-WAY,14:00 - 14:59,,N/A,NON INTERSECTION,27.61788081,DAYLIGHT,YES,-97.22115549,SAME DIRECTION - ONE STRAIGHT-ONE STOPPED,NO MEDIAN,NOT APPLICABLE,5,NOT APPLICABLE,True,SLOWING/STOPPING-FOR TRAFFIC,"250,000 POP AND OVER",NO,0638,1.497,US & STATE HIGHWAYS,"STRAIGHT, LEVEL",MINOR ARTERIAL,ON ROADWAY,"4 OR MORE LANES, UNDIVIDED",False,55,SH0361,DRY,CENTER STRIPE/DIVIDER,CLEAR
16306455,12050,False,12050,2023,CORPUS CHRISTI,FAILED TO DRIVE IN SINGLE LANE;IMPAIRED VISIBILITY (EXPLAIN IN NARRATIVE);TAKING MEDICATION (EXPLAIN IN NARRATIVE);UNDER INFLUENCE - DRUG,226303,15.469,2018-03-17,1,3,0,0,K - FATAL INJURY,0,0229,0,2018,SATURDAY,23.188,1,PEDESTRIAN,TWO-WAY,02:00 - 02:59,,N/A,NON INTERSECTION,27.76220648,"DARK, NOT LIGHTED",YES,-97.1164036,ONE MOTOR VEHICLE - GOING STRAIGHT,NO MEDIAN,NOT APPLICABLE,5,NOT APPLICABLE,True,NOT APPLICABLE,"250,000 POP AND OVER",NO,0628,-0.513,US & STATE HIGHWAYS,"STRAIGHT, LEVEL",MINOR ARTERIAL,SHOULDER,"4 OR MORE LANES, UNDIVIDED",False,60,SH0361,WET,MARKED LANES,FOG
16306612,12050,False,12050,2023,OUTSIDE CITY LIMITS,FAILED TO CONTROL SPEED,226303,13.395,2018-03-17,0,3,0,1,C - POSSIBLE INJURY,0,1933,1,2018,SATURDAY,21.114,0,MOTOR VEHICLE IN TRANSPORT,TWO-WAY,19:00 - 19:59,,N/A,NON INTERSECTION,27.78760026,DAYLIGHT,YES,-97.09825212,SAME DIRECTION - BOTH GOING STRAIGHT-REAR END,NO MEDIAN,THREE ENTERING ROADS - T,5,NOT APPLICABLE,True,SLOWING/STOPPING-FOR TRAFFIC,RURAL,NO,0626,-0.598,US & STATE HIGHWAYS,"STRAIGHT, LEVEL",MINOR ARTERIAL,ON ROADWAY,"4 OR MORE LANES, UNDIVIDED",True,60,SH0361,DRY,STOP SIGN,CLOUDY
16316525,15893,True,15893,2023,PORT ARANSAS,FAILED TO CONTROL SPEED; FOLLOWED TOO CLOSELY,226303,12.309,2018-03-19,0,3,0,0,N - NOT INJURED,0,1215,0,2018,MONDAY,20.028,0,MOTOR VEHICLE IN TRANSPORT,BOULEVARD,12:00 - 12:59,,MUSTANG BLVD,INTERSECTION RELATED,27.80023347,DAYLIGHT,YES,-97.08764061,SAME DIRECTION - BOTH GOING STRAIGHT-REAR END,CURBED,THREE ENTERING ROADS - T,4,NOT APPLICABLE,True,CONSTRUCTION - WITHIN POSTED ROAD CONSTRUCTION ZONE (NOT RELATED TO CRASH),"2,500 - 4,999 POP",NO,0624,0.278,US & STATE HIGHWAYS,"STRAIGHT, LEVEL",MINOR ARTERIAL,ON ROADWAY,"4 OR MORE LANES, DIVIDED",True,45,SH0361,DRY,CENTER STRIPE/DIVIDER,CLEAR
16356679,15893,True,15893,2023,PORT ARANSAS,FAILED TO CONTROL SPEED; FAILED TO PASS TO RIGHT SAFELY,226303,11.778,2018-04-14,0,4,0,3,C - POSSIBLE INJURY,0,1827,3,2018,SATURDAY,19.497,0,MOTOR VEHICLE IN TRANSPORT,BOULEVARD,18:00 - 18:59,,UNKNOWN,INTERSECTION RELATED,27.80641795,DAYLIGHT,YES,-97.08243892,SAME DIRECTION - ONE STRAIGHT-ONE STOPPED,CURBED,FOUR ENTERING ROADS,4,NOT APPLICABLE,True,"SLOWING/STOPPING - FOR OFFICER, FLAGMAN, OR TRAFFIC CONTROL","2,500 - 4,999 POP",NO,0624,-0.253,US & STATE HIGHWAYS,"STRAIGHT, LEVEL",MINOR ARTERIAL,ON ROADWAY,"4 OR MORE LANES, DIVIDED",True,55,SH0361,DRY,SIGNAL LIGHT,CLEAR
16389134,10439,False,10439,2023,CORPUS CHRISTI,FAILED TO CONTROL SPEED; IMPAIRED VISIBILITY (EXPLAIN IN NARRATIVE),226303,26.978,2018-04-14,0,4,1,0,B - SUSPECTED MINOR INJURY,0,0305,1,2018,SATURDAY,34.697,0,FIXED OBJECT,TWO-WAY,03:00 - 03:59,,N/A,NON INTERSECTION,27.61936454,"DARK, NOT LIGHTED",YES,-97.21362714,ONE MOTOR VEHICLE - GOING STRAIGHT,NO MEDIAN,NOT APPLICABLE,5,"HIT TREE, SHRUB, LANDSCAPING",True,CRASH OCCURRED ON A BEACH,"250,000 POP AND OVER",NO,0638,1.015,US & STATE HIGHWAYS,OTHER (EXPLAIN IN NARRATIVE),MINOR ARTERIAL,OFF ROADWAY,"4 OR MORE LANES, UNDIVIDED",False,15,SH0361,"SAND, MUD, DIRT",NONE,BLOWING SAND/SNOW
16377056,15893,True,15893,2023,PORT ARANSAS,FAILED TO YIELD RIGHT OF WAY - YIELD SIGN;TURNED WHEN UNSAFE,226303,11.782,2018-04-24,0,4,0,0,N - NOT INJURED,0,1617,0,2018,TUESDAY,19.501,0,MOTOR VEHICLE IN TRANSPORT,BOULEVARD,16:00 - 16:59,,PIPER BLVD,INTERSECTION,27.80637738,DAYLIGHT,YES,-97.0824751,OPPOSITE DIRECTION - ONE STRAIGHT-ONE LEFT TURN,CURBED,FOUR ENTERING ROADS,4,NOT APPLICABLE,True,NOT APPLICABLE,"2,500 - 4,999 POP",NO,0624,-0.249,US & STATE HIGHWAYS,"STRAIGHT, LEVEL",MINOR ARTERIAL,ON ROADWAY,"4 OR MORE LANES, DIVIDED",True,55,SH0361,DRY,SIGNAL LIGHT,CLEAR
16377586,15893,False,15893,2023,PORT ARANSAS,ANIMAL ON ROAD - WILD;FAULTY EVASIVE ACTION,226303,11.853,2018-04-25,0,4,0,0,N - NOT INJURED,0,0738,0,2018,WEDNESDAY,19.572,0,FIXED OBJECT,BOULEVARD,07:00 - 07:59,,N/A,NON INTERSECTION,27.80555314,DAYLIGHT,YES,-97.08316869,ONE MOTOR VEHICLE - GOING STRAIGHT,CURBED,NOT APPLICABLE,4,HIT GUARDRAIL,True,SWERVED OR VEERED-AVOIDING ANIMAL IN ROAD,"2,500 - 4,999 POP",NO,0624,-0.178,US & STATE HIGHWAYS,"STRAIGHT, LEVEL",MINOR ARTERIAL,OFF ROADWAY,"4 OR MORE LANES, DIVIDED",True,55,SH0361,DRY,CENTER STRIPE/DIVIDER,CLOUDY
16395459,12050,False,12050,2023,CORPUS CHRISTI,FAILED TO CONTROL SPEED,226303,18.303,2018-04-28,0,4,0,0,N - NOT INJURED,0,1450,0,2018,SATURDAY,26.022,0,MOTOR VEHICLE IN TRANSPORT,TWO-WAY,14:00 - 14:59,,N/A,NON INTERSECTION,27.72690811,DAYLIGHT,YES,-97.14019132,SAME DIRECTION - BOTH GOING STRAIGHT-REAR END,NO MEDIAN,NOT APPLICABLE,5,NOT APPLICABLE,True,NOT APPLICABLE,"250,000 POP AND OVER",NO,0630,0.29,US & STATE HIGHWAYS,"STRAIGHT, LEVEL",MINOR ARTERIAL,ON ROADWAY,"4 OR MORE LANES, UNDIVIDED",False,65,SH0361,DRY,MARKED LANES,CLEAR
16409719,10439,False,10439,2023,CORPUS CHRISTI,OTHER (EXPLAIN IN NARRATIVE),226303,22.353,2018-05-12,0,5,0,0,N - NOT INJURED,0,0656,0,2018,SATURDAY,30.072,0,FIXED OBJECT,TWO-WAY,06:00 - 06:59,,N/A,NON INTERSECTION,27.6764554,"DARK, NOT LIGHTED",YES,-97.17412652,ONE MOTOR VEHICLE - GOING STRAIGHT,NO MEDIAN,NOT APPLICABLE,5,HIT UTILITY POLE,True,NOT APPLICABLE,"250,000 POP AND OVER",NO,0634,0.389,US & STATE HIGHWAYS,"STRAIGHT, LEVEL",MINOR ARTERIAL,OFF ROADWAY,"4 OR MORE LANES, UNDIVIDED",False,60,SH0361,DRY,CENTER STRIPE/DIVIDER,CLEAR
16440546,12050,False,12050,2023,CORPUS CHRISTI,FAILED TO CONTROL SPEED,226303,18.351,2018-05-14,0,5,0,1,A - SUSPECTED SERIOUS INJURY,1,1332,2,2018,MONDAY,26.07,0,MOTOR VEHICLE IN TRANSPORT,TWO-WAY,13:00 - 13:59,,N/A,DRIVEWAY ACCESS,27.72630923,DAYLIGHT,YES,-97.1405936,SAME DIRECTION - ONE STRAIGHT-ONE STOPPED,NO MEDIAN,NOT APPLICABLE,5,NOT APPLICABLE,True,SLOWING/STOPPING-TO MAKE LEFT TURN,"250,000 POP AND OVER",NO,0630,0.338,US & STATE HIGHWAYS,"STRAIGHT, LEVEL",MINOR ARTERIAL,ON ROADWAY,"4 OR MORE LANES, UNDIVIDED",False,60,SH0361,DRY,CENTER STRIPE/DIVIDER,CLEAR
16469263,10439,True,10439,2023,CORPUS CHRISTI,FAILED TO YIELD RIGHT OF WAY - TURNING LEFT,226303,27.498,2018-06-03,0,6,0,0,N - NOT INJURED,0,0716,0,2018,SUNDAY,35.217,0,MOTOR VEHICLE IN TRANSPORT,TWO-WAY,07:00 - 07:59,0022,PR0022,INTERSECTION,27.6178894,DAYLIGHT,YES,-97.22177124,OPPOSITE DIRECTION - ONE STRAIGHT-ONE LEFT TURN,NO MEDIAN,FOUR ENTERING ROADS,5,NOT APPLICABLE,True,NOT APPLICABLE,"250,000 POP AND OVER",NO,0638,1.535,US & STATE HIGHWAYS,"STRAIGHT, LEVEL",MINOR ARTERIAL,ON ROADWAY,"4 OR MORE LANES, UNDIVIDED",False,55,SH0361,DRY,SIGNAL LIGHT,CLEAR
16496773,10439,False,10439,2023,CORPUS CHRISTI,TURNED WHEN UNSAFE,226303,22.431,2018-06-19,0,6,0,0,N - NOT INJURED,0,1818,0,2018,TUESDAY,30.15,0,OVERTURNED,TWO-WAY,18:00 - 18:59,,N/A,NON INTERSECTION,27.67548086,DAYLIGHT,YES,-97.17477725,ONE MOTOR VEHICLE - GOING STRAIGHT,NO MEDIAN,NOT APPLICABLE,5,OVERTURNED,True,"LOST CONTROL OR SKIDDED (ICY OR SLICK ROAD, ETC.)","250,000 POP AND OVER",NO,0634,0.467,US & STATE HIGHWAYS,"STRAIGHT, LEVEL",MINOR ARTERIAL,OFF ROADWAY,"4 OR MORE LANES, UNDIVIDED",False,60,SH0361,STANDING WATER,MARKED LANES,RAIN
16486476,15893,True,15893,2023,PORT ARANSAS,FAILED TO YIELD RIGHT OF WAY - TURNING LEFT,226303,11.782,2018-06-25,0,6,0,0,N - NOT INJURED,0,1253,0,2018,MONDAY,19.501,0,MOTOR VEHICLE IN TRANSPORT,BOULEVARD,12:00 - 12:59,,ACCESS ROAD 1 A,INTERSECTION,27.80637738,DAYLIGHT,YES,-97.0824751,OPPOSITE DIRECTION - ONE STRAIGHT-ONE LEFT TURN,CURBED,FOUR ENTERING ROADS,4,NOT APPLICABLE,True,NOT APPLICABLE,"2,500 - 4,999 POP",NO,0624,-0.249,US & STATE HIGHWAYS,"STRAIGHT, LEVEL",MINOR ARTERIAL,ON ROADWAY,"4 OR MORE LANES, DIVIDED",True,45,SH0361,DRY,SIGNAL LIGHT,CLEAR
16503125,10439,False,10439,2023,CORPUS CHRISTI,FAILED TO CONTROL SPEED,226303,27.479,2018-07-04,0,7,0,0,N - NOT INJURED,0,1830,0,2018,WEDNESDAY,35.198,0,MOTOR VEHICLE IN TRANSPORT,TWO-WAY,18:00 - 18:59,,N/A,NON INTERSECTION,27.61788517,DAYLIGHT,YES,-97.22146329,SAME DIRECTION - BOTH GOING STRAIGHT-REAR END,NO MEDIAN,NOT APPLICABLE,5,NOT APPLICABLE,True,SLOWING/STOPPING-FOR TRAFFIC,"250,000 POP AND OVER",NO,0638,1.516,US & STATE HIGHWAYS,"STRAIGHT, LEVEL",MINOR ARTERIAL,ON ROADWAY,"4 OR MORE LANES, UNDIVIDED",False,55,SH0361,DRY,MARKED LANES,CLOUDY
16513345,15893,True,15893,2023,PORT ARANSAS,DISTRACTION IN VEHICLE,226303,12.309,2018-07-06,0,7,0,0,N - NOT INJURED,0,2018,0,2018,FRIDAY,20.028,0,FIXED OBJECT,BOULEVARD,20:00 - 20:59,,MUSTANG BLVD,INTERSECTION RELATED,27.80023347,DUSK,YES,-97.08764061,ONE MOTOR VEHICLE - TURNING RIGHT,CURBED,THREE ENTERING ROADS - T,4,HIT HIGHWAY SIGN,True,"SWERVED OR VEERED-AVOIDING VEHICLE PASSING, CHANGING LANES","2,500 - 4,999 POP",NO,0624,0.278,US & STATE HIGHWAYS,"STRAIGHT, LEVEL",MINOR ARTERIAL,OFF ROADWAY,"4 OR MORE LANES, DIVIDED",True,60,SH0361,DRY,STOP SIGN,CLEAR
16509322,10439,False,10439,2023,CORPUS CHRISTI,DISTRACTION IN VEHICLE; TURNED WHEN UNSAFE,226303,22.293,2018-07-07,0,7,0,0,N - NOT INJURED,0,1550,0,2018,SATURDAY,30.012,0,FIXED OBJECT,TWO-WAY,15:00 - 15:59,,N/A,NON INTERSECTION,27.67720269,DAYLIGHT,YES,-97.17362753,ONE MOTOR VEHICLE - GOING STRAIGHT,NO MEDIAN,NOT APPLICABLE,5,HIT FENCE,True,ATTENTION DIVERTED FROM DRIVING,"250,000 POP AND OVER",NO,0634,0.329,US & STATE HIGHWAYS,"STRAIGHT, GRADE",MINOR ARTERIAL,OFF ROADWAY,"4 OR MORE LANES, UNDIVIDED",False,60,SH0361,DRY,MARKED LANES,CLEAR
16512783,12050,False,12050,2023,CORPUS CHRISTI,FAULTY EVASIVE ACTION; FOLLOWED TOO CLOSELY,226303,18.044,2018-07-09,0,7,0,1,C - POSSIBLE INJURY,0,1734,1,2018,MONDAY,25.763,0,MOTOR VEHICLE IN TRANSPORT,TWO-WAY,17:00 - 17:59,,N/A,NON INTERSECTION,27.73013354,DAYLIGHT,YES,-97.13801545,SAME DIRECTION - BOTH GOING STRAIGHT-REAR END,NO MEDIAN,NOT APPLICABLE,5,NOT APPLICABLE,True,SWERVED OR VEERED-AVOIDING VEHICLE STOPPED OR MOVING SLOWLY IN TRAFFIC LANE,"250,000 POP AND OVER",NO,0630,0.031,US & STATE HIGHWAYS,"STRAIGHT, LEVEL",MINOR ARTERIAL,ON ROADWAY,"4 OR MORE LANES, UNDIVIDED",False,60,SH0361,DRY,NONE,CLEAR
16515096,10439,False,10439,2023,CORPUS CHRISTI,CHANGED LANE WHEN UNSAFE;UNSAFE SPEED,226303,20.035,2018-07-11,0,7,0,0,N - NOT INJURED,0,1739,0,2018,WEDNESDAY,27.754,0,MOTOR VEHICLE IN TRANSPORT,TWO-WAY,17:00 - 17:59,,N/A,NON INTERSECTION,27.70533594,DAYLIGHT,YES,-97.15472343,SAME DIRECTION - BOTH GOING STRAIGHT-SIDESWIPE,NO MEDIAN,NOT APPLICABLE,5,NOT APPLICABLE,True,VEHICLE CHANGING LANES,"250,000 POP AND OVER",NO,0632,0.071,US & STATE HIGHWAYS,"STRAIGHT, LEVEL",MINOR ARTERIAL,ON ROADWAY,"4 OR MORE LANES, UNDIVIDED",False,60,SH0361,DRY,MARKED LANES,CLEAR
16525536,10439,False,10439,2023,CORPUS CHRISTI,CHANGED LANE WHEN UNSAFE,226303,27.384,2018-07-14,0,7,1,1,A - SUSPECTED SERIOUS INJURY,1,1910,3,2018,SATURDAY,35.103,0,MOTOR VEHICLE IN TRANSPORT,TWO-WAY,19:00 - 19:59,,N/A,NON INTERSECTION,27.61786271,DAYLIGHT,YES,-97.21991765,SAME DIRECTION - ONE STRAIGHT-ONE LEFT TURN,NO MEDIAN,NOT APPLICABLE,5,NOT APPLICABLE,True,NOT APPLICABLE,"250,000 POP AND OVER",NO,0638,1.421,US & STATE HIGHWAYS,"STRAIGHT, GRADE",MINOR ARTERIAL,ON ROADWAY,"4 OR MORE LANES, UNDIVIDED",False,50,SH0361,DRY,MARKED LANES,CLEAR
16532695,10439,True,10439,2023,CORPUS CHRISTI,FAILED TO YIELD RIGHT OF WAY - TURN ON RED,226303,27.498,2018-07-15,0,7,0,0,N - NOT INJURED,0,2206,0,2018,SUNDAY,35.217,0,MOTOR VEHICLE IN TRANSPORT,TWO-WAY,22:00 - 22:59,0022,PR0022,INTERSECTION,27.6178894,"DARK, LIGHTED",YES,-97.22177124,OPPOSITE DIRECTION - ONE STRAIGHT-ONE LEFT TURN,NO MEDIAN,NOT APPLICABLE,5,NOT APPLICABLE,True,NOT APPLICABLE,"250,000 POP AND OVER",NO,0638,1.535,US & STATE HIGHWAYS,"STRAIGHT, LEVEL",MINOR ARTERIAL,ON ROADWAY,"4 OR MORE LANES, UNDIVIDED",False,55,SH0361,DRY,SIGNAL LIGHT,CLEAR
16537228,12050,False,12050,2023,CORPUS CHRISTI,FAILED TO CONTROL SPEED,226303,18.017,2018-07-19,0,7,0,0,N - NOT INJURED,0,1620,0,2018,THURSDAY,25.736,0,MOTOR VEHICLE IN TRANSPORT,TWO-WAY,16:00 - 16:59,,N/A,NON INTERSECTION,27.73047247,DAYLIGHT,YES,-97.13778681,SAME DIRECTION - BOTH GOING STRAIGHT-REAR END,NO MEDIAN,NOT APPLICABLE,5,NOT APPLICABLE,True,SLOWING/STOPPING-FOR TRAFFIC,"250,000 POP AND OVER",NO,0630,0.004,US & STATE HIGHWAYS,"STRAIGHT, LEVEL",MINOR ARTERIAL,ON ROADWAY,"4 OR MORE LANES, UNDIVIDED",False,65,SH0361,DRY,MARKED LANES,CLEAR
16566933,10439,False,10439,2023,CORPUS CHRISTI,FAILED TO YIELD RIGHT OF WAY - STOP SIGN,226303,26.719,2018-07-21,0,7,0,2,C - POSSIBLE INJURY,0,2057,2,2018,SATURDAY,34.438,0,MOTOR VEHICLE IN TRANSPORT,TWO-WAY,20:00 - 20:59,,ZAHN RD,INTERSECTION RELATED,27.62206646,"DARK, NOT LIGHTED",YES,-97.21074535,ANGLE - ONE STRAIGHT-ONE LEFT TURN,NO MEDIAN,NOT APPLICABLE,5,NOT APPLICABLE,True,NOT APPLICABLE,"250,000 POP AND OVER",NO,0638,0.756,US & STATE HIGHWAYS,"STRAIGHT, LEVEL",MINOR ARTERIAL,ON ROADWAY,"4 OR MORE LANES, UNDIVIDED",False,55,SH0361,DRY,STOP SIGN,CLEAR
16538056,15893,True,15893,2023,PORT ARANSAS,FAILED TO YIELD RIGHT OF WAY - TURNING LEFT,226303,12.309,2018-07-23,0,7,0,0,N - NOT INJURED,0,1650,0,2018,MONDAY,20.028,0,MOTOR VEHICLE IN TRANSPORT,BOULEVARD,16:00 - 16:59,,MUSTANG BLVD,INTERSECTION,27.80023347,DAYLIGHT,YES,-97.08764061,ANGLE - ONE STRAIGHT-ONE LEFT TURN,CURBED,THREE ENTERING ROADS - T,4,NOT APPLICABLE,True,NOT APPLICABLE,"2,500 - 4,999 POP",NO,0624,0.278,US & STATE HIGHWAYS,"STRAIGHT, LEVEL",MINOR ARTERIAL,ON ROADWAY,"4 OR MORE LANES, DIVIDED",True,55,SH0361,DRY,MARKED LANES,CLEAR
16546676,10439,False,10439,2023,CORPUS CHRISTI,DRIVER INATTENTION; FAILED TO CONTROL SPEED,226303,21.002,2018-07-28,0,7,0,0,N - NOT INJURED,0,1414,0,2018,SATURDAY,28.721,0,MOTOR VEHICLE IN TRANSPORT,TWO-WAY,14:00 - 14:59,,UNKNOWN,INTERSECTION RELATED,27.69329198,DAYLIGHT,YES,-97.16280354,SAME DIRECTION - ONE STRAIGHT-ONE STOPPED,NO MEDIAN,NOT APPLICABLE,5,NOT APPLICABLE,True,SLOWING/STOPPING-TO MAKE LEFT TURN,"250,000 POP AND OVER",NO,0634,-0.962,US & STATE HIGHWAYS,"STRAIGHT, LEVEL",MINOR ARTERIAL,ON ROADWAY,"4 OR MORE LANES, UNDIVIDED",False,60,SH0361,DRY,MARKED LANES,CLEAR
16548015,10439,True,10439,2023,CORPUS CHRISTI,FAILED TO YIELD RIGHT OF WAY - STOP SIGN,226303,26.723,2018-07-30,0,7,0,1,C - POSSIBLE INJURY,0,0614,1,2018,MONDAY,34.442,0,MOTOR VEHICLE IN TRANSPORT,TWO-WAY,06:00 - 06:59,,ZAHN RD,INTERSECTION,27.62201986,DAWN,YES,-97.21077788,ANGLE - ONE STRAIGHT-ONE LEFT TURN,NO MEDIAN,THREE ENTERING ROADS - T,5,NOT APPLICABLE,True,NOT APPLICABLE,"250,000 POP AND OVER",NO,0638,0.76,US & STATE HIGHWAYS,"STRAIGHT, LEVEL",MINOR ARTERIAL,ON ROADWAY,"4 OR MORE LANES, UNDIVIDED",False,55,SH0361,DRY,CENTER STRIPE/DIVIDER,CLEAR
16571810,10439,True,10439,2023,CORPUS CHRISTI,DISREGARD STOP AND GO SIGNAL,226303,27.498,2018-08-13,0,8,0,1,C - POSSIBLE INJURY,0,2044,1,2018,MONDAY,35.217,0,MOTOR VEHICLE IN TRANSPORT,TWO-WAY,20:00 - 20:59,0022,PR0022,INTERSECTION,27.6178894,"DARK, LIGHTED",YES,-97.22177124,OPPOSITE DIRECTION - ONE STRAIGHT-ONE LEFT TURN,NO MEDIAN,FOUR ENTERING ROADS,5,NOT APPLICABLE,True,NOT APPLICABLE,"250,000 POP AND OVER",NO,0638,1.535,US & STATE HIGHWAYS,"STRAIGHT, LEVEL",MINOR ARTERIAL,ON ROADWAY,"4 OR MORE LANES, UNDIVIDED",False,55,SH0361,DRY,SIGNAL LIGHT,CLEAR
16578731,15893,True,15893,2023,PORT ARANSAS,FAILED TO CONTROL SPEED;OTHER (EXPLAIN IN NARRATIVE),226303,11.782,2018-08-15,0,8,2,0,B - SUSPECTED MINOR INJURY,0,1817,2,2018,WEDNESDAY,19.501,0,MOTOR VEHICLE IN TRANSPORT,BOULEVARD,18:00 - 18:59,,PIPER BLVD,INTERSECTION,27.80637738,DAYLIGHT,YES,-97.0824751,ANGLE - BOTH GOING STRAIGHT,CURBED,FOUR ENTERING ROADS,4,NOT APPLICABLE,True,NOT APPLICABLE,"2,500 - 4,999 POP",NO,0624,-0.249,US & STATE HIGHWAYS,"STRAIGHT, LEVEL",MINOR ARTERIAL,ON ROADWAY,"4 OR MORE LANES, DIVIDED",True,55,SH0361,DRY,SIGNAL LIGHT,CLEAR
16621267,10439,False,10439,2023,CORPUS CHRISTI,TURNED WHEN UNSAFE; UNDER INFLUENCE - ALCOHOL,226303,27.471,2018-08-25,0,8,0,0,N - NOT INJURED,0,1730,0,2018,SATURDAY,35.19,0,FIXED OBJECT,TWO-WAY,17:00 - 17:59,,N/A,NON INTERSECTION,27.61788326,DAYLIGHT,YES,-97.22132825,ONE MOTOR VEHICLE - GOING STRAIGHT,NO MEDIAN,NOT APPLICABLE,5,HIT HIGHWAY SIGN,True,NOT APPLICABLE,"250,000 POP AND OVER",NO,0638,1.508,US & STATE HIGHWAYS,"STRAIGHT, LEVEL",MINOR ARTERIAL,OFF ROADWAY,"4 OR MORE LANES, UNDIVIDED",False,60,SH0361,DRY,NONE,CLEAR
16620834,10439,False,10439,2023,CORPUS CHRISTI,FAILED TO CONTROL SPEED;OTHER (EXPLAIN IN NARRATIVE),226303,26.998,2018-09-03,0,9,0,0,N - NOT INJURED,0,1435,0,2018,MONDAY,34.717,0,MOTOR VEHICLE IN TRANSPORT,TWO-WAY,14:00 - 14:59,,N/A,NON INTERSECTION,27.61920691,DAYLIGHT,YES,-97.21390573,SAME DIRECTION - BOTH GOING STRAIGHT-REAR END,NO MEDIAN,NOT APPLICABLE,5,NOT APPLICABLE,True,NOT APPLICABLE,"250,000 POP AND OVER",NO,0638,1.035,US & STATE HIGHWAYS,"CURVE, GRADE",MINOR ARTERIAL,ON ROADWAY,"4 OR MORE LANES, UNDIVIDED",False,65,SH0361,DRY,MARKED LANES,CLEAR
16640156,10439,False,10439,2023,CORPUS CHRISTI,FAILED TO CONTROL SPEED,226303,20.458,2018-09-13,0,9,0,1,C - POSSIBLE INJURY,0,0706,1,2018,THURSDAY,28.177,0,FIXED OBJECT,TWO-WAY,07:00 - 07:59,,N/A,NON INTERSECTION,27.700063,DAYLIGHT,YES,-97.15824205,ONE MOTOR VEHICLE - GOING STRAIGHT,NO MEDIAN,NOT APPLICABLE,5,DITCH,True,NOT APPLICABLE,"250,000 POP AND OVER",NO,0632,0.494,US & STATE HIGHWAYS,"STRAIGHT, LEVEL",MINOR ARTERIAL,OFF ROADWAY,"4 OR MORE LANES, UNDIVIDED",False,60,SH0361,DRY,CENTER STRIPE/DIVIDER,CLEAR
16642528,10439,False,10439,2023,CORPUS CHRISTI,FAILED TO CONTROL SPEED,226303,27.493,2018-09-14,0,9,0,0,N - NOT INJURED,0,1241,0,2018,FRIDAY,35.212,0,MOTOR VEHICLE IN TRANSPORT,TWO-WAY,12:00 - 12:59,0022,PR0022,INTERSECTION RELATED,27.61788845,DAYLIGHT,YES,-97.22169414,SAME DIRECTION - ONE STRAIGHT-ONE STOPPED,NO MEDIAN,NOT APPLICABLE,5,NOT APPLICABLE,True,"SLOWING/STOPPING - FOR OFFICER, FLAGMAN, OR TRAFFIC CONTROL","250,000 POP AND OVER",NO,0638,1.53,US & STATE HIGHWAYS,"STRAIGHT, LEVEL",MINOR ARTERIAL,ON ROADWAY,"4 OR MORE LANES, UNDIVIDED",False,55,SH0361,WET,SIGNAL LIGHT,CLOUDY
16642813,12050,True,12050,2023,CORPUS CHRISTI,DROVE WITHOUT HEADLIGHTS;FAILED TO YIELD RIGHT OF WAY - OPEN INTERSECTION;IMPAIRED VISIBILITY (EXPLAIN IN NARRATIVE),226303,15.567,2018-09-15,0,9,0,0,N - NOT INJURED,0,0848,0,2018,SATURDAY,23.286,0,MOTOR VEHICLE IN TRANSPORT,TWO-WAY,08:00 - 08:59,,UNKNOWN,INTERSECTION,27.76098981,DAYLIGHT,YES,-97.11722573,SAME DIRECTION - ONE STRAIGHT-ONE LEFT TURN,NO MEDIAN,THREE ENTERING ROADS - T,5,NOT APPLICABLE,True,NOT APPLICABLE,"250,000 POP AND OVER",NO,0628,-0.415,US & STATE HIGHWAYS,"STRAIGHT, LEVEL",MINOR ARTERIAL,ON ROADWAY,"4 OR MORE LANES, UNDIVIDED",False,60,SH0361,STANDING WATER,NONE,RAIN
16686862,10439,False,10439,2023,CORPUS CHRISTI,FAILED TO YIELD RIGHT OF WAY - PRIVATE DRIVE,226303,27.479,2018-10-03,0,10,0,0,N - NOT INJURED,0,1434,0,2018,WEDNESDAY,35.198,0,MOTOR VEHICLE IN TRANSPORT,TWO-WAY,14:00 - 14:59,,N/A,DRIVEWAY ACCESS,27.61788517,DAYLIGHT,YES,-97.22146329,ANGLE - ONE STRAIGHT-ONE LEFT TURN,NO MEDIAN,NOT APPLICABLE,5,NOT APPLICABLE,True,ONE VEHICLE LEAVING DRIVEWAY,"250,000 POP AND OVER",NO,0638,1.516,US & STATE HIGHWAYS,"STRAIGHT, LEVEL",MINOR ARTERIAL,ON ROADWAY,"4 OR MORE LANES, UNDIVIDED",False,55,SH0361,DRY,MARKED LANES,CLEAR
16727513,10439,False,10439,2023,CORPUS CHRISTI,FAILED TO YIELD RIGHT OF WAY - PRIVATE DRIVE,226303,27.46,2018-10-27,0,10,0,0,N - NOT INJURED,0,0737,0,2018,SATURDAY,35.179,0,MOTOR VEHICLE IN TRANSPORT,TWO-WAY,07:00 - 07:59,,N/A,DRIVEWAY ACCESS,27.61788081,DAWN,YES,-97.22115549,ANGLE - BOTH GOING STRAIGHT,NO MEDIAN,NOT APPLICABLE,5,NOT APPLICABLE,True,ONE VEHICLE LEAVING DRIVEWAY,"250,000 POP AND OVER",NO,0638,1.497,US & STATE HIGHWAYS,"STRAIGHT, LEVEL",MINOR ARTERIAL,ON ROADWAY,"4 OR MORE LANES, UNDIVIDED",False,40,SH0361,DRY,CENTER STRIPE/DIVIDER,CLEAR
16737469,12050,False,12050,2023,CORPUS CHRISTI,TURNED WHEN UNSAFE,226303,18.161,2018-10-29,0,10,0,1,C - POSSIBLE INJURY,0,0852,1,2018,MONDAY,25.88,0,OVERTURNED,TWO-WAY,08:00 - 08:59,,N/A,NON INTERSECTION,27.72868387,DAYLIGHT,YES,-97.13899339,ONE MOTOR VEHICLE - GOING STRAIGHT,NO MEDIAN,NOT APPLICABLE,5,OVERTURNED,True,NOT APPLICABLE,"250,000 POP AND OVER",NO,0630,0.148,US & STATE HIGHWAYS,"STRAIGHT, LEVEL",MINOR ARTERIAL,OFF ROADWAY,"4 OR MORE LANES, UNDIVIDED",False,60,SH0361,DRY,CENTER STRIPE/DIVIDER,CLEAR
16749719,10439,False,10439,2023,CORPUS CHRISTI,FAILED TO DRIVE IN SINGLE LANE; HAD BEEN DRINKING,226303,26.722,2018-11-03,0,11,0,0,N - NOT INJURED,0,2115,0,2018,SATURDAY,34.441,0,MOTOR VEHICLE IN TRANSPORT,TWO-WAY,21:00 - 21:59,,N/A,NON INTERSECTION,27.62203335,"DARK, NOT LIGHTED",YES,-97.21076847,OPPOSITE DIRECTION - BOTH GOING STRAIGHT,NO MEDIAN,NOT APPLICABLE,5,NOT APPLICABLE,True,NOT APPLICABLE,"250,000 POP AND OVER",NO,0638,0.759,CITY STREET,"STRAIGHT, LEVEL",MINOR ARTERIAL,ON ROADWAY,"4 OR MORE LANES, UNDIVIDED",False,15,SH0361,"SAND, MUD, DIRT",NONE,CLEAR
16746740,15893,True,15893,2023,PORT ARANSAS,FAILED TO YIELD RIGHT OF WAY - STOP SIGN,226303,12.038,2018-11-14,0,11,1,0,B - SUSPECTED MINOR INJURY,0,0745,1,2018,WEDNESDAY,19.757,0,PEDALCYCLIST,BOULEVARD,07:00 - 07:59,,PALMILLA WAY,INTERSECTION,27.80338938,DAYLIGHT,YES,-97.08498763,ONE MOTOR VEHICLE - GOING STRAIGHT,CURBED,THREE ENTERING ROADS - T,4,NOT APPLICABLE,True,NOT APPLICABLE,"2,500 - 4,999 POP",NO,0624,0.007,US & STATE HIGHWAYS,"STRAIGHT, LEVEL",MINOR ARTERIAL,ON ROADWAY,"4 OR MORE LANES, DIVIDED",True,55,SH0361,DRY,CENTER STRIPE/DIVIDER,CLEAR
16796396,10439,False,10439,2023,CORPUS CHRISTI,DISREGARD TURN MARKS AT INTERSECTION,226303,26.737,2018-11-29,0,11,0,2,C - POSSIBLE INJURY,0,1751,2,2018,THURSDAY,34.456,0,MOTOR VEHICLE IN TRANSPORT,TWO-WAY,17:00 - 17:59,,ZAHN RD,INTERSECTION RELATED,27.62184474,DUSK,YES,-97.21090015,SAME DIRECTION - ONE STRAIGHT-ONE STOPPED,NO MEDIAN,NOT APPLICABLE,5,NOT APPLICABLE,True,SLOWING/STOPPING-TO MAKE LEFT TURN,"250,000 POP AND OVER",NO,0638,0.774,US & STATE HIGHWAYS,"STRAIGHT, LEVEL",MINOR ARTERIAL,ON ROADWAY,"4 OR MORE LANES, UNDIVIDED",False,60,SH0361,DRY,MARKED LANES,CLOUDY
16803136,10439,False,10439,2023,CORPUS CHRISTI,ANIMAL ON ROAD - WILD,226303,24.754,2018-12-05,0,12,0,0,N - NOT INJURED,0,1810,0,2018,WEDNESDAY,32.473,0,ANIMAL,TWO-WAY,18:00 - 18:59,,N/A,NON INTERSECTION,27.64652074,"DARK, NOT LIGHTED",YES,-97.19422785,ONE MOTOR VEHICLE - GOING STRAIGHT,NO MEDIAN,NOT APPLICABLE,5,NOT APPLICABLE,True,NOT APPLICABLE,"250,000 POP AND OVER",NO,0636,0.79,US & STATE HIGHWAYS,"STRAIGHT, LEVEL",MINOR ARTERIAL,ON ROADWAY,"4 OR MORE LANES, UNDIVIDED",False,65,SH0361,DRY,MARKED LANES,CLEAR
16889447,12050,True,12050,2023,CORPUS CHRISTI,TURNED WHEN UNSAFE,226303,19.216,2019-01-25,1,1,0,0,K - FATAL INJURY,0,0248,0,2019,FRIDAY,26.935,1,OVERTURNED,TWO-WAY,02:00 - 02:59,,UNKNOWN,INTERSECTION RELATED,27.71554328,"DARK, NOT LIGHTED",YES,-97.14784459,ONE MOTOR VEHICLE - GOING STRAIGHT,NO MEDIAN,THREE ENTERING ROADS - T,5,OVERTURNED,True,SWERVED OR VEERED-REASON NOT SPECIFIED,"250,000 POP AND OVER",NO,0632,-0.748,US & STATE HIGHWAYS,"STRAIGHT, LEVEL",MINOR ARTERIAL,OFF ROADWAY,"4 OR MORE LANES, UNDIVIDED",False,65,SH0361,DRY,MARKED LANES,CLEAR
16917566,10439,False,10439,2023,CORPUS CHRISTI,FAILED TO CONTROL SPEED,226303,27.479,2019-02-04,0,2,0,0,N - NOT INJURED,0,1716,0,2019,MONDAY,35.198,0,MOTOR VEHICLE IN TRANSPORT,TWO-WAY,17:00 - 17:59,0022,PR0022,INTERSECTION RELATED,27.61788517,DAYLIGHT,YES,-97.22146329,SAME DIRECTION - BOTH GOING STRAIGHT-REAR END,NO MEDIAN,NOT APPLICABLE,5,NOT APPLICABLE,True,SLOWING/STOPPING-FOR TRAFFIC,"250,000 POP AND OVER",NO,0638,1.516,US & STATE HIGHWAYS,"STRAIGHT, LEVEL",MINOR ARTERIAL,ON ROADWAY,"4 OR MORE LANES, UNDIVIDED",False,65,SH0361,WET,MARKED LANES,FOG
16919607,12050,False,12050,2023,CORPUS CHRISTI,NONE,226303,19.464,2019-02-09,0,2,0,0,N - NOT INJURED,0,1841,0,2019,SATURDAY,27.183,0,ANIMAL,TWO-WAY,18:00 - 18:59,,N/A,NON INTERSECTION,27.71245411,"DARK, NOT LIGHTED",YES,-97.14992811,ONE MOTOR VEHICLE - GOING STRAIGHT,NO MEDIAN,NOT APPLICABLE,5,NOT APPLICABLE,True,NOT APPLICABLE,"250,000 POP AND OVER",NO,0632,-0.5,US & STATE HIGHWAYS,"STRAIGHT, LEVEL",MINOR ARTERIAL,ON ROADWAY,"4 OR MORE LANES, UNDIVIDED",False,65,SH0361,DRY,MARKED LANES,CLOUDY
16918309,15893,True,15893,2023,PORT ARANSAS,DRIVER INATTENTION;FAILED TO YIELD RIGHT OF WAY - STOP SIGN,226303,12.309,2019-02-25,0,2,0,0,N - NOT INJURED,0,1139,0,2019,MONDAY,20.028,0,MOTOR VEHICLE IN TRANSPORT,BOULEVARD,11:00 - 11:59,,MUSTANG BLVD,INTERSECTION,27.80023347,DAYLIGHT,YES,-97.08764061,ANGLE - BOTH GOING STRAIGHT,CURBED,THREE ENTERING ROADS - T,4,NOT APPLICABLE,True,ATTENTION DIVERTED FROM DRIVING,"2,500 - 4,999 POP",NO,0624,0.278,US & STATE HIGHWAYS,"STRAIGHT, LEVEL",MINOR ARTERIAL,ON ROADWAY,"4 OR MORE LANES, DIVIDED",True,55,SH0361,DRY,STOP SIGN,CLOUDY
16923744,10439,False,10439,2023,CORPUS CHRISTI,FAILED TO YIELD RIGHT OF WAY - STOP SIGN;IMPAIRED VISIBILITY (EXPLAIN IN NARRATIVE),226303,22.533,2019-02-27,0,2,0,0,N - NOT INJURED,0,0812,0,2019,WEDNESDAY,30.252,0,FIXED OBJECT,TWO-WAY,08:00 - 08:59,0022,PR0022,INTERSECTION RELATED,27.67419962,DAYLIGHT,YES,-97.17563277,ONE MOTOR VEHICLE - GOING STRAIGHT,NO MEDIAN,THREE ENTERING ROADS - T,5,"HIT WORK ZONE BARRICADE, CONES, SIGNS OR MATERIAL",True,CONSTRUCTION-IN OTHER CONSTRUCTION MAINTENANCE AREA (RELATED TO CRASH),"250,000 POP AND OVER",NO,0634,0.569,US & STATE HIGHWAYS,"STRAIGHT, LEVEL",MINOR ARTERIAL,OFF ROADWAY,"4 OR MORE LANES, UNDIVIDED",False,60,SH0361,DRY,STOP SIGN,FOG
16930412,12050,False,12050,2023,CORPUS CHRISTI,UNSAFE SPEED;OTHER (EXPLAIN IN NARRATIVE),226303,16.335,2019-03-03,0,3,0,0,N - NOT INJURED,0,0939,0,2019,SUNDAY,24.054,0,FIXED OBJECT,TWO-WAY,09:00 - 09:59,,MARINERS DR,INTERSECTION RELATED,27.75143298,DAYLIGHT,YES,-97.12368351,ONE MOTOR VEHICLE - GOING STRAIGHT,NO MEDIAN,NOT APPLICABLE,5,HIT UTILITY POLE,True,"LOST CONTROL OR SKIDDED (ICY OR SLICK ROAD, ETC.)","250,000 POP AND OVER",NO,0628,0.353,US & STATE HIGHWAYS,"STRAIGHT, LEVEL",MINOR ARTERIAL,OFF ROADWAY,"4 OR MORE LANES, UNDIVIDED",False,65,SH0361,WET,MARKED LANES,FOG
16930113,12050,False,12050,2023,CORPUS CHRISTI,FAILED TO CONTROL SPEED,226303,17.314,2019-03-04,0,3,0,3,C - POSSIBLE INJURY,0,0738,3,2019,MONDAY,25.033,0,MOTOR VEHICLE IN TRANSPORT,TWO-WAY,07:00 - 07:59,,N/A,DRIVEWAY ACCESS,27.7392332,DAYLIGHT,YES,-97.13187683,SAME DIRECTION - BOTH GOING STRAIGHT-REAR END,NO MEDIAN,NOT APPLICABLE,5,NOT APPLICABLE,True,SLOWING/STOPPING-TO MAKE RIGHT TURN,"250,000 POP AND OVER",NO,0630,-0.699,US & STATE HIGHWAYS,"STRAIGHT, LEVEL",MINOR ARTERIAL,ON ROADWAY,"4 OR MORE LANES, UNDIVIDED",False,60,SH0361,WET,CENTER STRIPE/DIVIDER,RAIN
16950422,12050,False,12050,2023,CORPUS CHRISTI,DRIVER INATTENTION; FAILED TO CONTROL SPEED,226303,19.235,2019-03-10,0,3,0,0,99 - UNKNOWN,0,0806,0,2019,SUNDAY,26.954,0,OVERTURNED,TWO-WAY,08:00 - 08:59,,N/A,NON INTERSECTION,27.71530758,DAWN,YES,-97.14800356,ONE MOTOR VEHICLE - GOING STRAIGHT,NO MEDIAN,NOT APPLICABLE,5,OVERTURNED,True,ATTENTION DIVERTED FROM DRIVING,"250,000 POP AND OVER",NO,0632,-0.729,US & STATE HIGHWAYS,"STRAIGHT, LEVEL",MINOR ARTERIAL,OFF ROADWAY,"4 OR MORE LANES, UNDIVIDED",False,-1,SH0361,WET,CENTER STRIPE/DIVIDER,FOG
16948382,10439,True,10439,2023,CORPUS CHRISTI,FAILED TO YIELD RIGHT OF WAY - TURNING LEFT,226303,27.498,2019-03-13,0,3,0,0,A - SUSPECTED SERIOUS INJURY,1,2129,1,2019,WEDNESDAY,35.217,0,MOTOR VEHICLE IN TRANSPORT,TWO-WAY,21:00 - 21:59,0022,PR0022,INTERSECTION,27.61788953,"DARK, LIGHTED",YES,-97.22177054,OPPOSITE DIRECTION - ONE STRAIGHT-ONE LEFT TURN,NO MEDIAN,FOUR ENTERING ROADS,5,NOT APPLICABLE,True,NOT APPLICABLE,"250,000 POP AND OVER",NO,0638,1.535,US & STATE HIGHWAYS,"STRAIGHT, LEVEL",MINOR ARTERIAL,ON ROADWAY,"4 OR MORE LANES, UNDIVIDED",False,55,SH0361,DRY,SIGNAL LIGHT,CLEAR
16964079,10439,False,10439,2023,CORPUS CHRISTI,CHANGED LANE WHEN UNSAFE,226303,26.779,2019-03-15,0,3,0,1,C - POSSIBLE INJURY,0,1844,1,2019,FRIDAY,34.498,0,MOTOR VEHICLE IN TRANSPORT,TWO-WAY,18:00 - 18:59,,N/A,NON INTERSECTION,27.62135591,DAYLIGHT,YES,-97.2113118,SAME DIRECTION - BOTH GOING STRAIGHT-SIDESWIPE,NO MEDIAN,NOT APPLICABLE,5,NOT APPLICABLE,True,VEHICLE CHANGING LANES,"250,000 POP AND OVER",NO,0638,0.816,US & STATE HIGHWAYS,"STRAIGHT, GRADE",MINOR ARTERIAL,ON ROADWAY,"4 OR MORE LANES, UNDIVIDED",False,50,SH0361,DRY,MARKED LANES,CLOUDY
16955077,10439,True,10439,2023,CORPUS CHRISTI,CHANGED LANE WHEN UNSAFE,226303,27.498,2019-03-16,0,3,0,0,N - NOT INJURED,0,0742,0,2019,SATURDAY,35.217,0,MOTOR VEHICLE IN TRANSPORT,TWO-WAY,07:00 - 07:59,0022,PR0022,INTERSECTION RELATED,27.6178894,DAWN,YES,-97.22177124,SAME DIRECTION - BOTH GOING STRAIGHT-SIDESWIPE,NO MEDIAN,FOUR ENTERING ROADS,5,HIT CONCRETE TRAFFIC BARRIER (NOT IN MEDIAN),True,VEHICLE CHANGING LANES,"250,000 POP AND OVER",NO,0638,1.535,US & STATE HIGHWAYS,"STRAIGHT, LEVEL",MINOR ARTERIAL,ON ROADWAY,"4 OR MORE LANES, UNDIVIDED",False,55,SH0361,WET,SIGNAL LIGHT,RAIN
16965187,10439,False,10439,2023,CORPUS CHRISTI,FAILED TO DRIVE IN SINGLE LANE; UNDER INFLUENCE - ALCOHOL,226303,27.398,2019-03-23,0,3,0,0,A - SUSPECTED SERIOUS INJURY,1,1840,1,2019,SATURDAY,35.117,0,PARKED CAR,TWO-WAY,18:00 - 18:59,,N/A,NON INTERSECTION,27.61786638,DAYLIGHT,YES,-97.22013958,ONE MOTOR VEHICLE - GOING STRAIGHT,NO MEDIAN,NOT APPLICABLE,5,NOT APPLICABLE,True,NOT APPLICABLE,"250,000 POP AND OVER",NO,0638,1.435,US & STATE HIGHWAYS,"CURVE, GRADE",MINOR ARTERIAL,SHOULDER,"4 OR MORE LANES, UNDIVIDED",False,55,SH0361,DRY,MARKED LANES,CLOUDY
16969505,10439,True,10439,2023,CORPUS CHRISTI,DISREGARD STOP AND GO SIGNAL,226303,27.498,2019-03-24,0,3,2,0,B - SUSPECTED MINOR INJURY,0,1647,2,2019,SUNDAY,35.217,0,MOTOR VEHICLE IN TRANSPORT,TWO-WAY,16:00 - 16:59,0022,PR0022,INTERSECTION,27.6178894,DAYLIGHT,YES,-97.22177124,OPPOSITE DIRECTION - ONE STRAIGHT-ONE LEFT TURN,NO MEDIAN,FOUR ENTERING ROADS,5,NOT APPLICABLE,True,NOT APPLICABLE,"250,000 POP AND OVER",NO,0638,1.535,US & STATE HIGHWAYS,"STRAIGHT, LEVEL",MINOR ARTERIAL,ON ROADWAY,"4 OR MORE LANES, UNDIVIDED",False,35,SH0361,DRY,SIGNAL LIGHT,CLEAR
16978082,15893,True,15893,2023,PORT ARANSAS,DRIVER INATTENTION;FAILED TO YIELD RIGHT OF WAY - TURNING LEFT,226303,11.782,2019-03-29,0,3,1,0,B - SUSPECTED MINOR INJURY,0,1837,1,2019,FRIDAY,19.501,0,MOTOR VEHICLE IN TRANSPORT,BOULEVARD,18:00 - 18:59,,PIPER BLVD,INTERSECTION,27.80637738,DAYLIGHT,YES,-97.0824751,OPPOSITE DIRECTION - ONE STRAIGHT-ONE LEFT TURN,CURBED,THREE ENTERING ROADS - T,4,NOT APPLICABLE,True,ATTENTION DIVERTED FROM DRIVING,"2,500 - 4,999 POP",NO,0624,-0.249,US & STATE HIGHWAYS,"STRAIGHT, LEVEL",MINOR ARTERIAL,ON ROADWAY,"4 OR MORE LANES, DIVIDED",True,55,SH0361,DRY,SIGNAL LIGHT,CLEAR
16985873,10439,False,10439,2023,CORPUS CHRISTI,OVERTAKE AND PASS INSUFFICIENT CLEARANCE,226303,25.588,2019-04-02,0,4,0,2,C - POSSIBLE INJURY,0,1604,2,2019,TUESDAY,33.307,0,MOTOR VEHICLE IN TRANSPORT,TWO-WAY,16:00 - 16:59,,N/A,NON INTERSECTION,27.63613378,DAYLIGHT,YES,-97.20121447,SAME DIRECTION - BOTH GOING STRAIGHT-REAR END,NO MEDIAN,NOT APPLICABLE,5,NOT APPLICABLE,True,VEHICLE PASSING OR ATTEMPTING TO PASS ON LEFT,"250,000 POP AND OVER",NO,0638,-0.375,US & STATE HIGHWAYS,"STRAIGHT, LEVEL",MINOR ARTERIAL,ON ROADWAY,"4 OR MORE LANES, UNDIVIDED",False,60,SH0361,DRY,MARKED LANES,CLEAR
16999639,15893,False,15893,2023,PORT ARANSAS,OTHER (EXPLAIN IN NARRATIVE),226303,11.744,2019-04-06,0,4,1,0,B - SUSPECTED MINOR INJURY,0,2342,1,2019,SATURDAY,19.463,0,FIXED OBJECT,BOULEVARD,23:00 - 23:59,,N/A,NON INTERSECTION,27.80680739,"DARK, LIGHTED",YES,-97.08209157,ONE MOTOR VEHICLE - GOING STRAIGHT,CURBED,THREE ENTERING ROADS - T,4,HIT MEDIAN BARRIER (CONCRETE OR CABLE),True,NOT APPLICABLE,"2,500 - 4,999 POP",NO,0624,-0.287,US & STATE HIGHWAYS,"STRAIGHT, LEVEL",MINOR ARTERIAL,MEDIAN,"4 OR MORE LANES, DIVIDED",True,55,SH0361,DRY,FLASHING YELLOW LIGHT,CLOUDY
17063756,10439,False,10439,2023,CORPUS CHRISTI,TURNED WHEN UNSAFE,226303,20.26,2019-04-30,0,4,0,1,C - POSSIBLE INJURY,0,1349,1,2019,TUESDAY,27.979,0,MOTOR VEHICLE IN TRANSPORT,TWO-WAY,13:00 - 13:59,,N/A,NON INTERSECTION,27.70251894,DAYLIGHT,YES,-97.15658585,SAME DIRECTION - ONE STRAIGHT-ONE LEFT TURN,NO MEDIAN,NOT APPLICABLE,5,NOT APPLICABLE,True,NOT APPLICABLE,"250,000 POP AND OVER",NO,0632,0.296,US & STATE HIGHWAYS,"STRAIGHT, LEVEL",MINOR ARTERIAL,ON ROADWAY,"4 OR MORE LANES, UNDIVIDED",False,65,SH0361,DRY,MARKED LANES,CLEAR
17074886,10439,True,10439,2023,CORPUS CHRISTI,DRIVER INATTENTION,226303,27.498,2019-05-17,0,5,0,0,N - NOT INJURED,0,1611,0,2019,FRIDAY,35.217,0,MOTOR VEHICLE IN TRANSPORT,TWO-WAY,16:00 - 16:59,0022,PR0022,INTERSECTION,27.6178894,DAYLIGHT,YES,-97.22177124,OPPOSITE DIRECTION - ONE STRAIGHT-ONE LEFT TURN,NO MEDIAN,FOUR ENTERING ROADS,5,NOT APPLICABLE,True,ATTENTION DIVERTED FROM DRIVING,"250,000 POP AND OVER",NO,0638,1.535,US & STATE HIGHWAYS,"STRAIGHT, LEVEL",MINOR ARTERIAL,ON ROADWAY,"4 OR MORE LANES, UNDIVIDED",False,50,SH0361,DRY,SIGNAL LIGHT,CLEAR
17082542,12050,False,12050,2023,CORPUS CHRISTI,FAILED TO DRIVE IN SINGLE LANE;CELL/MOBILE DEVICE USE - TEXTING,226303,16.074,2019-05-17,0,5,0,0,A - SUSPECTED SERIOUS INJURY,1,1241,1,2019,FRIDAY,23.793,0,OVERTURNED,TWO-WAY,12:00 - 12:59,,N/A,NON INTERSECTION,27.75467715,DAYLIGHT,YES,-97.12149134,ONE MOTOR VEHICLE - GOING STRAIGHT,NO MEDIAN,NOT APPLICABLE,5,OVERTURNED,True,ATTENTION DIVERTED FROM DRIVING,"250,000 POP AND OVER",NO,0628,0.092,US & STATE HIGHWAYS,"STRAIGHT, LEVEL",MINOR ARTERIAL,OFF ROADWAY,"4 OR MORE LANES, UNDIVIDED",False,55,SH0361,DRY,MARKED LANES,CLOUDY
17083337,10439,False,10439,2023,CORPUS CHRISTI,FAILED TO CONTROL SPEED,226303,27.483,2019-05-21,0,5,0,0,N - NOT INJURED,0,1621,0,2019,TUESDAY,35.202,0,MOTOR VEHICLE IN TRANSPORT,TWO-WAY,16:00 - 16:59,,N/A,DRIVEWAY ACCESS,27.61788605,DAYLIGHT,YES,-97.22152485,SAME DIRECTION - ONE STRAIGHT-ONE STOPPED,NO MEDIAN,NOT APPLICABLE,5,NOT APPLICABLE,True,SLOWING/STOPPING-FOR TRAFFIC,"250,000 POP AND OVER",NO,0638,1.52,US & STATE HIGHWAYS,"STRAIGHT, LEVEL",MINOR ARTERIAL,ON ROADWAY,"4 OR MORE LANES, UNDIVIDED",False,55,SH0361,DRY,MARKED LANES,CLEAR
17096117,10439,False,10439,2023,CORPUS CHRISTI,FAILED TO CONTROL SPEED,226303,27.487,2019-05-24,0,5,0,0,N - NOT INJURED,0,1255,0,2019,FRIDAY,35.206,0,MOTOR VEHICLE IN TRANSPORT,TWO-WAY,12:00 - 12:59,,N/A,NON INTERSECTION,27.61788692,DAYLIGHT,YES,-97.22158641,SAME DIRECTION - ONE STRAIGHT-ONE STOPPED,NO MEDIAN,NOT APPLICABLE,5,NOT APPLICABLE,True,SLOWING/STOPPING-FOR TRAFFIC,"250,000 POP AND OVER",NO,0638,1.524,US & STATE HIGHWAYS,"STRAIGHT, LEVEL",MINOR ARTERIAL,ON ROADWAY,"4 OR MORE LANES, UNDIVIDED",False,45,SH0361,DRY,SIGNAL LIGHT,CLEAR
17106760,10439,False,10439,2023,CORPUS CHRISTI,FAILED TO CONTROL SPEED,226303,27.479,2019-05-26,0,5,0,0,N - NOT INJURED,0,1525,0,2019,SUNDAY,35.198,0,MOTOR VEHICLE IN TRANSPORT,TWO-WAY,15:00 - 15:59,,N/A,DRIVEWAY ACCESS,27.61788517,DAYLIGHT,YES,-97.22146329,SAME DIRECTION - ONE STRAIGHT-ONE STOPPED,NO MEDIAN,NOT APPLICABLE,5,NOT APPLICABLE,True,SLOWING/STOPPING-TO MAKE LEFT TURN,"250,000 POP AND OVER",NO,0638,1.516,US & STATE HIGHWAYS,"STRAIGHT, LEVEL",MINOR ARTERIAL,ON ROADWAY,"4 OR MORE LANES, UNDIVIDED",False,45,SH0361,DRY,MARKED LANES,CLEAR
17107046,12050,False,12050,2023,CORPUS CHRISTI,FAILED TO DRIVE IN SINGLE LANE,226303,18.469,2019-05-27,0,5,0,0,N - NOT INJURED,0,2253,0,2019,MONDAY,26.188,0,FIXED OBJECT,TWO-WAY,22:00 - 22:59,,N/A,NON INTERSECTION,27.7248354,"DARK, NOT LIGHTED",YES,-97.14157775,ONE MOTOR VEHICLE - GOING STRAIGHT,NO MEDIAN,NOT APPLICABLE,5,DITCH,True,NOT APPLICABLE,"250,000 POP AND OVER",NO,0630,0.456,US & STATE HIGHWAYS,"STRAIGHT, LEVEL",MINOR ARTERIAL,OFF ROADWAY,"4 OR MORE LANES, UNDIVIDED",False,60,SH0361,DRY,CENTER STRIPE/DIVIDER,CLEAR
17104737,10439,False,10439,2023,CORPUS CHRISTI,BACKED WITHOUT SAFETY,226303,26.555,2019-06-02,0,6,0,0,N - NOT INJURED,0,1904,0,2019,SUNDAY,34.274,0,PARKED CAR,TWO-WAY,19:00 - 19:59,,N/A,NON INTERSECTION,27.62408716,DAYLIGHT,YES,-97.20933461,ONE MOTOR VEHICLE - BACKING,NO MEDIAN,NOT APPLICABLE,5,NOT APPLICABLE,True,NOT APPLICABLE,"250,000 POP AND OVER",NO,0638,0.592,CITY STREET,OTHER (EXPLAIN IN NARRATIVE),MINOR ARTERIAL,ON ROADWAY,"4 OR MORE LANES, UNDIVIDED",False,15,SH0361,"SAND, MUD, DIRT",NONE,CLEAR
17137654,10439,False,10439,2023,CORPUS CHRISTI,TURNED WHEN UNSAFE,226303,26.628,2019-06-15,0,6,0,2,C - POSSIBLE INJURY,0,1744,2,2019,SATURDAY,34.347,0,MOTOR VEHICLE IN TRANSPORT,TWO-WAY,17:00 - 17:59,,N/A,NON INTERSECTION,27.62318435,DAYLIGHT,YES,-97.2099649,SAME DIRECTION - ONE STRAIGHT-ONE LEFT TURN,NO MEDIAN,NOT APPLICABLE,5,NOT APPLICABLE,True,NOT APPLICABLE,"250,000 POP AND OVER",NO,0638,0.665,US & STATE HIGHWAYS,"STRAIGHT, LEVEL",MINOR ARTERIAL,ON ROADWAY,"4 OR MORE LANES, UNDIVIDED",False,50,SH0361,DRY,CENTER STRIPE/DIVIDER,CLEAR
17141913,12050,False,12050,2023,OUTSIDE CITY LIMITS,FAILED TO CONTROL SPEED; FOLLOWED TOO CLOSELY,226303,13.499,2019-06-18,0,6,0,0,N - NOT INJURED,0,1009,0,2019,TUESDAY,21.218,0,MOTOR VEHICLE IN TRANSPORT,TWO-WAY,10:00 - 10:59,,ACCESS ROAD 1 A,INTERSECTION RELATED,27.78640038,DAYLIGHT,YES,-97.09926774,SAME DIRECTION - ONE STRAIGHT-ONE STOPPED,NO MEDIAN,THREE ENTERING ROADS - T,5,NOT APPLICABLE,True,SLOWING/STOPPING-TO MAKE RIGHT TURN,RURAL,NO,0626,-0.494,US & STATE HIGHWAYS,"STRAIGHT, LEVEL",MINOR ARTERIAL,ON ROADWAY,"4 OR MORE LANES, UNDIVIDED",True,60,SH0361,DRY,NONE,CLEAR
17157457,15893,True,15893,2023,PORT ARANSAS,FAILED TO YIELD RIGHT OF WAY - TURNING LEFT,226303,11.782,2019-06-29,0,6,0,1,C - POSSIBLE INJURY,0,1535,1,2019,SATURDAY,19.501,0,MOTOR VEHICLE IN TRANSPORT,BOULEVARD,15:00 - 15:59,,PIPER BLVD,INTERSECTION,27.80637738,DAYLIGHT,YES,-97.0824751,OPPOSITE DIRECTION - ONE STRAIGHT-ONE LEFT TURN,CURBED,FOUR ENTERING ROADS,4,NOT APPLICABLE,True,NOT APPLICABLE,"2,500 - 4,999 POP",NO,0624,-0.249,US & STATE HIGHWAYS,"STRAIGHT, LEVEL",MINOR ARTERIAL,ON ROADWAY,"4 OR MORE LANES, DIVIDED",True,55,SH0361,DRY,SIGNAL LIGHT,CLEAR
17171195,12050,False,12050,2023,CORPUS CHRISTI,FAILED TO CONTROL SPEED,226303,14.824,2019-07-06,0,7,0,0,N - NOT INJURED,0,1801,0,2019,SATURDAY,22.543,0,PARKED CAR,TWO-WAY,18:00 - 18:59,,N/A,NON INTERSECTION,27.7702409,DAYLIGHT,YES,-97.11097455,ONE MOTOR VEHICLE - GOING STRAIGHT,NO MEDIAN,NOT APPLICABLE,5,NOT APPLICABLE,True,CRASH OCCURRED ON A BEACH,"250,000 POP AND OVER",NO,0626,0.831,OTHER ROADS,OTHER (EXPLAIN IN NARRATIVE),MINOR ARTERIAL,ON ROADWAY,"4 OR MORE LANES, UNDIVIDED",False,15,SH0361,"SAND, MUD, DIRT",YIELD SIGN,CLOUDY
17178956,10439,False,10439,2023,CORPUS CHRISTI,CHANGED LANE WHEN UNSAFE,226303,27.46,2019-07-13,0,7,0,0,N - NOT INJURED,0,1243,0,2019,SATURDAY,35.179,0,MOTOR VEHICLE IN TRANSPORT,TWO-WAY,12:00 - 12:59,,N/A,NON INTERSECTION,27.61788081,DAYLIGHT,YES,-97.22115549,SAME DIRECTION - BOTH GOING STRAIGHT-SIDESWIPE,NO MEDIAN,NOT APPLICABLE,5,NOT APPLICABLE,True,VEHICLE CHANGING LANES,"250,000 POP AND OVER",NO,0638,1.497,US & STATE HIGHWAYS,"STRAIGHT, LEVEL",MINOR ARTERIAL,ON ROADWAY,"4 OR MORE LANES, UNDIVIDED",False,45,SH0361,DRY,MARKED LANES,CLEAR
17200761,15893,True,15893,2023,PORT ARANSAS,FAILED TO YIELD RIGHT OF WAY - TURNING LEFT,226303,11.783,2019-07-27,0,7,0,0,N - NOT INJURED,0,1409,0,2019,SATURDAY,19.502,0,MOTOR VEHICLE IN TRANSPORT,BOULEVARD,14:00 - 14:59,,UNKNOWN,INTERSECTION,27.80636652,DAYLIGHT,YES,-97.08248479,OPPOSITE DIRECTION - ONE STRAIGHT-ONE LEFT TURN,CURBED,FOUR ENTERING ROADS,4,NOT APPLICABLE,True,NOT APPLICABLE,"2,500 - 4,999 POP",NO,0624,-0.248,US & STATE HIGHWAYS,"STRAIGHT, LEVEL",MINOR ARTERIAL,ON ROADWAY,"4 OR MORE LANES, DIVIDED",True,45,SH0361,DRY,SIGNAL LIGHT,CLEAR
17213870,12050,False,12050,2023,OUTSIDE CITY LIMITS,FAILED TO CONTROL SPEED,226303,13.963,2019-08-03,0,8,2,0,B - SUSPECTED MINOR INJURY,0,0958,2,2019,SATURDAY,21.682,0,OVERTURNED,TWO-WAY,09:00 - 09:59,,N/A,NON INTERSECTION,27.78095269,DAYLIGHT,YES,-97.10372696,ONE MOTOR VEHICLE - GOING STRAIGHT,NO MEDIAN,NOT APPLICABLE,5,OVERTURNED,True,NOT APPLICABLE,RURAL,NO,0626,-0.03,CITY STREET,"STRAIGHT, LEVEL",MINOR ARTERIAL,ON ROADWAY,"4 OR MORE LANES, UNDIVIDED",True,30,SH0361,DRY,NONE,CLEAR
17223473,10439,False,10439,2023,CORPUS CHRISTI,FAILED TO CONTROL SPEED,226303,27.479,2019-08-09,0,8,0,0,N - NOT INJURED,0,1614,0,2019,FRIDAY,35.198,0,MOTOR VEHICLE IN TRANSPORT,TWO-WAY,16:00 - 16:59,0022,PR0022,INTERSECTION RELATED,27.61788517,DAYLIGHT,YES,-97.22146329,SAME DIRECTION - ONE STRAIGHT-ONE STOPPED,NO MEDIAN,NOT APPLICABLE,5,NOT APPLICABLE,True,"SLOWING/STOPPING - FOR OFFICER, FLAGMAN, OR TRAFFIC CONTROL","250,000 POP AND OVER",NO,0638,1.516,US & STATE HIGHWAYS,"STRAIGHT, LEVEL",MINOR ARTERIAL,ON ROADWAY,"4 OR MORE LANES, UNDIVIDED",False,50,SH0361,DRY,SIGNAL LIGHT,CLEAR
17231668,10439,False,10439,2023,CORPUS CHRISTI,FAILED TO CONTROL SPEED,226303,22.706,2019-08-11,0,8,0,0,N - NOT INJURED,0,1121,0,2019,SUNDAY,30.425,0,MOTOR VEHICLE IN TRANSPORT,TWO-WAY,11:00 - 11:59,,N/A,NON INTERSECTION,27.67204847,DAYLIGHT,YES,-97.17708132,SAME DIRECTION - ONE STRAIGHT-ONE STOPPED,NO MEDIAN,NOT APPLICABLE,5,NOT APPLICABLE,True,SLOWING/STOPPING-FOR TRAFFIC,"250,000 POP AND OVER",NO,0634,0.742,US & STATE HIGHWAYS,"STRAIGHT, GRADE",MINOR ARTERIAL,ON ROADWAY,"4 OR MORE LANES, UNDIVIDED",False,60,SH0361,DRY,CENTER STRIPE/DIVIDER,CLEAR
17274652,10439,False,10439,2023,CORPUS CHRISTI,FAILED TO CONTROL SPEED,226303,26.713,2019-08-16,0,8,0,0,N - NOT INJURED,0,0245,0,2019,FRIDAY,34.432,0,MOTOR VEHICLE IN TRANSPORT,TWO-WAY,02:00 - 02:59,,N/A,NON INTERSECTION,27.62213636,"DARK, NOT LIGHTED",YES,-97.21069656,SAME DIRECTION - BOTH GOING STRAIGHT-REAR END,NO MEDIAN,NOT APPLICABLE,5,NOT APPLICABLE,True,NOT APPLICABLE,"250,000 POP AND OVER",NO,0638,0.75,US & STATE HIGHWAYS,"STRAIGHT, LEVEL",MINOR ARTERIAL,ON ROADWAY,"4 OR MORE LANES, UNDIVIDED",False,60,SH0361,DRY,MARKED LANES,CLEAR
17251941,10439,False,10439,2023,CORPUS CHRISTI,FAILED TO CONTROL SPEED,226303,24.442,2019-08-23,0,8,0,0,N - NOT INJURED,0,1652,0,2019,FRIDAY,32.161,0,MOTOR VEHICLE IN TRANSPORT,TWO-WAY,16:00 - 16:59,,N/A,NON INTERSECTION,27.6504132,DAYLIGHT,YES,-97.19162694,SAME DIRECTION - BOTH GOING STRAIGHT-REAR END,NO MEDIAN,NOT APPLICABLE,5,NOT APPLICABLE,True,CONSTRUCTION-IN OTHER CONSTRUCTION MAINTENANCE AREA (RELATED TO CRASH),"250,000 POP AND OVER",NO,0636,0.478,US & STATE HIGHWAYS,"STRAIGHT, LEVEL",MINOR ARTERIAL,ON ROADWAY,"4 OR MORE LANES, UNDIVIDED",False,60,SH0361,DRY,CENTER STRIPE/DIVIDER,CLEAR
17254342,10439,False,10439,2023,CORPUS CHRISTI,DRIVER INATTENTION; FAILED TO CONTROL SPEED,226303,24.541,2019-08-23,0,8,1,1,B - SUSPECTED MINOR INJURY,0,1120,2,2019,FRIDAY,32.26,0,MOTOR VEHICLE IN TRANSPORT,TWO-WAY,11:00 - 11:59,,N/A,NON INTERSECTION,27.64917717,DAYLIGHT,YES,-97.19245626,SAME DIRECTION - BOTH GOING STRAIGHT-REAR END,NO MEDIAN,NOT APPLICABLE,5,NOT APPLICABLE,True,CONSTRUCTION-IN OTHER CONSTRUCTION MAINTENANCE AREA (RELATED TO CRASH),"250,000 POP AND OVER",NO,0636,0.577,US & STATE HIGHWAYS,"STRAIGHT, LEVEL",MINOR ARTERIAL,ON ROADWAY,"4 OR MORE LANES, UNDIVIDED",False,60,SH0361,DRY,OFFICER,CLEAR
17270093,10439,False,10439,2023,CORPUS CHRISTI,FAILED TO DRIVE IN SINGLE LANE,226303,20.345,2019-08-29,0,8,0,0,N - NOT INJURED,0,0810,0,2019,THURSDAY,28.064,0,FIXED OBJECT,TWO-WAY,08:00 - 08:59,,N/A,NON INTERSECTION,27.70145945,DAYLIGHT,YES,-97.15730011,ONE MOTOR VEHICLE - GOING STRAIGHT,NO MEDIAN,NOT APPLICABLE,5,HIT UTILITY POLE,True,NOT APPLICABLE,"250,000 POP AND OVER",NO,0632,0.381,US & STATE HIGHWAYS,"STRAIGHT, LEVEL",MINOR ARTERIAL,OFF ROADWAY,"4 OR MORE LANES, UNDIVIDED",False,55,SH0361,DRY,MARKED LANES,CLEAR
17272016,12050,False,12050,2023,CORPUS CHRISTI,DRIVER INATTENTION;UNSAFE SPEED,226303,17.315,2019-09-02,0,9,0,2,C - POSSIBLE INJURY,0,1237,2,2019,MONDAY,25.034,0,MOTOR VEHICLE IN TRANSPORT,TWO-WAY,12:00 - 12:59,,N/A,NON INTERSECTION,27.73922117,DAYLIGHT,YES,-97.13188495,SAME DIRECTION - ONE STRAIGHT-ONE STOPPED,NO MEDIAN,NOT APPLICABLE,5,NOT APPLICABLE,True,SLOWING/STOPPING-FOR TRAFFIC,"250,000 POP AND OVER",NO,0630,-0.698,US & STATE HIGHWAYS,"STRAIGHT, LEVEL",MINOR ARTERIAL,ON ROADWAY,"4 OR MORE LANES, UNDIVIDED",False,65,SH0361,DRY,MARKED LANES,CLEAR
17317964,10439,False,10439,2023,CORPUS CHRISTI,FAILED TO DRIVE IN SINGLE LANE; HAD BEEN DRINKING,226303,26.998,2019-09-29,0,9,0,0,N - NOT INJURED,0,0402,0,2019,SUNDAY,34.717,0,FIXED OBJECT,TWO-WAY,04:00 - 04:59,,N/A,NON INTERSECTION,27.61920691,"DARK, NOT LIGHTED",YES,-97.21390573,ONE MOTOR VEHICLE - GOING STRAIGHT,NO MEDIAN,NOT APPLICABLE,5,HIT GUARDRAIL,True,NOT APPLICABLE,"250,000 POP AND OVER",NO,0638,1.035,US & STATE HIGHWAYS,"CURVE, GRADE",MINOR ARTERIAL,OFF ROADWAY,"4 OR MORE LANES, UNDIVIDED",False,60,SH0361,DRY,MARKED LANES,CLEAR
17332129,12050,False,12050,2023,OUTSIDE CITY LIMITS,FAILED TO CONTROL SPEED; FOLLOWED TOO CLOSELY,226303,13.195,2019-10-08,0,10,0,0,N - NOT INJURED,0,0849,0,2019,TUESDAY,20.914,0,MOTOR VEHICLE IN TRANSPORT,TWO-WAY,08:00 - 08:59,,N/A,NON INTERSECTION,27.7899282,DAYLIGHT,YES,-97.09628165,SAME DIRECTION - ONE STRAIGHT-ONE STOPPED,NO MEDIAN,NOT APPLICABLE,5,NOT APPLICABLE,True,SLOWING/STOPPING-FOR TRAFFIC,RURAL,NO,0626,-0.798,US & STATE HIGHWAYS,"STRAIGHT, LEVEL",MINOR ARTERIAL,ON ROADWAY,"4 OR MORE LANES, UNDIVIDED",True,60,SH0361,DRY,CENTER STRIPE/DIVIDER,CLOUDY
17373225,12050,False,12050,2023,CORPUS CHRISTI,FAILED TO CONTROL SPEED,226303,18.056,2019-10-21,0,10,0,0,N - NOT INJURED,0,1714,0,2019,MONDAY,25.775,0,MOTOR VEHICLE IN TRANSPORT,TWO-WAY,17:00 - 17:59,,BEACH VIEW DR,INTERSECTION RELATED,27.72998113,DAYLIGHT,YES,-97.13811826,SAME DIRECTION - ONE STRAIGHT-ONE STOPPED,NO MEDIAN,NOT APPLICABLE,5,NOT APPLICABLE,True,SLOWING/STOPPING-TO MAKE LEFT TURN,"250,000 POP AND OVER",NO,0630,0.043,US & STATE HIGHWAYS,"STRAIGHT, GRADE",MINOR ARTERIAL,ON ROADWAY,"4 OR MORE LANES, UNDIVIDED",False,60,SH0361,DRY,CENTER STRIPE/DIVIDER,CLEAR
17420961,15893,True,15893,2023,PORT ARANSAS,FAILED TO YIELD RIGHT OF WAY - TURNING LEFT,226303,11.782,2019-11-23,0,11,0,0,N - NOT INJURED,0,2048,0,2019,SATURDAY,19.501,0,MOTOR VEHICLE IN TRANSPORT,BOULEVARD,20:00 - 20:59,,UNKNOWN,INTERSECTION,27.80637694,"DARK, LIGHTED",YES,-97.0824755,OPPOSITE DIRECTION - ONE STRAIGHT-ONE LEFT TURN,CURBED,FOUR ENTERING ROADS,4,NOT APPLICABLE,True,NOT APPLICABLE,"2,500 - 4,999 POP",NO,0624,-0.249,US & STATE HIGHWAYS,"STRAIGHT, LEVEL",MINOR ARTERIAL,ON ROADWAY,"4 OR MORE LANES, DIVIDED",True,45,SH0361,DRY,SIGNAL LIGHT,CLEAR
17440705,12050,False,12050,2023,CORPUS CHRISTI,FAILED TO CONTROL SPEED,226303,17.574,2019-11-24,0,11,0,0,N - NOT INJURED,0,0029,0,2019,SUNDAY,25.293,0,MOTOR VEHICLE IN TRANSPORT,TWO-WAY,00:00 - 00:59,,N/A,NON INTERSECTION,27.73598943,"DARK, NOT LIGHTED",YES,-97.13406508,SAME DIRECTION - ONE STRAIGHT-ONE LEFT TURN,NO MEDIAN,NOT APPLICABLE,5,NOT APPLICABLE,True,NOT APPLICABLE,"250,000 POP AND OVER",NO,0630,-0.439,US & STATE HIGHWAYS,"STRAIGHT, LEVEL",MINOR ARTERIAL,ON ROADWAY,"4 OR MORE LANES, UNDIVIDED",False,60,SH0361,DRY,CENTER STRIPE/DIVIDER,CLEAR
17456486,10439,False,10439,2023,CORPUS CHRISTI,ANIMAL ON ROAD - WILD,226303,23.946,2019-12-04,0,12,0,0,N - NOT INJURED,0,1823,0,2019,WEDNESDAY,31.665,0,ANIMAL,TWO-WAY,18:00 - 18:59,,N/A,NON INTERSECTION,27.65660037,"DARK, NOT LIGHTED",YES,-97.18747911,ONE MOTOR VEHICLE - GOING STRAIGHT,NO MEDIAN,NOT APPLICABLE,5,NOT APPLICABLE,True,NOT APPLICABLE,"250,000 POP AND OVER",NO,0636,-0.018,US & STATE HIGHWAYS,"STRAIGHT, LEVEL",MINOR ARTERIAL,ON ROADWAY,"4 OR MORE LANES, UNDIVIDED",False,60,SH0361,DRY,MARKED LANES,CLEAR
17489634,10439,False,10439,2023,CORPUS CHRISTI,FAILED TO CONTROL SPEED,226303,27.48,2019-12-29,0,12,0,0,N - NOT INJURED,0,1535,0,2019,SUNDAY,35.199,0,MOTOR VEHICLE IN TRANSPORT,TWO-WAY,15:00 - 15:59,,N/A,DRIVEWAY ACCESS,27.61788532,DAYLIGHT,YES,-97.22147368,SAME DIRECTION - ONE STRAIGHT-ONE STOPPED,NO MEDIAN,NOT APPLICABLE,5,NOT APPLICABLE,True,SLOWING/STOPPING-FOR VEHICLE ENTERING ROAD,"250,000 POP AND OVER",NO,0638,1.517,US & STATE HIGHWAYS,"STRAIGHT, LEVEL",MINOR ARTERIAL,ON ROADWAY,"4 OR MORE LANES, UNDIVIDED",False,60,SH0361,DRY,CENTER STRIPE/DIVIDER,CLOUDY
17593228,12050,False,12050,2023,CORPUS CHRISTI,CHANGED LANE WHEN UNSAFE; DRIVER INATTENTION,226303,15.47,2020-02-18,0,2,0,0,N - NOT INJURED,0,1431,0,2020,TUESDAY,23.189,0,MOTOR VEHICLE IN TRANSPORT,TWO-WAY,14:00 - 14:59,,N/A,NON INTERSECTION,27.76220031,DAYLIGHT,YES,-97.11640776,SAME DIRECTION - ONE STRAIGHT-ONE LEFT TURN,NO MEDIAN,NOT APPLICABLE,5,NOT APPLICABLE,True,ATTENTION DIVERTED FROM DRIVING,"250,000 POP AND OVER",NO,0628,-0.512,US & STATE HIGHWAYS,"STRAIGHT, LEVEL",MINOR ARTERIAL,ON ROADWAY,"4 OR MORE LANES, UNDIVIDED",False,60,SH0361,DRY,MARKED LANES,CLEAR
17592967,10439,False,10439,2023,CORPUS CHRISTI,FAILED TO CONTROL SPEED,226303,26.817,2020-02-20,0,2,0,1,C - POSSIBLE INJURY,0,1805,1,2020,THURSDAY,34.536,0,OVERTURNED,TWO-WAY,18:00 - 18:59,,N/A,NON INTERSECTION,27.62092836,DUSK,YES,-97.21170145,ONE MOTOR VEHICLE - GOING STRAIGHT,NO MEDIAN,NOT APPLICABLE,5,OVERTURNED,True,"LOST CONTROL OR SKIDDED (ICY OR SLICK ROAD, ETC.)","250,000 POP AND OVER",NO,0638,0.854,US & STATE HIGHWAYS,"CURVE, GRADE",MINOR ARTERIAL,OFF ROADWAY,"4 OR MORE LANES, UNDIVIDED",False,50,SH0361,WET,MARKED LANES,RAIN
17616130,10439,False,10439,2023,CORPUS CHRISTI,CHANGED LANE WHEN UNSAFE,226303,26.972,2020-03-11,0,3,0,0,N - NOT INJURED,0,1929,0,2020,WEDNESDAY,34.691,0,MOTOR VEHICLE IN TRANSPORT,TWO-WAY,19:00 - 19:59,,N/A,NON INTERSECTION,27.6194177,DAYLIGHT,YES,-97.21353935,SAME DIRECTION - BOTH GOING STRAIGHT-SIDESWIPE,NO MEDIAN,NOT APPLICABLE,5,NOT APPLICABLE,True,VEHICLE CHANGING LANES,"250,000 POP AND OVER",NO,0638,1.009,US & STATE HIGHWAYS,"STRAIGHT, LEVEL",MINOR ARTERIAL,ON ROADWAY,"4 OR MORE LANES, UNDIVIDED",False,55,SH0361,DRY,MARKED LANES,CLOUDY
17624049,10439,True,10439,2023,CORPUS CHRISTI,DISTRACTION IN VEHICLE; FAILED TO CONTROL SPEED,226303,26.723,2020-03-11,0,3,0,0,N - NOT INJURED,0,1912,0,2020,WEDNESDAY,34.442,0,MOTOR VEHICLE IN TRANSPORT,TWO-WAY,19:00 - 19:59,,ZAHN RD,INTERSECTION,27.62201986,DAYLIGHT,YES,-97.21077788,SAME DIRECTION - BOTH GOING STRAIGHT-REAR END,NO MEDIAN,THREE ENTERING ROADS - T,5,NOT APPLICABLE,True,ATTENTION DIVERTED FROM DRIVING,"250,000 POP AND OVER",NO,0638,0.76,US & STATE HIGHWAYS,"STRAIGHT, LEVEL",MINOR ARTERIAL,ON ROADWAY,"4 OR MORE LANES, UNDIVIDED",False,55,SH0361,DRY,MARKED LANES,CLEAR
17662789,15893,True,15893,2023,PORT ARANSAS,FAILED TO YIELD RIGHT OF WAY - TURNING LEFT,226303,11.782,2020-04-14,0,4,0,1,C - POSSIBLE INJURY,0,0821,1,2020,TUESDAY,19.501,0,MOTOR VEHICLE IN TRANSPORT,BOULEVARD,08:00 - 08:59,,UNKNOWN,INTERSECTION,27.80637192,DAYLIGHT,YES,-97.08247997,OPPOSITE DIRECTION - ONE STRAIGHT-ONE LEFT TURN,CURBED,FOUR ENTERING ROADS,4,NOT APPLICABLE,True,NOT APPLICABLE,"2,500 - 4,999 POP",NO,0624,-0.249,US & STATE HIGHWAYS,"STRAIGHT, LEVEL",MINOR ARTERIAL,ON ROADWAY,"4 OR MORE LANES, DIVIDED",True,45,SH0361,DRY,SIGNAL LIGHT,CLOUDY
17683169,10439,False,10439,2023,CORPUS CHRISTI,IMPROPER START FROM PARKED POSITION,226303,25.795,2020-05-07,0,5,0,0,N - NOT INJURED,0,2017,0,2020,THURSDAY,33.514,0,MOTOR VEHICLE IN TRANSPORT,TWO-WAY,20:00 - 20:59,,N/A,NON INTERSECTION,27.63355046,"DARK, NOT LIGHTED",YES,-97.20297003,SAME DIRECTION - ONE STRAIGHT-ONE LEFT TURN,NO MEDIAN,NOT APPLICABLE,5,NOT APPLICABLE,True,NOT APPLICABLE,"250,000 POP AND OVER",NO,0638,-0.168,US & STATE HIGHWAYS,"STRAIGHT, LEVEL",MINOR ARTERIAL,ON ROADWAY,"4 OR MORE LANES, UNDIVIDED",False,60,SH0361,DRY,CENTER STRIPE/DIVIDER,CLEAR
17710662,12050,False,12050,2023,CORPUS CHRISTI,DRIVER INATTENTION,226303,17.815,2020-05-16,0,5,0,0,N - NOT INJURED,0,1657,0,2020,SATURDAY,25.534,0,MOTOR VEHICLE IN TRANSPORT,TWO-WAY,16:00 - 16:59,,N/A,NON INTERSECTION,27.73299378,DAYLIGHT,YES,-97.13608594,SAME DIRECTION - BOTH GOING STRAIGHT-SIDESWIPE,NO MEDIAN,NOT APPLICABLE,5,NOT APPLICABLE,True,VEHICLE PASSING OR ATTEMPTING TO PASS ON LEFT,"250,000 POP AND OVER",NO,0630,-0.198,US & STATE HIGHWAYS,"STRAIGHT, LEVEL",MINOR ARTERIAL,ON ROADWAY,"4 OR MORE LANES, UNDIVIDED",False,15,SH0361,"SAND, MUD, DIRT",NONE,CLEAR
17718819,10439,False,10439,2023,CORPUS CHRISTI,FAILED TO CONTROL SPEED,226303,26.69,2020-05-18,0,5,0,0,N - NOT INJURED,0,2050,0,2020,MONDAY,34.409,0,MOTOR VEHICLE IN TRANSPORT,TWO-WAY,20:00 - 20:59,,N/A,NON INTERSECTION,27.62242903,DAYLIGHT,YES,-97.21049223,SAME DIRECTION - BOTH GOING STRAIGHT-REAR END,NO MEDIAN,NOT APPLICABLE,5,NOT APPLICABLE,True,NOT APPLICABLE,"250,000 POP AND OVER",NO,0638,0.727,CITY STREET,"STRAIGHT, LEVEL",MINOR ARTERIAL,ON ROADWAY,"4 OR MORE LANES, UNDIVIDED",False,15,SH0361,"SAND, MUD, DIRT",NONE,CLEAR
17708235,10439,False,10439,2023,CORPUS CHRISTI,FAILED TO DRIVE IN SINGLE LANE,226303,20.876,2020-05-23,0,5,0,0,N - NOT INJURED,0,1054,0,2020,SATURDAY,28.595,0,PARKED CAR,TWO-WAY,10:00 - 10:59,,N/A,NON INTERSECTION,27.69485806,DAYLIGHT,YES,-97.16175101,ONE MOTOR VEHICLE - GOING STRAIGHT,NO MEDIAN,NOT APPLICABLE,5,NOT APPLICABLE,True,NOT APPLICABLE,"250,000 POP AND OVER",NO,0632,0.912,CITY STREET,"STRAIGHT, LEVEL",MINOR ARTERIAL,OFF ROADWAY,"4 OR MORE LANES, UNDIVIDED",False,15,SH0361,"SAND, MUD, DIRT",NONE,CLEAR
17705433,10439,False,10439,2023,CORPUS CHRISTI,FAILED TO CONTROL SPEED,226303,20.262,2020-05-30,0,5,0,0,N - NOT INJURED,0,1333,0,2020,SATURDAY,27.981,0,MOTOR VEHICLE IN TRANSPORT,TWO-WAY,13:00 - 13:59,,N/A,NON INTERSECTION,27.70249884,DAYLIGHT,YES,-97.1565994,SAME DIRECTION - BOTH GOING STRAIGHT-REAR END,NO MEDIAN,NOT APPLICABLE,5,NOT APPLICABLE,True,ATTENTION DIVERTED FROM DRIVING,"250,000 POP AND OVER",NO,0632,0.298,CITY STREET,"STRAIGHT, LEVEL",MINOR ARTERIAL,ON ROADWAY,"4 OR MORE LANES, UNDIVIDED",False,15,SH0361,"SAND, MUD, DIRT",NONE,CLEAR
17706577,12050,False,12050,2023,CORPUS CHRISTI,FAILED TO CONTROL SPEED,226303,18.049,2020-05-30,0,5,0,0,N - NOT INJURED,0,1621,0,2020,SATURDAY,25.768,0,MOTOR VEHICLE IN TRANSPORT,TWO-WAY,16:00 - 16:59,,UNKNOWN,INTERSECTION RELATED,27.73007879,DAYLIGHT,YES,-97.13805238,SAME DIRECTION - ONE STRAIGHT-ONE STOPPED,NO MEDIAN,NOT APPLICABLE,5,NOT APPLICABLE,True,SLOWING/STOPPING-TO MAKE LEFT TURN,"250,000 POP AND OVER",NO,0630,0.036,US & STATE HIGHWAYS,"STRAIGHT, LEVEL",MINOR ARTERIAL,ON ROADWAY,"4 OR MORE LANES, UNDIVIDED",False,60,SH0361,DRY,MARKED LANES,CLEAR
17717105,10439,True,10439,2023,CORPUS CHRISTI,FAILED TO YIELD RIGHT OF WAY - STOP SIGN,226303,19.999,2020-05-30,0,5,0,5,C - POSSIBLE INJURY,0,1944,5,2020,SATURDAY,27.718,0,MOTOR VEHICLE IN TRANSPORT,TWO-WAY,19:00 - 19:59,,UNKNOWN,INTERSECTION,27.70579456,DAYLIGHT,YES,-97.15442083,ANGLE - ONE STRAIGHT-ONE LEFT TURN,NO MEDIAN,THREE ENTERING ROADS - T,5,NOT APPLICABLE,True,NOT APPLICABLE,"250,000 POP AND OVER",NO,0632,0.035,US & STATE HIGHWAYS,"STRAIGHT, LEVEL",MINOR ARTERIAL,ON ROADWAY,"4 OR MORE LANES, UNDIVIDED",False,60,SH0361,DRY,STOP SIGN,CLEAR
17712331,15893,True,15893,2023,PORT ARANSAS,FAILED TO YIELD RIGHT OF WAY - TURNING LEFT,226303,11.782,2020-06-03,0,6,0,0,N - NOT INJURED,0,1837,0,2020,WEDNESDAY,19.501,0,MOTOR VEHICLE IN TRANSPORT,BOULEVARD,18:00 - 18:59,,PIPER BLVD,INTERSECTION,27.80637738,DAYLIGHT,YES,-97.0824751,OPPOSITE DIRECTION - ONE STRAIGHT-ONE LEFT TURN,CURBED,FOUR ENTERING ROADS,4,HIT OTHER FIXED OBJECT,True,NOT APPLICABLE,"2,500 - 4,999 POP",NO,0624,-0.249,US & STATE HIGHWAYS,"STRAIGHT, LEVEL",MINOR ARTERIAL,ON ROADWAY,"4 OR MORE LANES, DIVIDED",True,55,SH0361,DRY,SIGNAL LIGHT,CLOUDY
17710795,10439,False,10439,2023,CORPUS CHRISTI,FOLLOWED TOO CLOSELY,226303,27.492,2020-06-05,0,6,0,0,N - NOT INJURED,0,1153,0,2020,FRIDAY,35.211,0,MOTOR VEHICLE IN TRANSPORT,TWO-WAY,11:00 - 11:59,0022,PR0022,INTERSECTION RELATED,27.61788823,DAYLIGHT,YES,-97.22167875,SAME DIRECTION - ONE STRAIGHT-ONE STOPPED,NO MEDIAN,FOUR ENTERING ROADS,5,NOT APPLICABLE,True,"SLOWING/STOPPING - FOR OFFICER, FLAGMAN, OR TRAFFIC CONTROL","250,000 POP AND OVER",NO,0638,1.529,US & STATE HIGHWAYS,"STRAIGHT, LEVEL",MINOR ARTERIAL,ON ROADWAY,"4 OR MORE LANES, UNDIVIDED",False,40,SH0361,DRY,SIGNAL LIGHT,CLEAR
17730900,10439,False,10439,2023,CORPUS CHRISTI,BACKED WITHOUT SAFETY; UNDER INFLUENCE - ALCOHOL,226303,26.278,2020-06-13,0,6,1,0,B - SUSPECTED MINOR INJURY,0,2344,1,2020,SATURDAY,33.997,0,OTHER OBJECT,TWO-WAY,23:00 - 23:59,,N/A,NON INTERSECTION,27.62753846,"DARK, NOT LIGHTED",YES,-97.20701099,ONE MOTOR VEHICLE - BACKING,NO MEDIAN,NOT APPLICABLE,5,OTHER,True,CRASH OCCURRED ON A BEACH,"250,000 POP AND OVER",NO,0638,0.315,OTHER ROADS,"STRAIGHT, LEVEL",MINOR ARTERIAL,NOT APPLICABLE,"4 OR MORE LANES, UNDIVIDED",False,15,SH0361,"SAND, MUD, DIRT",NONE,CLEAR
17732778,10439,False,10439,2023,CORPUS CHRISTI,BACKED WITHOUT SAFETY,226303,24.523,2020-06-13,0,6,0,0,N - NOT INJURED,0,2303,0,2020,SATURDAY,32.242,0,PARKED CAR,TWO-WAY,23:00 - 23:59,,N/A,NON INTERSECTION,27.64940388,"DARK, NOT LIGHTED",YES,-97.19230438,ONE MOTOR VEHICLE - BACKING,NO MEDIAN,NOT APPLICABLE,5,NOT APPLICABLE,True,CRASH OCCURRED ON A BEACH,"250,000 POP AND OVER",NO,0636,0.559,OTHER ROADS,"STRAIGHT, LEVEL",MINOR ARTERIAL,ON ROADWAY,"4 OR MORE LANES, UNDIVIDED",False,15,SH0361,"SAND, MUD, DIRT",NONE,CLEAR
17730963,12050,False,12050,2023,CORPUS CHRISTI,FAILED TO PASS TO LEFT SAFELY,226303,19.347,2020-06-14,0,6,0,0,N - NOT INJURED,0,1221,0,2020,SUNDAY,27.066,0,MOTOR VEHICLE IN TRANSPORT,TWO-WAY,12:00 - 12:59,,N/A,NON INTERSECTION,27.71391069,DAYLIGHT,YES,-97.14894571,SAME DIRECTION - BOTH GOING STRAIGHT-SIDESWIPE,NO MEDIAN,NOT APPLICABLE,5,NOT APPLICABLE,True,VEHICLE PASSING OR ATTEMPTING TO PASS ON LEFT,"250,000 POP AND OVER",NO,0632,-0.617,US & STATE HIGHWAYS,"STRAIGHT, LEVEL",MINOR ARTERIAL,ON ROADWAY,"4 OR MORE LANES, UNDIVIDED",False,55,SH0361,DRY,CENTER STRIPE/DIVIDER,CLOUDY
17736448,15893,False,15893,2023,PORT ARANSAS,FAILED TO YIELD RIGHT OF WAY - PRIVATE DRIVE,226303,11.809,2020-06-19,0,6,0,0,N - NOT INJURED,0,1534,0,2020,FRIDAY,19.528,0,MOTOR VEHICLE IN TRANSPORT,BOULEVARD,15:00 - 15:59,,N/A,DRIVEWAY ACCESS,27.80605878,DAYLIGHT,YES,-97.08274363,ANGLE - BOTH GOING STRAIGHT,CURBED,FOUR ENTERING ROADS,4,NOT APPLICABLE,True,ONE VEHICLE LEAVING DRIVEWAY,"2,500 - 4,999 POP",NO,0624,-0.222,US & STATE HIGHWAYS,"STRAIGHT, LEVEL",MINOR ARTERIAL,ON ROADWAY,"4 OR MORE LANES, DIVIDED",True,55,SH0361,DRY,SIGNAL LIGHT,CLOUDY
17736458,15893,True,15893,2023,PORT ARANSAS,BACKED WITHOUT SAFETY; DRIVER INATTENTION; IMPROPER START FROM PARKED POSITION,226303,11.782,2020-06-19,0,6,0,0,N - NOT INJURED,0,2345,0,2020,FRIDAY,19.501,0,MOTOR VEHICLE IN TRANSPORT,BOULEVARD,23:00 - 23:59,,ACCESS ROAD 1 A,INTERSECTION RELATED,27.80637738,"DARK, LIGHTED",YES,-97.0824751,OPPOSITE DIRECTION - ONE BACKING-ONE STOPPED,CURBED,FOUR ENTERING ROADS,4,NOT APPLICABLE,True,"SLOWING/STOPPING - FOR OFFICER, FLAGMAN, OR TRAFFIC CONTROL","2,500 - 4,999 POP",NO,0624,-0.249,US & STATE HIGHWAYS,"STRAIGHT, LEVEL",MINOR ARTERIAL,ON ROADWAY,"4 OR MORE LANES, DIVIDED",True,55,SH0361,DRY,SIGNAL LIGHT,CLEAR
17741961,10439,False,10439,2023,CORPUS CHRISTI,UNSAFE SPEED;TURNED WHEN UNSAFE,226303,26.647,2020-06-20,0,6,0,1,C - POSSIBLE INJURY,0,1555,1,2020,SATURDAY,34.366,0,MOTOR VEHICLE IN TRANSPORT,TWO-WAY,15:00 - 15:59,,N/A,NON INTERSECTION,27.62295214,DAYLIGHT,YES,-97.21012702,SAME DIRECTION - ONE STRAIGHT-ONE LEFT TURN,NO MEDIAN,NOT APPLICABLE,5,NOT APPLICABLE,True,NOT APPLICABLE,"250,000 POP AND OVER",NO,0638,0.684,US & STATE HIGHWAYS,"STRAIGHT, LEVEL",MINOR ARTERIAL,ON ROADWAY,"4 OR MORE LANES, UNDIVIDED",False,60,SH0361,DRY,MARKED LANES,CLEAR
17760278,12050,False,12050,2023,CORPUS CHRISTI,FAILED TO CONTROL SPEED,226303,18.137,2020-07-03,0,7,0,2,C - POSSIBLE INJURY,0,2125,2,2020,FRIDAY,25.856,0,MOTOR VEHICLE IN TRANSPORT,TWO-WAY,21:00 - 21:59,,N/A,NON INTERSECTION,27.72897591,"DARK, UNKNOWN LIGHTING",YES,-97.13879638,SAME DIRECTION - BOTH GOING STRAIGHT-REAR END,NO MEDIAN,NOT APPLICABLE,5,NOT APPLICABLE,True,NOT APPLICABLE,"250,000 POP AND OVER",NO,0630,0.124,US & STATE HIGHWAYS,"STRAIGHT, LEVEL",MINOR ARTERIAL,ON ROADWAY,"4 OR MORE LANES, UNDIVIDED",False,60,SH0361,DRY,MARKED LANES,CLEAR
17779230,10439,False,10439,2023,CORPUS CHRISTI,CHANGED LANE WHEN UNSAFE,226303,27.46,2020-07-06,0,7,0,0,N - NOT INJURED,0,1512,0,2020,MONDAY,35.179,0,MOTOR VEHICLE IN TRANSPORT,TWO-WAY,15:00 - 15:59,,N/A,NON INTERSECTION,27.61788081,DAYLIGHT,YES,-97.22115549,SAME DIRECTION - BOTH GOING STRAIGHT-SIDESWIPE,NO MEDIAN,NOT APPLICABLE,5,NOT APPLICABLE,True,VEHICLE CHANGING LANES,"250,000 POP AND OVER",NO,0638,1.497,US & STATE HIGHWAYS,"STRAIGHT, LEVEL",MINOR ARTERIAL,ON ROADWAY,"4 OR MORE LANES, UNDIVIDED",False,45,SH0361,DRY,MARKED LANES,CLEAR
17783189,12050,False,12050,2023,CORPUS CHRISTI,LOAD NOT SECURED,226303,18.218,2020-07-16,0,7,0,0,N - NOT INJURED,0,1330,0,2020,THURSDAY,25.937,0,MOTOR VEHICLE IN TRANSPORT,TWO-WAY,13:00 - 13:59,,N/A,NON INTERSECTION,27.72797277,DAYLIGHT,YES,-97.1394731,SAME DIRECTION - BOTH GOING STRAIGHT-REAR END,NO MEDIAN,NOT APPLICABLE,5,NOT APPLICABLE,True,NOT APPLICABLE,"250,000 POP AND OVER",NO,0630,0.205,US & STATE HIGHWAYS,"STRAIGHT, LEVEL",MINOR ARTERIAL,ON ROADWAY,"4 OR MORE LANES, UNDIVIDED",False,60,SH0361,DRY,MARKED LANES,CLEAR
17777783,10439,True,10439,2023,CORPUS CHRISTI,TURNED IMPROPERLY - WRONG LANE,226303,27.498,2020-07-17,0,7,0,0,N - NOT INJURED,0,1629,0,2020,FRIDAY,35.217,0,MOTOR VEHICLE IN TRANSPORT,TWO-WAY,16:00 - 16:59,0022,PR0022,INTERSECTION,27.6178894,DAYLIGHT,YES,-97.22177124,SAME DIRECTION - BOTH LEFT TURN,NO MEDIAN,FOUR ENTERING ROADS,5,NOT APPLICABLE,True,NOT APPLICABLE,"250,000 POP AND OVER",NO,0638,1.535,US & STATE HIGHWAYS,"STRAIGHT, LEVEL",MINOR ARTERIAL,ON ROADWAY,"4 OR MORE LANES, UNDIVIDED",False,55,SH0361,DRY,MARKED LANES,CLOUDY
17790546,12050,True,12050,2023,CORPUS CHRISTI,FAILED TO CONTROL SPEED,226303,17.571,2020-07-21,0,7,0,0,N - NOT INJURED,0,1813,0,2020,TUESDAY,25.29,0,MOTOR VEHICLE IN TRANSPORT,TWO-WAY,18:00 - 18:59,,UNKNOWN,INTERSECTION RELATED,27.73603197,DAYLIGHT,YES,-97.13403638,SAME DIRECTION - ONE STRAIGHT-ONE STOPPED,NO MEDIAN,THREE ENTERING ROADS - T,5,NOT APPLICABLE,True,SLOWING/STOPPING-TO MAKE LEFT TURN,"250,000 POP AND OVER",NO,0630,-0.442,US & STATE HIGHWAYS,"STRAIGHT, GRADE",MINOR ARTERIAL,ON ROADWAY,"4 OR MORE LANES, UNDIVIDED",False,60,SH0361,DRY,CENTER STRIPE/DIVIDER,CLEAR
17793228,10439,False,10439,2023,CORPUS CHRISTI,FAILED TO DRIVE IN SINGLE LANE,226303,24.541,2020-07-29,0,7,1,0,B - SUSPECTED MINOR INJURY,0,0300,1,2020,WEDNESDAY,32.26,0,PARKED CAR,TWO-WAY,03:00 - 03:59,,N/A,NON INTERSECTION,27.64917717,"DARK, NOT LIGHTED",YES,-97.19245626,ONE MOTOR VEHICLE - GOING STRAIGHT,NO MEDIAN,NOT APPLICABLE,5,OVERTURNED,True,NOT APPLICABLE,"250,000 POP AND OVER",NO,0636,0.577,US & STATE HIGHWAYS,"STRAIGHT, LEVEL",MINOR ARTERIAL,SHOULDER,"4 OR MORE LANES, UNDIVIDED",False,60,SH0361,DRY,CENTER STRIPE/DIVIDER,CLOUDY
17801613,10439,False,10439,2023,CORPUS CHRISTI,FAILED TO CONTROL SPEED,226303,27.396,2020-08-05,0,8,0,0,N - NOT INJURED,0,0929,0,2020,WEDNESDAY,35.115,0,MOTOR VEHICLE IN TRANSPORT,TWO-WAY,09:00 - 09:59,,N/A,NON INTERSECTION,27.61786591,DAYLIGHT,YES,-97.22010594,SAME DIRECTION - BOTH GOING STRAIGHT-REAR END,NO MEDIAN,NOT APPLICABLE,5,HIT UTILITY POLE,True,NOT APPLICABLE,"250,000 POP AND OVER",NO,0638,1.433,US & STATE HIGHWAYS,"STRAIGHT, LEVEL",MINOR ARTERIAL,ON ROADWAY,"4 OR MORE LANES, UNDIVIDED",False,55,SH0361,DRY,CENTER STRIPE/DIVIDER,CLEAR
17809477,12050,True,12050,2023,CORPUS CHRISTI,FAILED TO YIELD RIGHT OF WAY - TURNING LEFT,226303,18.054,2020-08-08,0,8,0,0,N - NOT INJURED,0,1153,0,2020,SATURDAY,25.773,0,MOTOR VEHICLE IN TRANSPORT,TWO-WAY,11:00 - 11:59,,UNKNOWN,INTERSECTION,27.73001567,DAYLIGHT,YES,-97.13809496,OPPOSITE DIRECTION - ONE STRAIGHT-ONE LEFT TURN,NO MEDIAN,NOT APPLICABLE,5,NOT APPLICABLE,True,NOT APPLICABLE,"250,000 POP AND OVER",NO,0630,0.041,US & STATE HIGHWAYS,"STRAIGHT, GRADE",MINOR ARTERIAL,ON ROADWAY,"4 OR MORE LANES, UNDIVIDED",False,60,SH0361,DRY,CENTER STRIPE/DIVIDER,CLEAR
17816790,12050,False,12050,2023,PORT ARANSAS,DRIVER INATTENTION,226303,12.794,2020-08-11,0,8,0,0,N - NOT INJURED,0,2352,0,2020,TUESDAY,20.513,0,MOTOR VEHICLE IN TRANSPORT,TWO-WAY,23:00 - 23:59,,N/A,NON INTERSECTION,27.79459509,"DARK, NOT LIGHTED",YES,-97.09236725,SAME DIRECTION - ONE STRAIGHT-ONE STOPPED,NO MEDIAN,NOT APPLICABLE,5,NOT APPLICABLE,True,SLOWING/STOPPING-REASON NOT SPECIFIED,"2,500 - 4,999 POP",NO,0624,0.763,CITY STREET,OTHER (EXPLAIN IN NARRATIVE),MINOR ARTERIAL,ON ROADWAY,"4 OR MORE LANES, UNDIVIDED",True,15,SH0361,"SAND, MUD, DIRT",NONE,CLEAR
17837231,15893,False,15893,2023,PORT ARANSAS,DISTRACTION IN VEHICLE; DRIVER INATTENTION,226303,12.423,2020-08-28,0,8,0,1,C - POSSIBLE INJURY,0,1139,1,2020,FRIDAY,20.142,0,OTHER OBJECT,BOULEVARD,11:00 - 11:59,,N/A,NON INTERSECTION,27.79891263,DAYLIGHT,YES,-97.0887488,ONE MOTOR VEHICLE - GOING STRAIGHT,CURBED,THREE ENTERING ROADS - T,4,HIT OTHER FIXED OBJECT,True,ATTENTION DIVERTED FROM DRIVING,"2,500 - 4,999 POP",NO,0624,0.392,US & STATE HIGHWAYS,"STRAIGHT, LEVEL",MINOR ARTERIAL,OFF ROADWAY,"4 OR MORE LANES, DIVIDED",True,60,SH0361,DRY,STOP SIGN,CLOUDY
17847819,12050,False,12050,2023,OUTSIDE CITY LIMITS,FAILED TO CONTROL SPEED; FAULTY EVASIVE ACTION,226303,13.79,2020-09-02,0,9,0,0,N - NOT INJURED,0,1830,0,2020,WEDNESDAY,21.509,0,OVERTURNED,TWO-WAY,18:00 - 18:59,,N/A,NON INTERSECTION,27.78301913,DAYLIGHT,YES,-97.10212978,ONE MOTOR VEHICLE - TURNING LEFT,NO MEDIAN,NOT APPLICABLE,5,OVERTURNED,True,NOT APPLICABLE,RURAL,NO,0626,-0.203,US & STATE HIGHWAYS,"STRAIGHT, LEVEL",MINOR ARTERIAL,ON ROADWAY,"4 OR MORE LANES, UNDIVIDED",True,60,SH0361,DRY,CENTER STRIPE/DIVIDER,CLOUDY
17856886,10439,False,10439,2023,CORPUS CHRISTI,OTHER (EXPLAIN IN NARRATIVE),226303,25.701,2020-09-03,0,9,1,0,B - SUSPECTED MINOR INJURY,0,1230,1,2020,THURSDAY,33.42,0,OVERTURNED,TWO-WAY,12:00 - 12:59,,N/A,NON INTERSECTION,27.63472641,DAYLIGHT,YES,-97.20217058,ONE MOTOR VEHICLE - GOING STRAIGHT,NO MEDIAN,NOT APPLICABLE,5,OVERTURNED,True,NOT APPLICABLE,"250,000 POP AND OVER",NO,0638,-0.262,US & STATE HIGHWAYS,"STRAIGHT, LEVEL",MINOR ARTERIAL,OFF ROADWAY,"4 OR MORE LANES, UNDIVIDED",False,60,SH0361,DRY,MARKED LANES,CLEAR
17871667,10439,False,10439,2023,CORPUS CHRISTI,FAILED TO CONTROL SPEED;OTHER (EXPLAIN IN NARRATIVE),226303,22.584,2020-09-16,0,9,0,0,N - NOT INJURED,0,1435,0,2020,WEDNESDAY,30.303,0,MOTOR VEHICLE IN TRANSPORT,TWO-WAY,14:00 - 14:59,,N/A,NON INTERSECTION,27.67357424,DAYLIGHT,YES,-97.17605315,SAME DIRECTION - BOTH GOING STRAIGHT-REAR END,NO MEDIAN,NOT APPLICABLE,5,NOT APPLICABLE,True,SWERVED OR VEERED-AVOIDING VEHICLE STOPPED OR MOVING SLOWLY IN TRAFFIC LANE,"250,000 POP AND OVER",NO,0634,0.62,US & STATE HIGHWAYS,"STRAIGHT, LEVEL",MINOR ARTERIAL,ON ROADWAY,"4 OR MORE LANES, UNDIVIDED",False,60,SH0361,DRY,MARKED LANES,CLEAR
17896279,10439,True,10439,2023,CORPUS CHRISTI,DISREGARD TURN MARKS AT INTERSECTION; WRONG WAY - ONE WAY ROAD,226303,27.498,2020-09-18,0,9,0,0,N - NOT INJURED,0,0014,0,2020,FRIDAY,35.217,0,MOTOR VEHICLE IN TRANSPORT,TWO-WAY,00:00 - 00:59,0022,PR0022,INTERSECTION RELATED,27.6178894,"DARK, LIGHTED",YES,-97.22177124,OPPOSITE DIRECTION - ONE STRAIGHT-ONE LEFT TURN,NO MEDIAN,FOUR ENTERING ROADS,5,NOT APPLICABLE,True,NOT APPLICABLE,"250,000 POP AND OVER",NO,0638,1.535,US & STATE HIGHWAYS,"STRAIGHT, LEVEL",MINOR ARTERIAL,ON ROADWAY,"4 OR MORE LANES, UNDIVIDED",False,55,SH0361,DRY,SIGNAL LIGHT,CLEAR
17879387,10439,True,10439,2023,CORPUS CHRISTI,FAILED TO CONTROL SPEED,226303,27.498,2020-09-24,0,9,0,0,N - NOT INJURED,0,1026,0,2020,THURSDAY,35.217,0,OVERTURNED,TWO-WAY,10:00 - 10:59,0022,PR0022,INTERSECTION RELATED,27.6178894,DAYLIGHT,YES,-97.22177124,ONE MOTOR VEHICLE - TURNING LEFT,NO MEDIAN,FOUR ENTERING ROADS,5,HIT HIGHWAY SIGN,True,NOT APPLICABLE,"250,000 POP AND OVER",NO,0638,1.535,US & STATE HIGHWAYS,"STRAIGHT, LEVEL",MINOR ARTERIAL,ON ROADWAY,"4 OR MORE LANES, UNDIVIDED",False,40,SH0361,DRY,SIGNAL LIGHT,CLEAR
17906711,12050,False,12050,2023,PORT ARANSAS,DROVE WITHOUT HEADLIGHTS,226303,13.069,2020-10-10,0,10,0,0,N - NOT INJURED,0,2131,0,2020,SATURDAY,20.788,0,FIXED OBJECT,TWO-WAY,21:00 - 21:59,,N/A,NON INTERSECTION,27.7913904,"DARK, NOT LIGHTED",YES,-97.09504983,ONE MOTOR VEHICLE - GOING STRAIGHT,NO MEDIAN,NOT APPLICABLE,5,HIT OTHER FIXED OBJECT,True,CRASH OCCURRED ON A BEACH,"2,500 - 4,999 POP",NO,0626,-0.924,OTHER ROADS,"STRAIGHT, LEVEL",MINOR ARTERIAL,ON ROADWAY,"4 OR MORE LANES, UNDIVIDED",True,15,SH0361,"SAND, MUD, DIRT",NONE,CLEAR
17923460,10439,False,10439,2023,CORPUS CHRISTI,DRIVER INATTENTION; FAILED TO CONTROL SPEED,226303,26.373,2020-10-10,0,10,1,0,B - SUSPECTED MINOR INJURY,0,2311,1,2020,SATURDAY,34.092,0,PEDESTRIAN,TWO-WAY,23:00 - 23:59,,N/A,NON INTERSECTION,27.62635546,"DARK, NOT LIGHTED",YES,-97.20780291,ONE MOTOR VEHICLE - GOING STRAIGHT,NO MEDIAN,NOT APPLICABLE,5,NOT APPLICABLE,True,CRASH OCCURRED ON A BEACH,"250,000 POP AND OVER",NO,0638,0.41,OTHER ROADS,"STRAIGHT, LEVEL",MINOR ARTERIAL,ON ROADWAY,"4 OR MORE LANES, UNDIVIDED",False,15,SH0361,"SAND, MUD, DIRT",NONE,CLEAR
17967577,10439,False,10439,2023,CORPUS CHRISTI,FAILED TO PASS TO LEFT SAFELY,226303,22.132,2020-11-14,0,11,0,1,A - SUSPECTED SERIOUS INJURY,2,1007,3,2020,SATURDAY,29.851,0,MOTOR VEHICLE IN TRANSPORT,TWO-WAY,10:00 - 10:59,,N/A,NON INTERSECTION,27.67921095,DAYLIGHT,YES,-97.17230581,OPPOSITE DIRECTION - BOTH GOING STRAIGHT,NO MEDIAN,NOT APPLICABLE,5,NOT APPLICABLE,True,VEHICLE PASSING OR ATTEMPTING TO PASS ON LEFT,"250,000 POP AND OVER",NO,0634,0.168,US & STATE HIGHWAYS,"STRAIGHT, GRADE",MINOR ARTERIAL,ON ROADWAY,"4 OR MORE LANES, UNDIVIDED",False,60,SH0361,DRY,CENTER STRIPE/DIVIDER,CLEAR
17980321,10439,False,10439,2023,CORPUS CHRISTI,FAILED TO DRIVE IN SINGLE LANE; UNDER INFLUENCE - ALCOHOL,226303,26.704,2020-11-23,0,11,0,0,N - NOT INJURED,0,1955,0,2020,MONDAY,34.423,0,FIXED OBJECT,TWO-WAY,19:00 - 19:59,,N/A,NON INTERSECTION,27.62225285,"DARK, LIGHTED",YES,-97.21061522,ONE MOTOR VEHICLE - GOING STRAIGHT,NO MEDIAN,NOT APPLICABLE,5,HIT OTHER FIXED OBJECT,True,NOT APPLICABLE,"250,000 POP AND OVER",NO,0638,0.741,US & STATE HIGHWAYS,"STRAIGHT, LEVEL",MINOR ARTERIAL,OFF ROADWAY,"4 OR MORE LANES, UNDIVIDED",False,55,SH0361,DRY,MARKED LANES,CLEAR
17990587,12050,False,12050,2023,CORPUS CHRISTI,PASSED ON RIGHT SHOULDER,226303,19.265,2020-11-30,0,11,0,0,N - NOT INJURED,0,0755,0,2020,MONDAY,26.984,0,MOTOR VEHICLE IN TRANSPORT,TWO-WAY,07:00 - 07:59,,N/A,DRIVEWAY ACCESS,27.71492332,DAYLIGHT,YES,-97.14826273,SAME DIRECTION - ONE STRAIGHT-ONE STOPPED,NO MEDIAN,NOT APPLICABLE,5,NOT APPLICABLE,True,SLOWING/STOPPING-FOR TRAFFIC,"250,000 POP AND OVER",NO,0632,-0.699,US & STATE HIGHWAYS,"STRAIGHT, LEVEL",MINOR ARTERIAL,ON ROADWAY,"4 OR MORE LANES, UNDIVIDED",False,55,SH0361,DRY,CENTER STRIPE/DIVIDER,CLOUDY
18021323,10439,False,10439,2023,CORPUS CHRISTI,FAILED TO CONTROL SPEED; FAULTY EVASIVE ACTION,226303,20.574,2020-12-21,0,12,0,0,N - NOT INJURED,0,0610,0,2020,MONDAY,28.293,0,MOTOR VEHICLE IN TRANSPORT,TWO-WAY,06:00 - 06:59,,N/A,NON INTERSECTION,27.69861852,"DARK, NOT LIGHTED",YES,-97.15922018,SAME DIRECTION - BOTH GOING STRAIGHT-SIDESWIPE,NO MEDIAN,NOT APPLICABLE,5,NOT APPLICABLE,True,SWERVED OR VEERED-REASON NOT SPECIFIED,"250,000 POP AND OVER",NO,0632,0.61,US & STATE HIGHWAYS,"STRAIGHT, LEVEL",MINOR ARTERIAL,ON ROADWAY,"4 OR MORE LANES, UNDIVIDED",False,60,SH0361,DRY,MARKED LANES,CLEAR
18058222,12050,False,12050,2023,CORPUS CHRISTI,ANIMAL ON ROAD - WILD,226303,18.998,2021-01-03,0,1,0,0,N - NOT INJURED,0,0013,0,2021,SUNDAY,26.717,0,ANIMAL,TWO-WAY,00:00 - 00:59,,N/A,NON INTERSECTION,27.71825091,"DARK, NOT LIGHTED",YES,-97.1460184,ONE MOTOR VEHICLE - GOING STRAIGHT,NO MEDIAN,NOT APPLICABLE,5,NOT APPLICABLE,True,NOT APPLICABLE,"250,000 POP AND OVER",NO,0632,-0.966,US & STATE HIGHWAYS,"STRAIGHT, LEVEL",MINOR ARTERIAL,ON ROADWAY,"4 OR MORE LANES, UNDIVIDED",False,60,SH0361,DRY,CENTER STRIPE/DIVIDER,CLEAR
18053648,12050,True,12050,2023,OUTSIDE CITY LIMITS,DRIVER INATTENTION; OVERTAKE AND PASS INSUFFICIENT CLEARANCE,226303,13.393,2021-01-07,0,1,0,0,N - NOT INJURED,0,1226,0,2021,THURSDAY,21.112,0,MOTOR VEHICLE IN TRANSPORT,TWO-WAY,12:00 - 12:59,,GULFWIND DR,INTERSECTION RELATED,27.78762528,DAYLIGHT,YES,-97.09823093,SAME DIRECTION - BOTH GOING STRAIGHT-SIDESWIPE,NO MEDIAN,THREE ENTERING ROADS - T,5,NOT APPLICABLE,True,SLOWING/STOPPING-TO MAKE RIGHT TURN,RURAL,NO,0626,-0.6,US & STATE HIGHWAYS,"STRAIGHT, LEVEL",MINOR ARTERIAL,SHOULDER,"4 OR MORE LANES, UNDIVIDED",True,60,SH0361,DRY,STOP SIGN,CLEAR
18089730,10439,True,10439,2023,CORPUS CHRISTI,DRIVER INATTENTION;FAILED TO YIELD RIGHT OF WAY - EMERGENCY VEHICLE,226303,27.498,2021-01-30,0,1,0,0,N - NOT INJURED,0,1543,0,2021,SATURDAY,35.217,0,MOTOR VEHICLE IN TRANSPORT,TWO-WAY,15:00 - 15:59,0022,PR0022,INTERSECTION,27.6178894,DAYLIGHT,YES,-97.22177124,ANGLE - BOTH GOING STRAIGHT,NO MEDIAN,FOUR ENTERING ROADS,5,NOT APPLICABLE,True,ATTENTION DIVERTED FROM DRIVING,"250,000 POP AND OVER",NO,0638,1.535,US & STATE HIGHWAYS,"STRAIGHT, LEVEL",MINOR ARTERIAL,ON ROADWAY,"4 OR MORE LANES, UNDIVIDED",False,60,SH0361,DRY,SIGNAL LIGHT,CLEAR
18110394,15893,True,15893,2023,PORT ARANSAS,DRIVER INATTENTION,226303,11.782,2021-02-12,0,2,0,0,A - SUSPECTED SERIOUS INJURY,1,1118,1,2021,FRIDAY,19.501,0,MOTOR VEHICLE IN TRANSPORT,BOULEVARD,11:00 - 11:59,,UNKNOWN,INTERSECTION,27.80637658,DAYLIGHT,YES,-97.08247582,ANGLE - ONE STRAIGHT-ONE LEFT TURN,CURBED,FOUR ENTERING ROADS,4,NOT APPLICABLE,True,ATTENTION DIVERTED FROM DRIVING,"2,500 - 4,999 POP",NO,0624,-0.249,US & STATE HIGHWAYS,"STRAIGHT, LEVEL",MINOR ARTERIAL,ON ROADWAY,"4 OR MORE LANES, DIVIDED",True,55,SH0361,WET,SIGNAL LIGHT,CLOUDY
18128539,10439,False,10439,2023,CORPUS CHRISTI,DRIVER INATTENTION; FAILED TO CONTROL SPEED,226303,25.689,2021-02-28,0,2,0,0,N - NOT INJURED,0,0345,0,2021,SUNDAY,33.408,0,PARKED CAR,TWO-WAY,03:00 - 03:59,,N/A,NON INTERSECTION,27.63487182,"DARK, NOT LIGHTED",YES,-97.20207173,ONE MOTOR VEHICLE - GOING STRAIGHT,NO MEDIAN,NOT APPLICABLE,5,NOT APPLICABLE,True,ATTENTION DIVERTED FROM DRIVING,"250,000 POP AND OVER",NO,0638,-0.274,CITY STREET,"STRAIGHT, LEVEL",MINOR ARTERIAL,ON ROADWAY,"4 OR MORE LANES, UNDIVIDED",False,30,SH0361,"SAND, MUD, DIRT",NONE,FOG
18150479,12050,False,12050,2023,CORPUS CHRISTI,UNSAFE SPEED,226303,16.227,2021-03-06,0,3,0,0,N - NOT INJURED,0,1832,0,2021,SATURDAY,23.946,0,FIXED OBJECT,TWO-WAY,18:00 - 18:59,,N/A,NON INTERSECTION,27.75277387,"DARK, LIGHTED",YES,-97.12277744,ONE MOTOR VEHICLE - TURNING RIGHT,NO MEDIAN,NOT APPLICABLE,5,HIT UTILITY POLE,True,ATTENTION DIVERTED FROM DRIVING,"250,000 POP AND OVER",NO,0628,0.245,US & STATE HIGHWAYS,"STRAIGHT, LEVEL",MINOR ARTERIAL,OFF ROADWAY,"4 OR MORE LANES, UNDIVIDED",False,60,SH0361,DRY,MARKED LANES,CLEAR
18150457,12050,False,12050,2023,CORPUS CHRISTI,CHANGED LANE WHEN UNSAFE,226303,19.501,2021-03-10,0,3,0,0,N - NOT INJURED,0,1855,0,2021,WEDNESDAY,27.22,0,MOTOR VEHICLE IN TRANSPORT,TWO-WAY,18:00 - 18:59,,N/A,NON INTERSECTION,27.71198694,"DARK, NOT LIGHTED",YES,-97.1502432,SAME DIRECTION - ONE STRAIGHT-ONE LEFT TURN,NO MEDIAN,NOT APPLICABLE,5,NOT APPLICABLE,True,NOT APPLICABLE,"250,000 POP AND OVER",NO,0632,-0.463,US & STATE HIGHWAYS,"STRAIGHT, LEVEL",MINOR ARTERIAL,ON ROADWAY,"4 OR MORE LANES, UNDIVIDED",False,60,SH0361,DRY,MARKED LANES,CLEAR
18150646,10439,False,10439,2023,CORPUS CHRISTI,CHANGED LANE WHEN UNSAFE,226303,26.972,2021-03-13,0,3,2,0,B - SUSPECTED MINOR INJURY,0,1905,2,2021,SATURDAY,34.691,0,MOTOR VEHICLE IN TRANSPORT,TWO-WAY,19:00 - 19:59,,N/A,NON INTERSECTION,27.6194177,"DARK, LIGHTED",YES,-97.21353935,OPPOSITE DIRECTION - ONE STRAIGHT-ONE LEFT TURN,NO MEDIAN,NOT APPLICABLE,5,NOT APPLICABLE,True,NOT APPLICABLE,"250,000 POP AND OVER",NO,0638,1.009,US & STATE HIGHWAYS,"STRAIGHT, LEVEL",MINOR ARTERIAL,ON ROADWAY,"4 OR MORE LANES, UNDIVIDED",False,55,SH0361,DRY,MARKED LANES,CLEAR
18154445,10439,False,10439,2023,CORPUS CHRISTI,FAILED TO CONTROL SPEED,226303,27.441,2021-03-17,0,3,0,3,C - POSSIBLE INJURY,0,1910,3,2021,WEDNESDAY,35.16,0,MOTOR VEHICLE IN TRANSPORT,TWO-WAY,19:00 - 19:59,,N/A,NON INTERSECTION,27.61787644,DAYLIGHT,YES,-97.22084747,SAME DIRECTION - BOTH GOING STRAIGHT-REAR END,NO MEDIAN,NOT APPLICABLE,5,NOT APPLICABLE,True,SLOWING/STOPPING-FOR TRAFFIC,"250,000 POP AND OVER",NO,0638,1.478,US & STATE HIGHWAYS,"STRAIGHT, LEVEL",MINOR ARTERIAL,ON ROADWAY,"4 OR MORE LANES, UNDIVIDED",False,50,SH0361,DRY,MARKED LANES,CLEAR
18157399,12050,False,12050,2023,CORPUS CHRISTI,FAILED TO CONTROL SPEED,226303,18.993,2021-03-18,0,3,0,0,N - NOT INJURED,0,1538,0,2021,THURSDAY,26.712,0,MOTOR VEHICLE IN TRANSPORT,TWO-WAY,15:00 - 15:59,,UNKNOWN,INTERSECTION RELATED,27.71832034,DAYLIGHT,YES,-97.14597158,SAME DIRECTION - BOTH GOING STRAIGHT-REAR END,NO MEDIAN,THREE ENTERING ROADS - T,5,NOT APPLICABLE,True,SLOWING/STOPPING-TO MAKE RIGHT TURN,"250,000 POP AND OVER",NO,0632,-0.971,US & STATE HIGHWAYS,"STRAIGHT, LEVEL",MINOR ARTERIAL,ON ROADWAY,"4 OR MORE LANES, UNDIVIDED",False,60,SH0361,DRY,MARKED LANES,CLEAR
18157948,12050,False,12050,2023,OUTSIDE CITY LIMITS,DISTRACTION IN VEHICLE; DRIVER INATTENTION,226303,13.641,2021-03-20,0,3,0,1,C - POSSIBLE INJURY,0,1521,1,2021,SATURDAY,21.36,0,FIXED OBJECT,TWO-WAY,15:00 - 15:59,,N/A,NON INTERSECTION,27.78474641,DAYLIGHT,YES,-97.10066773,ONE MOTOR VEHICLE - GOING STRAIGHT,NO MEDIAN,THREE ENTERING ROADS - T,5,DITCH,True,ATTENTION DIVERTED FROM DRIVING,RURAL,NO,0626,-0.352,US & STATE HIGHWAYS,"STRAIGHT, LEVEL",MINOR ARTERIAL,OFF ROADWAY,"4 OR MORE LANES, UNDIVIDED",True,60,SH0361,DRY,STOP SIGN,CLEAR
18176809,10439,True,10439,2023,CORPUS CHRISTI,FAILED TO YIELD RIGHT OF WAY - STOP SIGN,226303,26.723,2021-03-21,0,3,0,0,N - NOT INJURED,0,0134,0,2021,SUNDAY,34.442,0,MOTOR VEHICLE IN TRANSPORT,TWO-WAY,01:00 - 01:59,,ZAHN RD,INTERSECTION,27.62201986,"DARK, LIGHTED",YES,-97.21077788,ANGLE - ONE STRAIGHT-ONE LEFT TURN,NO MEDIAN,THREE ENTERING ROADS - T,5,NOT APPLICABLE,True,NOT APPLICABLE,"250,000 POP AND OVER",NO,0638,0.76,US & STATE HIGHWAYS,"CURVE, LEVEL",MINOR ARTERIAL,ON ROADWAY,"4 OR MORE LANES, UNDIVIDED",False,60,SH0361,DRY,STOP SIGN,CLEAR
18166312,12050,False,12050,2023,CORPUS CHRISTI,OTHER (EXPLAIN IN NARRATIVE),226303,17.157,2021-03-25,0,3,0,0,N - NOT INJURED,0,0833,0,2021,THURSDAY,24.876,0,OVERTURNED,TWO-WAY,08:00 - 08:59,,N/A,NON INTERSECTION,27.74118252,DAYLIGHT,YES,-97.13056183,ONE MOTOR VEHICLE - GOING STRAIGHT,NO MEDIAN,NOT APPLICABLE,5,OVERTURNED,True,GUSTY WINDS,"250,000 POP AND OVER",NO,0630,-0.856,US & STATE HIGHWAYS,"STRAIGHT, LEVEL",MINOR ARTERIAL,OFF ROADWAY,"4 OR MORE LANES, UNDIVIDED",False,65,SH0361,DRY,CENTER STRIPE/DIVIDER,CLOUDY
18203373,10439,False,10439,2023,CORPUS CHRISTI,HAD BEEN DRINKING; PASSED IN NO PASSING LANE,226303,25.88,2021-03-27,0,3,0,0,N - NOT INJURED,0,0941,0,2021,SATURDAY,33.599,0,MOTOR VEHICLE IN TRANSPORT,TWO-WAY,09:00 - 09:59,,N/A,NON INTERSECTION,27.63249312,DAYLIGHT,YES,-97.20368659,SAME DIRECTION - BOTH GOING STRAIGHT-SIDESWIPE,NO MEDIAN,NOT APPLICABLE,5,NOT APPLICABLE,True,VEHICLE PASSING OR ATTEMPTING TO PASS ON RIGHT,"250,000 POP AND OVER",NO,0638,-0.083,US & STATE HIGHWAYS,"STRAIGHT, LEVEL",MINOR ARTERIAL,ON ROADWAY,"4 OR MORE LANES, UNDIVIDED",False,65,SH0361,WET,CENTER STRIPE/DIVIDER,FOG
18185784,12050,False,12050,2023,CORPUS CHRISTI,FAILED TO CONTROL SPEED,226303,19.99,2021-04-03,0,4,0,0,N - NOT INJURED,0,2104,0,2021,SATURDAY,27.709,0,MOTOR VEHICLE IN TRANSPORT,TWO-WAY,21:00 - 21:59,,N/A,NON INTERSECTION,27.70590823,"DARK, NOT LIGHTED",YES,-97.15434557,SAME DIRECTION - BOTH GOING STRAIGHT-REAR END,NO MEDIAN,NOT APPLICABLE,5,NOT APPLICABLE,True,NOT APPLICABLE,"250,000 POP AND OVER",NO,0632,0.026,US & STATE HIGHWAYS,"STRAIGHT, LEVEL",MINOR ARTERIAL,ON ROADWAY,"4 OR MORE LANES, UNDIVIDED",False,65,SH0361,DRY,MARKED LANES,CLEAR
18191298,12050,False,12050,2023,CORPUS CHRISTI,FAILED TO CONTROL SPEED; FOLLOWED TOO CLOSELY,226303,14.715,2021-04-08,0,4,3,0,B - SUSPECTED MINOR INJURY,0,1631,3,2021,THURSDAY,22.434,0,MOTOR VEHICLE IN TRANSPORT,TWO-WAY,16:00 - 16:59,,N/A,NON INTERSECTION,27.77159594,DAYLIGHT,YES,-97.11005891,SAME DIRECTION - BOTH GOING STRAIGHT-REAR END,NO MEDIAN,THREE ENTERING ROADS - T,5,NOT APPLICABLE,True,SLOWING/STOPPING-FOR TRAFFIC,"250,000 POP AND OVER",NO,0626,0.722,US & STATE HIGHWAYS,"STRAIGHT, LEVEL",MINOR ARTERIAL,ON ROADWAY,"4 OR MORE LANES, UNDIVIDED",False,60,SH0361,DRY,NONE,CLOUDY
18212220,10439,True,10439,2023,CORPUS CHRISTI,FAILED TO YIELD RIGHT OF WAY - STOP SIGN;IMPAIRED VISIBILITY (EXPLAIN IN NARRATIVE),226303,26.723,2021-04-16,0,4,0,1,C - POSSIBLE INJURY,0,1058,1,2021,FRIDAY,34.442,0,MOTOR VEHICLE IN TRANSPORT,TWO-WAY,10:00 - 10:59,,ZAHN RD,INTERSECTION,27.62201986,DAYLIGHT,YES,-97.21077788,ANGLE - ONE STRAIGHT-ONE LEFT TURN,NO MEDIAN,THREE ENTERING ROADS - T,5,NOT APPLICABLE,True,VISION OBSTRUCTED BY STANDING OR PARKED VEHICLE,"250,000 POP AND OVER",NO,0638,0.76,US & STATE HIGHWAYS,"STRAIGHT, LEVEL",MINOR ARTERIAL,ON ROADWAY,"4 OR MORE LANES, UNDIVIDED",False,40,SH0361,DRY,STOP SIGN,CLOUDY
18216250,10439,False,10439,2023,CORPUS CHRISTI,FAILED TO DRIVE IN SINGLE LANE,226303,22.904,2021-04-20,0,4,0,0,N - NOT INJURED,0,2015,0,2021,TUESDAY,30.623,0,MOTOR VEHICLE IN TRANSPORT,TWO-WAY,20:00 - 20:59,,N/A,NON INTERSECTION,27.66957813,"DARK, NOT LIGHTED",YES,-97.17874602,OPPOSITE DIRECTION - BOTH GOING STRAIGHT,NO MEDIAN,NOT APPLICABLE,5,NOT APPLICABLE,True,NOT APPLICABLE,"250,000 POP AND OVER",NO,0634,0.94,US & STATE HIGHWAYS,"STRAIGHT, LEVEL",MINOR ARTERIAL,ON ROADWAY,"4 OR MORE LANES, UNDIVIDED",False,60,SH0361,DRY,MARKED LANES,CLEAR
18227449,12050,False,12050,2023,CORPUS CHRISTI,FAILED TO CONTROL SPEED,226303,19.882,2021-04-25,0,4,0,0,N - NOT INJURED,0,1241,0,2021,SUNDAY,27.601,0,MOTOR VEHICLE IN TRANSPORT,TWO-WAY,12:00 - 12:59,,N/A,NON INTERSECTION,27.70724998,DAYLIGHT,YES,-97.15343828,SAME DIRECTION - BOTH GOING STRAIGHT-REAR END,NO MEDIAN,NOT APPLICABLE,5,NOT APPLICABLE,True,SLOWING/STOPPING-FOR TRAFFIC,"250,000 POP AND OVER",NO,0632,-0.082,US & STATE HIGHWAYS,"STRAIGHT, GRADE",MINOR ARTERIAL,ON ROADWAY,"4 OR MORE LANES, UNDIVIDED",False,60,SH0361,DRY,CENTER STRIPE/DIVIDER,CLEAR
18261612,10439,False,10439,2023,CORPUS CHRISTI,UNSAFE SPEED,226303,24.645,2021-05-01,0,5,0,0,N - NOT INJURED,0,1416,0,2021,SATURDAY,32.364,0,FIXED OBJECT,TWO-WAY,14:00 - 14:59,,N/A,NON INTERSECTION,27.64788059,DAYLIGHT,YES,-97.19329878,ONE MOTOR VEHICLE - GOING STRAIGHT,NO MEDIAN,NOT APPLICABLE,5,DITCH,True,"LOST CONTROL OR SKIDDED (ICY OR SLICK ROAD, ETC.)","250,000 POP AND OVER",NO,0636,0.681,US & STATE HIGHWAYS,"STRAIGHT, LEVEL",MINOR ARTERIAL,OFF ROADWAY,"4 OR MORE LANES, UNDIVIDED",False,65,SH0361,WET,CENTER STRIPE/DIVIDER,RAIN
18255091,12050,False,12050,2023,CORPUS CHRISTI,FAILED TO DRIVE IN SINGLE LANE,226303,18.037,2021-05-14,0,5,0,0,N - NOT INJURED,0,0041,0,2021,FRIDAY,25.756,0,FIXED OBJECT,TWO-WAY,00:00 - 00:59,,N/A,NON INTERSECTION,27.73022045,"DARK, NOT LIGHTED",YES,-97.13795682,ONE MOTOR VEHICLE - GOING STRAIGHT,NO MEDIAN,NOT APPLICABLE,5,DITCH,True,SWERVED OR VEERED-REASON NOT SPECIFIED,"250,000 POP AND OVER",NO,0630,0.024,US & STATE HIGHWAYS,"STRAIGHT, LEVEL",MINOR ARTERIAL,OFF ROADWAY,"4 OR MORE LANES, UNDIVIDED",False,60,SH0361,DRY,MARKED LANES,CLEAR
18265716,10439,False,10439,2023,CORPUS CHRISTI,FAILED TO DRIVE IN SINGLE LANE,226303,20.333,2021-05-15,0,5,0,0,N - NOT INJURED,0,1525,0,2021,SATURDAY,28.052,0,MOTOR VEHICLE IN TRANSPORT,TWO-WAY,15:00 - 15:59,,N/A,NON INTERSECTION,27.70161603,DAYLIGHT,YES,-97.15719456,OPPOSITE DIRECTION - BOTH GOING STRAIGHT,NO MEDIAN,NOT APPLICABLE,5,NOT APPLICABLE,True,NOT APPLICABLE,"250,000 POP AND OVER",NO,0632,0.369,US & STATE HIGHWAYS,"STRAIGHT, LEVEL",MINOR ARTERIAL,ON ROADWAY,"4 OR MORE LANES, UNDIVIDED",False,60,SH0361,DRY,MARKED LANES,CLEAR
18262705,10439,False,10439,2023,CORPUS CHRISTI,FAILED TO CONTROL SPEED,226303,22.656,2021-05-16,0,5,0,0,N - NOT INJURED,0,1228,0,2021,SUNDAY,30.375,0,MOTOR VEHICLE IN TRANSPORT,TWO-WAY,12:00 - 12:59,,N/A,NON INTERSECTION,27.67266699,DAYLIGHT,YES,-97.17666452,SAME DIRECTION - BOTH GOING STRAIGHT-REAR END,NO MEDIAN,NOT APPLICABLE,5,NOT APPLICABLE,True,SLOWING/STOPPING-FOR TRAFFIC,"250,000 POP AND OVER",NO,0634,0.692,US & STATE HIGHWAYS,"STRAIGHT, LEVEL",MINOR ARTERIAL,ON ROADWAY,"4 OR MORE LANES, UNDIVIDED",False,65,SH0361,WET,CENTER STRIPE/DIVIDER,RAIN
18272980,10439,True,10439,2023,CORPUS CHRISTI,FAILED TO YIELD RIGHT OF WAY - STOP SIGN,226303,26.723,2021-05-22,0,5,2,0,B - SUSPECTED MINOR INJURY,0,2106,2,2021,SATURDAY,34.442,0,MOTOR VEHICLE IN TRANSPORT,TWO-WAY,21:00 - 21:59,,ZAHN RD,INTERSECTION,27.62201986,"DARK, LIGHTED",YES,-97.21077788,ANGLE - ONE STRAIGHT-ONE LEFT TURN,NO MEDIAN,THREE ENTERING ROADS - T,5,NOT APPLICABLE,True,NOT APPLICABLE,"250,000 POP AND OVER",NO,0638,0.76,US & STATE HIGHWAYS,"STRAIGHT, LEVEL",MINOR ARTERIAL,ON ROADWAY,"4 OR MORE LANES, UNDIVIDED",False,60,SH0361,DRY,STOP SIGN,CLOUDY
18274571,15893,False,15893,2023,PORT ARANSAS,DRIVER INATTENTION;FAILED TO YIELD RIGHT OF WAY - TURNING LEFT,226303,12.341,2021-05-23,0,5,0,0,N - NOT INJURED,0,1755,0,2021,SUNDAY,20.06,0,FIXED OBJECT,BOULEVARD,17:00 - 17:59,,GULFWIND DR,INTERSECTION RELATED,27.79986902,DAYLIGHT,YES,-97.08794643,ONE MOTOR VEHICLE - GOING STRAIGHT,CURBED,THREE ENTERING ROADS - T,4,DITCH,True,SWERVED OR VEERED-AVOIDING VEHICLE ENTERING ROAD,"2,500 - 4,999 POP",NO,0624,0.31,US & STATE HIGHWAYS,"STRAIGHT, LEVEL",MINOR ARTERIAL,OFF ROADWAY,"4 OR MORE LANES, DIVIDED",True,60,SH0361,DRY,MARKED LANES,CLEAR
18277078,10439,False,10439,2023,CORPUS CHRISTI,CHANGED LANE WHEN UNSAFE,226303,27.242,2021-05-26,0,5,0,0,N - NOT INJURED,0,0905,0,2021,WEDNESDAY,34.961,0,MOTOR VEHICLE IN TRANSPORT,TWO-WAY,09:00 - 09:59,,N/A,NON INTERSECTION,27.61797237,DAYLIGHT,YES,-97.21760066,SAME DIRECTION - BOTH GOING STRAIGHT-SIDESWIPE,NO MEDIAN,NOT APPLICABLE,5,NOT APPLICABLE,True,VEHICLE CHANGING LANES,"250,000 POP AND OVER",NO,0638,1.279,US & STATE HIGHWAYS,"STRAIGHT, GRADE",MINOR ARTERIAL,ON ROADWAY,"4 OR MORE LANES, UNDIVIDED",False,40,SH0361,DRY,MARKED LANES,CLEAR
18289128,10439,True,10439,2023,CORPUS CHRISTI,FAILED TO YIELD RIGHT OF WAY - TURNING LEFT,226303,26.723,2021-05-28,0,5,2,0,B - SUSPECTED MINOR INJURY,0,2045,2,2021,FRIDAY,34.442,0,MOTOR VEHICLE IN TRANSPORT,TWO-WAY,20:00 - 20:59,,ZAHN RD,INTERSECTION,27.62201986,"DARK, LIGHTED",YES,-97.21077788,ANGLE - ONE STRAIGHT-ONE LEFT TURN,NO MEDIAN,THREE ENTERING ROADS - T,5,NOT APPLICABLE,True,NOT APPLICABLE,"250,000 POP AND OVER",NO,0638,0.76,US & STATE HIGHWAYS,"STRAIGHT, LEVEL",MINOR ARTERIAL,ON ROADWAY,"4 OR MORE LANES, UNDIVIDED",False,65,SH0361,DRY,MARKED LANES,CLEAR
18289242,10439,True,10439,2023,CORPUS CHRISTI,FAILED TO DRIVE IN SINGLE LANE,226303,26.723,2021-05-28,0,5,0,0,N - NOT INJURED,0,2126,0,2021,FRIDAY,34.442,0,FIXED OBJECT,TWO-WAY,21:00 - 21:59,,ZAHN RD,INTERSECTION,27.62201986,"DARK, LIGHTED",YES,-97.21077788,ONE MOTOR VEHICLE - TURNING LEFT,NO MEDIAN,THREE ENTERING ROADS - T,5,HIT OTHER FIXED OBJECT,True,NOT APPLICABLE,"250,000 POP AND OVER",NO,0638,0.76,US & STATE HIGHWAYS,"STRAIGHT, LEVEL",MINOR ARTERIAL,ON ROADWAY,"4 OR MORE LANES, UNDIVIDED",False,60,SH0361,DRY,MARKED LANES,CLEAR
18288770,10439,False,10439,2023,CORPUS CHRISTI,FAILED TO CONTROL SPEED,226303,24.635,2021-05-30,0,5,0,0,N - NOT INJURED,0,2101,0,2021,SUNDAY,32.354,0,MOTOR VEHICLE IN TRANSPORT,TWO-WAY,21:00 - 21:59,,N/A,NON INTERSECTION,27.64800022,"DARK, NOT LIGHTED",YES,-97.19322085,SAME DIRECTION - BOTH GOING STRAIGHT-REAR END,NO MEDIAN,NOT APPLICABLE,5,NOT APPLICABLE,True,NOT APPLICABLE,"250,000 POP AND OVER",NO,0636,0.671,US & STATE HIGHWAYS,"STRAIGHT, LEVEL",MINOR ARTERIAL,ON ROADWAY,"4 OR MORE LANES, UNDIVIDED",False,60,SH0361,DRY,MARKED LANES,CLEAR
18285125,15893,True,15893,2023,PORT ARANSAS,FAILED TO CONTROL SPEED,226303,11.783,2021-05-31,0,5,0,0,N - NOT INJURED,0,1743,0,2021,MONDAY,19.502,0,MOTOR VEHICLE IN TRANSPORT,BOULEVARD,17:00 - 17:59,,UNKNOWN,INTERSECTION RELATED,27.80636734,DAYLIGHT,YES,-97.08248406,SAME DIRECTION - ONE STRAIGHT-ONE STOPPED,CURBED,FOUR ENTERING ROADS,4,NOT APPLICABLE,True,"SLOWING/STOPPING - FOR OFFICER, FLAGMAN, OR TRAFFIC CONTROL","2,500 - 4,999 POP",NO,0624,-0.248,US & STATE HIGHWAYS,"STRAIGHT, LEVEL",MINOR ARTERIAL,ON ROADWAY,"4 OR MORE LANES, DIVIDED",True,45,SH0361,DRY,SIGNAL LIGHT,CLEAR
18299272,15893,False,15893,2023,PORT ARANSAS,CHANGED LANE WHEN UNSAFE,226303,12.196,2021-06-07,0,6,1,0,B - SUSPECTED MINOR INJURY,0,1116,1,2021,MONDAY,19.915,0,MOTOR VEHICLE IN TRANSPORT,BOULEVARD,11:00 - 11:59,,N/A,NON INTERSECTION,27.80155339,DAYLIGHT,YES,-97.08653103,SAME DIRECTION - BOTH GOING STRAIGHT-SIDESWIPE,CURBED,NOT APPLICABLE,4,NOT APPLICABLE,True,VEHICLE CHANGING LANES,"2,500 - 4,999 POP",NO,0624,0.165,US & STATE HIGHWAYS,"STRAIGHT, LEVEL",MINOR ARTERIAL,ON ROADWAY,"4 OR MORE LANES, DIVIDED",True,55,SH0361,DRY,NONE,CLEAR
18315063,10439,False,10439,2023,CORPUS CHRISTI,CHANGED LANE WHEN UNSAFE; UNDER INFLUENCE - ALCOHOL,226303,20.799,2021-06-12,0,6,0,1,C - POSSIBLE INJURY,0,1729,1,2021,SATURDAY,28.518,0,MOTOR VEHICLE IN TRANSPORT,TWO-WAY,17:00 - 17:59,,N/A,NON INTERSECTION,27.69582026,DAYLIGHT,YES,-97.16110435,SAME DIRECTION - BOTH GOING STRAIGHT-SIDESWIPE,NO MEDIAN,THREE ENTERING ROADS - T,5,NOT APPLICABLE,True,VEHICLE CHANGING LANES,"250,000 POP AND OVER",NO,0632,0.835,US & STATE HIGHWAYS,"STRAIGHT, LEVEL",MINOR ARTERIAL,ON ROADWAY,"4 OR MORE LANES, UNDIVIDED",False,60,SH0361,DRY,MARKED LANES,CLEAR
18318687,15893,True,15893,2023,PORT ARANSAS,FAILED TO YIELD RIGHT OF WAY - STOP SIGN,226303,12.038,2021-06-18,0,6,0,0,N - NOT INJURED,0,1435,0,2021,FRIDAY,19.757,0,MOTOR VEHICLE IN TRANSPORT,BOULEVARD,14:00 - 14:59,,UNKNOWN,INTERSECTION,27.80338938,DAYLIGHT,YES,-97.08498763,ANGLE - BOTH GOING STRAIGHT,CURBED,THREE ENTERING ROADS - T,4,NOT APPLICABLE,True,NOT APPLICABLE,"2,500 - 4,999 POP",NO,0624,0.007,US & STATE HIGHWAYS,"STRAIGHT, LEVEL",MINOR ARTERIAL,ON ROADWAY,"4 OR MORE LANES, DIVIDED",True,55,SH0361,DRY,STOP SIGN,CLEAR
18333738,10439,False,10439,2023,CORPUS CHRISTI,FAILED TO YIELD RIGHT OF WAY - PRIVATE DRIVE,226303,27.451,2021-06-26,0,6,0,1,C - POSSIBLE INJURY,0,1933,1,2021,SATURDAY,35.17,0,MOTOR VEHICLE IN TRANSPORT,TWO-WAY,19:00 - 19:59,,N/A,DRIVEWAY ACCESS,27.61787862,DAYLIGHT,YES,-97.22100159,ANGLE - ONE STRAIGHT-ONE LEFT TURN,NO MEDIAN,NOT APPLICABLE,5,NOT APPLICABLE,True,ONE VEHICLE LEAVING DRIVEWAY,"250,000 POP AND OVER",NO,0638,1.488,US & STATE HIGHWAYS,"STRAIGHT, LEVEL",MINOR ARTERIAL,ON ROADWAY,"4 OR MORE LANES, UNDIVIDED",False,55,SH0361,DRY,MARKED LANES,CLEAR
18350682,12050,True,12050,2023,CORPUS CHRISTI,FAILED TO CONTROL SPEED,226303,18.054,2021-06-29,0,6,1,2,B - SUSPECTED MINOR INJURY,0,1326,3,2021,TUESDAY,25.773,0,MOTOR VEHICLE IN TRANSPORT,TWO-WAY,13:00 - 13:59,,BEACH VIEW DR,INTERSECTION RELATED,27.73001644,DAYLIGHT,YES,-97.13809444,SAME DIRECTION - BOTH GOING STRAIGHT-SIDESWIPE,NO MEDIAN,THREE ENTERING ROADS - T,5,NOT APPLICABLE,True,SLOWING/STOPPING-TO MAKE LEFT TURN,"250,000 POP AND OVER",NO,0630,0.041,US & STATE HIGHWAYS,"STRAIGHT, LEVEL",MINOR ARTERIAL,ON ROADWAY,"4 OR MORE LANES, UNDIVIDED",False,65,SH0361,DRY,MARKED LANES,CLOUDY
18347420,15893,True,15893,2023,PORT ARANSAS,FAILED TO YIELD RIGHT OF WAY - TURNING LEFT,226303,11.782,2021-07-04,0,7,0,0,N - NOT INJURED,0,1126,0,2021,SUNDAY,19.501,0,MOTOR VEHICLE IN TRANSPORT,BOULEVARD,11:00 - 11:59,,UNKNOWN,INTERSECTION,27.80637738,DAYLIGHT,YES,-97.08247511,OPPOSITE DIRECTION - ONE STRAIGHT-ONE LEFT TURN,CURBED,FOUR ENTERING ROADS,4,NOT APPLICABLE,True,NOT APPLICABLE,"2,500 - 4,999 POP",NO,0624,-0.249,US & STATE HIGHWAYS,"STRAIGHT, LEVEL",MINOR ARTERIAL,ON ROADWAY,"4 OR MORE LANES, DIVIDED",True,55,SH0361,DRY,SIGNAL LIGHT,CLEAR
18351445,10439,False,10439,2023,CORPUS CHRISTI,FAILED TO CONTROL SPEED;FAILED TO YIELD RIGHT OF WAY - TURNING LEFT,226303,27.198,2021-07-05,0,7,0,0,N - NOT INJURED,0,0611,0,2021,MONDAY,34.917,0,MOTOR VEHICLE IN TRANSPORT,TWO-WAY,06:00 - 06:59,,N/A,DRIVEWAY ACCESS,27.61809583,DAWN,YES,-97.2169034,SAME DIRECTION - BOTH GOING STRAIGHT-REAR END,NO MEDIAN,NOT APPLICABLE,5,NOT APPLICABLE,True,SLOWING/STOPPING-FOR VEHICLE FROM OPPOSITE DIRECTION IN WRONG LANE,"250,000 POP AND OVER",NO,0638,1.235,US & STATE HIGHWAYS,"STRAIGHT, HILLCREST",MINOR ARTERIAL,ON ROADWAY,"4 OR MORE LANES, UNDIVIDED",False,55,SH0361,DRY,MARKED LANES,CLOUDY
18376575,10439,False,10439,2023,CORPUS CHRISTI,FAILED TO CONTROL SPEED,226303,27.432,2021-07-16,0,7,0,0,N - NOT INJURED,0,2005,0,2021,FRIDAY,35.151,0,MOTOR VEHICLE IN TRANSPORT,TWO-WAY,20:00 - 20:59,,N/A,NON INTERSECTION,27.61787421,DAYLIGHT,YES,-97.22069103,SAME DIRECTION - BOTH GOING STRAIGHT-REAR END,NO MEDIAN,NOT APPLICABLE,5,NOT APPLICABLE,True,SLOWING/STOPPING-FOR TRAFFIC,"250,000 POP AND OVER",NO,0638,1.469,US & STATE HIGHWAYS,"STRAIGHT, LEVEL",MINOR ARTERIAL,ON ROADWAY,"4 OR MORE LANES, UNDIVIDED",False,45,SH0361,DRY,MARKED LANES,CLEAR
18375296,15893,True,15893,2023,PORT ARANSAS,FAILED TO YIELD RIGHT OF WAY - TURNING LEFT,226303,11.782,2021-07-20,0,7,0,1,C - POSSIBLE INJURY,0,1241,1,2021,TUESDAY,19.501,0,MOTOR VEHICLE IN TRANSPORT,BOULEVARD,12:00 - 12:59,,ACCESS ROAD 1 A,INTERSECTION,27.80637738,DAYLIGHT,YES,-97.0824751,OPPOSITE DIRECTION - ONE STRAIGHT-ONE LEFT TURN,CURBED,FOUR ENTERING ROADS,4,HIT TRAFFIC SIGNAL POLE OR POST,True,NOT APPLICABLE,"2,500 - 4,999 POP",NO,0624,-0.249,US & STATE HIGHWAYS,"STRAIGHT, LEVEL",MINOR ARTERIAL,ON ROADWAY,"4 OR MORE LANES, DIVIDED",True,45,SH0361,DRY,SIGNAL LIGHT,CLEAR
18384989,10439,False,10439,2023,CORPUS CHRISTI,FAILED TO CONTROL SPEED,226303,20.347,2021-07-23,0,7,1,1,B - SUSPECTED MINOR INJURY,0,1241,2,2021,FRIDAY,28.066,0,MOTOR VEHICLE IN TRANSPORT,TWO-WAY,12:00 - 12:59,,N/A,NON INTERSECTION,27.7014348,DAYLIGHT,YES,-97.15731674,SAME DIRECTION - BOTH GOING STRAIGHT-REAR END,NO MEDIAN,NOT APPLICABLE,5,NOT APPLICABLE,True,SLOWING/STOPPING-FOR TRAFFIC,"250,000 POP AND OVER",NO,0632,0.383,US & STATE HIGHWAYS,"STRAIGHT, LEVEL",MINOR ARTERIAL,ON ROADWAY,"4 OR MORE LANES, UNDIVIDED",False,60,SH0361,DRY,CENTER STRIPE/DIVIDER,CLEAR
18383106,12050,False,12050,2023,OUTSIDE CITY LIMITS,FAILED TO CONTROL SPEED; FATIGUED OR ASLEEP,226303,13.89,2021-07-25,0,7,0,2,C - POSSIBLE INJURY,0,1556,2,2021,SUNDAY,21.609,0,MOTOR VEHICLE IN TRANSPORT,TWO-WAY,15:00 - 15:59,,N/A,NON INTERSECTION,27.78184354,DAYLIGHT,YES,-97.10307258,SAME DIRECTION - BOTH GOING STRAIGHT-REAR END,NO MEDIAN,FOUR ENTERING ROADS,5,NOT APPLICABLE,True,ATTENTION DIVERTED FROM DRIVING,RURAL,NO,0626,-0.103,US & STATE HIGHWAYS,"STRAIGHT, LEVEL",MINOR ARTERIAL,ON ROADWAY,"4 OR MORE LANES, UNDIVIDED",True,60,SH0361,DRY,STOP SIGN,CLEAR
18393864,10439,False,10439,2023,CORPUS CHRISTI,OVERTAKE AND PASS INSUFFICIENT CLEARANCE,226303,26.498,2021-07-31,0,7,0,0,N - NOT INJURED,0,1849,0,2021,SATURDAY,34.217,0,MOTOR VEHICLE IN TRANSPORT,TWO-WAY,18:00 - 18:59,,N/A,NON INTERSECTION,27.62479077,DAYLIGHT,YES,-97.20884991,SAME DIRECTION - BOTH GOING STRAIGHT-SIDESWIPE,NO MEDIAN,NOT APPLICABLE,5,NOT APPLICABLE,True,VEHICLE PASSING OR ATTEMPTING TO PASS ON LEFT,"250,000 POP AND OVER",NO,0638,0.535,US & STATE HIGHWAYS,"STRAIGHT, LEVEL",MINOR ARTERIAL,ON ROADWAY,"4 OR MORE LANES, UNDIVIDED",False,45,SH0361,DRY,MARKED LANES,CLEAR
18423713,12050,False,12050,2023,CORPUS CHRISTI,FAILED TO CONTROL SPEED,226303,19.365,2021-08-14,0,8,0,0,N - NOT INJURED,0,1446,0,2021,SATURDAY,27.084,0,MOTOR VEHICLE IN TRANSPORT,TWO-WAY,14:00 - 14:59,,N/A,DRIVEWAY ACCESS,27.71368937,DAYLIGHT,YES,-97.14909498,SAME DIRECTION - ONE STRAIGHT-ONE LEFT TURN,NO MEDIAN,NOT APPLICABLE,5,NOT APPLICABLE,True,ONE VEHICLE ENTERING DRIVEWAY,"250,000 POP AND OVER",NO,0632,-0.599,US & STATE HIGHWAYS,"STRAIGHT, LEVEL",MINOR ARTERIAL,ON ROADWAY,"4 OR MORE LANES, UNDIVIDED",False,60,SH0361,DRY,CENTER STRIPE/DIVIDER,CLEAR
18423924,10439,False,10439,2023,CORPUS CHRISTI,FAILED TO CONTROL SPEED,226303,26.685,2021-08-15,0,8,0,0,N - NOT INJURED,0,1038,0,2021,SUNDAY,34.404,0,MOTOR VEHICLE IN TRANSPORT,TWO-WAY,10:00 - 10:59,,N/A,NON INTERSECTION,27.62248584,DAYLIGHT,YES,-97.21045256,SAME DIRECTION - BOTH GOING STRAIGHT-REAR END,NO MEDIAN,NOT APPLICABLE,5,NOT APPLICABLE,True,SLOWING/STOPPING-FOR TRAFFIC,"250,000 POP AND OVER",NO,0638,0.722,US & STATE HIGHWAYS,"STRAIGHT, GRADE",MINOR ARTERIAL,ON ROADWAY,"4 OR MORE LANES, UNDIVIDED",False,55,SH0361,DRY,CENTER STRIPE/DIVIDER,CLEAR
18450031,10439,False,10439,2023,CORPUS CHRISTI,FAILED TO CONTROL SPEED; UNDER INFLUENCE - ALCOHOL,226303,24.69,2021-08-19,0,8,0,0,N - NOT INJURED,0,2153,0,2021,THURSDAY,32.409,0,MOTOR VEHICLE IN TRANSPORT,TWO-WAY,21:00 - 21:59,,N/A,NON INTERSECTION,27.64731161,"DARK, NOT LIGHTED",YES,-97.19368752,SAME DIRECTION - BOTH GOING STRAIGHT-REAR END,NO MEDIAN,NOT APPLICABLE,5,NOT APPLICABLE,True,NOT APPLICABLE,"250,000 POP AND OVER",NO,0636,0.726,US & STATE HIGHWAYS,"STRAIGHT, LEVEL",MINOR ARTERIAL,ON ROADWAY,"4 OR MORE LANES, UNDIVIDED",False,60,SH0361,DRY,MARKED LANES,CLEAR
18450829,10439,True,10439,2023,CORPUS CHRISTI,FAILED TO YIELD RIGHT OF WAY - STOP SIGN,226303,26.723,2021-08-25,0,8,0,0,N - NOT INJURED,0,0650,0,2021,WEDNESDAY,34.442,0,MOTOR VEHICLE IN TRANSPORT,TWO-WAY,06:00 - 06:59,,ZAHN RD,INTERSECTION,27.62201986,"DARK, LIGHTED",YES,-97.21077788,ANGLE - ONE STRAIGHT-ONE LEFT TURN,NO MEDIAN,THREE ENTERING ROADS - T,5,NOT APPLICABLE,True,NOT APPLICABLE,"250,000 POP AND OVER",NO,0638,0.76,US & STATE HIGHWAYS,"STRAIGHT, LEVEL",MINOR ARTERIAL,ON ROADWAY,"4 OR MORE LANES, UNDIVIDED",False,60,SH0361,WET,STOP SIGN,CLOUDY
18459462,12050,False,12050,2023,CORPUS CHRISTI,FAILED TO CONTROL SPEED,226303,19.199,2021-09-03,0,9,0,0,N - NOT INJURED,0,1714,0,2021,FRIDAY,26.918,0,MOTOR VEHICLE IN TRANSPORT,TWO-WAY,17:00 - 17:59,,UNKNOWN,INTERSECTION RELATED,27.71575062,DAYLIGHT,YES,-97.14770475,SAME DIRECTION - BOTH GOING STRAIGHT-REAR END,NO MEDIAN,NOT APPLICABLE,5,NOT APPLICABLE,True,SLOWING/STOPPING-FOR TRAFFIC,"250,000 POP AND OVER",NO,0632,-0.765,US & STATE HIGHWAYS,"STRAIGHT, LEVEL",MINOR ARTERIAL,ON ROADWAY,"4 OR MORE LANES, UNDIVIDED",False,60,SH0361,DRY,CENTER STRIPE/DIVIDER,CLEAR
18506824,15893,True,15893,2023,PORT ARANSAS,DISREGARD STOP SIGN OR LIGHT,226303,11.782,2021-10-01,0,10,0,0,N - NOT INJURED,0,1640,0,2021,FRIDAY,19.501,0,MOTOR VEHICLE IN TRANSPORT,BOULEVARD,16:00 - 16:59,,ACCESS ROAD 1 A,INTERSECTION,27.80637738,DAYLIGHT,YES,-97.0824751,ANGLE - ONE STRAIGHT-ONE LEFT TURN,CURBED,FOUR ENTERING ROADS,4,NOT APPLICABLE,True,NOT APPLICABLE,"2,500 - 4,999 POP",NO,0624,-0.249,US & STATE HIGHWAYS,"STRAIGHT, LEVEL",MINOR ARTERIAL,ON ROADWAY,"4 OR MORE LANES, DIVIDED",True,30,SH0361,WET,STOP SIGN,CLOUDY
18519885,10439,False,10439,2023,CORPUS CHRISTI,FAILED TO PASS TO LEFT SAFELY; PASSED IN NO PASSING LANE,226303,26.817,2021-10-02,0,10,0,2,C - POSSIBLE INJURY,0,2306,2,2021,SATURDAY,34.536,0,MOTOR VEHICLE IN TRANSPORT,TWO-WAY,23:00 - 23:59,,N/A,NON INTERSECTION,27.62092836,"DARK, LIGHTED",YES,-97.21170145,SAME DIRECTION - BOTH GOING STRAIGHT-SIDESWIPE,NO MEDIAN,NOT APPLICABLE,5,NOT APPLICABLE,True,VEHICLE PASSING OR ATTEMPTING TO PASS ON LEFT,"250,000 POP AND OVER",NO,0638,0.854,US & STATE HIGHWAYS,"CURVE, HILLCREST",MINOR ARTERIAL,ON ROADWAY,"4 OR MORE LANES, UNDIVIDED",False,60,SH0361,DRY,CENTER STRIPE/DIVIDER,CLEAR
18518435,15893,True,15893,2023,PORT ARANSAS,FAULTY EVASIVE ACTION; TURNED IMPROPERLY - WRONG LANE,226303,12.309,2021-10-06,0,10,0,0,N - NOT INJURED,0,1926,0,2021,WEDNESDAY,20.028,0,MOTOR VEHICLE IN TRANSPORT,BOULEVARD,19:00 - 19:59,,UNKNOWN,INTERSECTION,27.80023402,"DARK, NOT LIGHTED",YES,-97.08764014,SAME DIRECTION - ONE STRAIGHT-ONE LEFT TURN,CURBED,THREE ENTERING ROADS - T,4,NOT APPLICABLE,True,NOT APPLICABLE,"2,500 - 4,999 POP",NO,0624,0.278,US & STATE HIGHWAYS,"STRAIGHT, LEVEL",MINOR ARTERIAL,ON ROADWAY,"4 OR MORE LANES, DIVIDED",True,55,SH0361,DRY,NONE,CLEAR
18527018,10439,False,10439,2023,CORPUS CHRISTI,FAILED TO CONTROL SPEED,226303,23.747,2021-10-12,0,10,0,0,N - NOT INJURED,0,1709,0,2021,TUESDAY,31.466,0,MOTOR VEHICLE IN TRANSPORT,TWO-WAY,17:00 - 17:59,,N/A,NON INTERSECTION,27.65907658,DAYLIGHT,YES,-97.18580497,SAME DIRECTION - BOTH GOING STRAIGHT-REAR END,NO MEDIAN,NOT APPLICABLE,5,NOT APPLICABLE,True,SLOWING/STOPPING-FOR OBJECT IN ROAD,"250,000 POP AND OVER",NO,0636,-0.217,US & STATE HIGHWAYS,"STRAIGHT, GRADE",MINOR ARTERIAL,ON ROADWAY,"4 OR MORE LANES, UNDIVIDED",False,55,SH0361,DRY,CENTER STRIPE/DIVIDER,CLEAR
18562676,12050,False,12050,2023,CORPUS CHRISTI,FAILED TO YIELD RIGHT OF WAY - PRIVATE DRIVE,226303,16.972,2021-10-31,0,10,0,1,C - POSSIBLE INJURY,0,1611,1,2021,SUNDAY,24.691,0,MOTOR VEHICLE IN TRANSPORT,TWO-WAY,16:00 - 16:59,,N/A,DRIVEWAY ACCESS,27.7434901,DAYLIGHT,YES,-97.12901447,ANGLE - BOTH GOING STRAIGHT,NO MEDIAN,NOT APPLICABLE,5,NOT APPLICABLE,True,ONE VEHICLE LEAVING DRIVEWAY,"250,000 POP AND OVER",NO,0628,0.99,US & STATE HIGHWAYS,"STRAIGHT, LEVEL",MINOR ARTERIAL,ON ROADWAY,"4 OR MORE LANES, UNDIVIDED",False,60,SH0361,DRY,MARKED LANES,CLEAR
18564191,10439,True,10439,2023,CORPUS CHRISTI,FAILED TO YIELD RIGHT OF WAY - TURNING LEFT,226303,27.498,2021-11-01,0,11,0,1,C - POSSIBLE INJURY,0,0645,1,2021,MONDAY,35.217,0,MOTOR VEHICLE IN TRANSPORT,TWO-WAY,06:00 - 06:59,0022,PR0022,INTERSECTION,27.6178894,"DARK, LIGHTED",YES,-97.22177124,OPPOSITE DIRECTION - ONE STRAIGHT-ONE LEFT TURN,NO MEDIAN,FOUR ENTERING ROADS,5,NOT APPLICABLE,True,NOT APPLICABLE,"250,000 POP AND OVER",NO,0638,1.535,US & STATE HIGHWAYS,"STRAIGHT, LEVEL",MINOR ARTERIAL,ON ROADWAY,"4 OR MORE LANES, UNDIVIDED",False,55,SH0361,DRY,SIGNAL LIGHT,CLEAR
18590671,10439,False,10439,2023,CORPUS CHRISTI,BACKED WITHOUT SAFETY,226303,25.665,2021-11-14,0,11,0,0,N - NOT INJURED,0,1339,0,2021,SUNDAY,33.384,0,MOTOR VEHICLE IN TRANSPORT,TWO-WAY,13:00 - 13:59,,N/A,NON INTERSECTION,27.63517163,DAYLIGHT,YES,-97.20186791,ANGLE - ONE STRAIGHT-ONE BACKING,NO MEDIAN,NOT APPLICABLE,5,NOT APPLICABLE,True,CRASH OCCURRED ON A BEACH,"250,000 POP AND OVER",NO,0638,-0.298,OTHER ROADS,"STRAIGHT, LEVEL",MINOR ARTERIAL,ON ROADWAY,"4 OR MORE LANES, UNDIVIDED",False,15,SH0361,"SAND, MUD, DIRT",NONE,CLEAR
18629335,10439,False,10439,2023,CORPUS CHRISTI,FAILED TO DRIVE IN SINGLE LANE,226303,27.398,2021-11-25,0,11,0,0,N - NOT INJURED,0,1423,0,2021,THURSDAY,35.117,0,MOTOR VEHICLE IN TRANSPORT,TWO-WAY,14:00 - 14:59,,N/A,NON INTERSECTION,27.61786638,DAYLIGHT,YES,-97.22013958,SAME DIRECTION - BOTH GOING STRAIGHT-SIDESWIPE,NO MEDIAN,NOT APPLICABLE,5,NOT APPLICABLE,True,VEHICLE CHANGING LANES,"250,000 POP AND OVER",NO,0638,1.435,US & STATE HIGHWAYS,"STRAIGHT, LEVEL",MINOR ARTERIAL,ON ROADWAY,"4 OR MORE LANES, UNDIVIDED",False,45,SH0361,WET,MARKED LANES,RAIN
18664167,15893,False,15893,2023,PORT ARANSAS,ANIMAL ON ROAD - WILD,226303,11.876,2021-12-16,0,12,0,0,N - NOT INJURED,0,2313,0,2021,THURSDAY,19.595,0,ANIMAL,BOULEVARD,23:00 - 23:59,,N/A,NON INTERSECTION,27.80527793,"DARK, NOT LIGHTED",YES,-97.08340004,ONE MOTOR VEHICLE - GOING STRAIGHT,CURBED,NOT APPLICABLE,4,NOT APPLICABLE,True,NOT APPLICABLE,"2,500 - 4,999 POP",NO,0624,-0.155,US & STATE HIGHWAYS,"STRAIGHT, LEVEL",MINOR ARTERIAL,ON ROADWAY,"4 OR MORE LANES, DIVIDED",True,60,SH0361,DRY,NONE,CLEAR
18664610,10439,False,10439,2023,CORPUS CHRISTI,FAILED TO CONTROL SPEED; FAILED TO DRIVE IN SINGLE LANE,226303,25.926,2021-12-18,0,12,0,0,N - NOT INJURED,0,2324,0,2021,SATURDAY,33.645,0,PARKED CAR,TWO-WAY,23:00 - 23:59,,N/A,NON INTERSECTION,27.63192401,"DARK, NOT LIGHTED",YES,-97.20406844,ONE MOTOR VEHICLE - GOING STRAIGHT,NO MEDIAN,NOT APPLICABLE,5,NOT APPLICABLE,True,"LOST CONTROL OR SKIDDED (ICY OR SLICK ROAD, ETC.)","250,000 POP AND OVER",NO,0638,-0.037,CITY STREET,OTHER (EXPLAIN IN NARRATIVE),MINOR ARTERIAL,ON ROADWAY,"4 OR MORE LANES, UNDIVIDED",False,15,SH0361,"SAND, MUD, DIRT",NONE,CLEAR
18681179,15893,True,15893,2023,PORT ARANSAS,FAILED TO YIELD RIGHT OF WAY - TURNING LEFT;TURNED WHEN UNSAFE,226303,12.309,2022-01-04,0,1,0,0,N - NOT INJURED,0,0852,0,2022,TUESDAY,20.028,0,MOTOR VEHICLE IN TRANSPORT,BOULEVARD,08:00 - 08:59,,MUSTANG BLVD,INTERSECTION,27.80023347,DAYLIGHT,YES,-97.08764061,ANGLE - ONE STRAIGHT-ONE LEFT TURN,CURBED,THREE ENTERING ROADS - T,4,NOT APPLICABLE,True,NOT APPLICABLE,"2,500 - 4,999 POP",NO,0624,0.278,US & STATE HIGHWAYS,"STRAIGHT, LEVEL",MINOR ARTERIAL,ON ROADWAY,"4 OR MORE LANES, DIVIDED",True,45,SH0361,DRY,STOP SIGN,CLEAR
18698686,10439,True,10439,2023,CORPUS CHRISTI,FAILED TO YIELD RIGHT OF WAY - STOP SIGN;UNDER INFLUENCE - ALCOHOL,226303,25.682,2022-01-13,0,1,1,0,B - SUSPECTED MINOR INJURY,0,1828,1,2022,THURSDAY,33.401,0,MOTOR VEHICLE IN TRANSPORT,TWO-WAY,18:00 - 18:59,0022,PR0022,INTERSECTION,27.63496101,"DARK, LIGHTED",YES,-97.2020111,ANGLE - ONE STRAIGHT-ONE LEFT TURN,NO MEDIAN,THREE ENTERING ROADS - T,5,NOT APPLICABLE,True,NOT APPLICABLE,"250,000 POP AND OVER",NO,0638,-0.281,US & STATE HIGHWAYS,"STRAIGHT, LEVEL",MINOR ARTERIAL,ON ROADWAY,"4 OR MORE LANES, UNDIVIDED",False,60,SH0361,DRY,STOP SIGN,CLEAR
18750138,10439,False,10439,2023,CORPUS CHRISTI,CHANGED LANE WHEN UNSAFE,226303,27.22,2022-01-19,0,1,0,0,N - NOT INJURED,0,0743,0,2022,WEDNESDAY,34.939,0,MOTOR VEHICLE IN TRANSPORT,TWO-WAY,07:00 - 07:59,,N/A,NON INTERSECTION,27.61802259,DAYLIGHT,YES,-97.21724492,SAME DIRECTION - BOTH GOING STRAIGHT-SIDESWIPE,NO MEDIAN,NOT APPLICABLE,5,NOT APPLICABLE,True,VEHICLE CHANGING LANES,"250,000 POP AND OVER",NO,0638,1.257,US & STATE HIGHWAYS,"STRAIGHT, GRADE",MINOR ARTERIAL,ON ROADWAY,"4 OR MORE LANES, UNDIVIDED",False,55,SH0361,DRY,CENTER STRIPE/DIVIDER,CLOUDY
18738406,12050,True,12050,2023,CORPUS CHRISTI,FAILED TO CONTROL SPEED,226303,19.216,2022-01-25,0,1,0,0,N - NOT INJURED,0,1658,0,2022,TUESDAY,26.935,0,MOTOR VEHICLE IN TRANSPORT,TWO-WAY,16:00 - 16:59,,SEA WAY DR,INTERSECTION RELATED,27.71554329,DAYLIGHT,YES,-97.14784458,SAME DIRECTION - BOTH GOING STRAIGHT-REAR END,NO MEDIAN,THREE ENTERING ROADS - T,5,NOT APPLICABLE,True,SLOWING/STOPPING-TO MAKE RIGHT TURN,"250,000 POP AND OVER",NO,0632,-0.748,US & STATE HIGHWAYS,"STRAIGHT, LEVEL",MINOR ARTERIAL,ON ROADWAY,"4 OR MORE LANES, UNDIVIDED",False,65,SH0361,DRY,MARKED LANES,CLOUDY
18723619,12050,False,12050,2023,CORPUS CHRISTI,DRIVER INATTENTION,226303,16.152,2022-01-26,0,1,0,0,N - NOT INJURED,0,0010,0,2022,WEDNESDAY,23.871,0,OTHER OBJECT,TWO-WAY,00:00 - 00:59,,N/A,NON INTERSECTION,27.75370369,"DARK, NOT LIGHTED",YES,-97.12214913,ONE MOTOR VEHICLE - GOING STRAIGHT,NO MEDIAN,NOT APPLICABLE,5,OTHER,True,ATTENTION DIVERTED FROM DRIVING,"250,000 POP AND OVER",NO,0628,0.17,US & STATE HIGHWAYS,"STRAIGHT, LEVEL",MINOR ARTERIAL,SHOULDER,"4 OR MORE LANES, UNDIVIDED",False,60,SH0361,DRY,CENTER STRIPE/DIVIDER,CLEAR
18748405,12050,False,12050,2023,CORPUS CHRISTI,FAULTY EVASIVE ACTION,226303,16.57,2022-02-14,0,2,0,0,N - NOT INJURED,0,1013,0,2022,MONDAY,24.289,0,FIXED OBJECT,TWO-WAY,10:00 - 10:59,,N/A,NON INTERSECTION,27.74849889,DAYLIGHT,YES,-97.12565643,ONE MOTOR VEHICLE - GOING STRAIGHT,NO MEDIAN,NOT APPLICABLE,5,HIT GUARDRAIL,True,NOT APPLICABLE,"250,000 POP AND OVER",NO,0628,0.588,US & STATE HIGHWAYS,"STRAIGHT, LEVEL",MINOR ARTERIAL,OFF ROADWAY,"4 OR MORE LANES, UNDIVIDED",False,60,SH0361,DRY,MARKED LANES,CLEAR
18759003,10439,True,10439,2023,CORPUS CHRISTI,FAILED TO YIELD RIGHT OF WAY - STOP SIGN;UNDER INFLUENCE - DRUG,226303,26.723,2022-02-14,0,2,0,0,N - NOT INJURED,0,0424,0,2022,MONDAY,34.442,0,MOTOR VEHICLE IN TRANSPORT,TWO-WAY,04:00 - 04:59,0022,PR0022,INTERSECTION,27.62201986,"DARK, LIGHTED",YES,-97.21077788,ANGLE - ONE STRAIGHT-ONE BACKING,NO MEDIAN,THREE ENTERING ROADS - T,5,OVERTURNED,True,NOT APPLICABLE,"250,000 POP AND OVER",NO,0638,0.76,US & STATE HIGHWAYS,"STRAIGHT, LEVEL",MINOR ARTERIAL,ON ROADWAY,"4 OR MORE LANES, UNDIVIDED",False,55,SH0361,DRY,STOP SIGN,CLEAR
18820005,12050,False,12050,2023,CORPUS CHRISTI,FAILED TO DRIVE IN SINGLE LANE,226303,14.415,2022-03-05,0,3,0,0,N - NOT INJURED,0,1823,0,2022,SATURDAY,22.134,0,OVERTURNED,TWO-WAY,18:00 - 18:59,,N/A,NON INTERSECTION,27.77533577,DAYLIGHT,YES,-97.10753182,ONE MOTOR VEHICLE - GOING STRAIGHT,NO MEDIAN,NOT APPLICABLE,5,OVERTURNED,True,NOT APPLICABLE,"250,000 POP AND OVER",NO,0626,0.422,US & STATE HIGHWAYS,"STRAIGHT, LEVEL",MINOR ARTERIAL,OFF ROADWAY,"4 OR MORE LANES, UNDIVIDED",False,60,SH0361,DRY,MARKED LANES,CLEAR
18808403,10439,False,10439,2023,CORPUS CHRISTI,FAILED TO CONTROL SPEED,226303,22.498,2022-03-11,0,3,0,0,N - NOT INJURED,0,1240,0,2022,FRIDAY,30.217,0,OTHER NON COLLISION,TWO-WAY,12:00 - 12:59,,N/A,NON INTERSECTION,27.67464092,DAYLIGHT,YES,-97.1753381,ONE MOTOR VEHICLE - TURNING LEFT,NO MEDIAN,NOT APPLICABLE,5,NOT APPLICABLE,True,NOT APPLICABLE,"250,000 POP AND OVER",NO,0634,0.534,US & STATE HIGHWAYS,"STRAIGHT, LEVEL",MINOR ARTERIAL,OFF ROADWAY,"4 OR MORE LANES, UNDIVIDED",False,60,SH0361,WET,MARKED LANES,CLOUDY
18804035,15893,True,15893,2023,PORT ARANSAS,DRIVER INATTENTION; FAILED TO CONTROL SPEED,226303,11.782,2022-03-17,0,3,0,0,N - NOT INJURED,0,1914,0,2022,THURSDAY,19.501,0,MOTOR VEHICLE IN TRANSPORT,BOULEVARD,19:00 - 19:59,,N/A,NON INTERSECTION,27.80637738,DAYLIGHT,YES,-97.0824751,SAME DIRECTION - ONE STRAIGHT-ONE STOPPED,CURBED,THREE ENTERING ROADS - T,4,NOT APPLICABLE,True,SLOWING/STOPPING-FOR TRAFFIC,"2,500 - 4,999 POP",NO,0624,-0.249,US & STATE HIGHWAYS,"STRAIGHT, LEVEL",MINOR ARTERIAL,ON ROADWAY,"4 OR MORE LANES, DIVIDED",True,60,SH0361,DRY,OTHER (EXPLAIN IN NARRATIVE),CLEAR
18803804,10439,False,10439,2023,CORPUS CHRISTI,UNSAFE SPEED,226303,27.46,2022-03-18,0,3,0,0,N - NOT INJURED,0,1652,0,2022,FRIDAY,35.179,0,MOTOR VEHICLE IN TRANSPORT,TWO-WAY,16:00 - 16:59,,N/A,NON INTERSECTION,27.61788081,DAYLIGHT,YES,-97.22115549,SAME DIRECTION - BOTH GOING STRAIGHT-REAR END,NO MEDIAN,NOT APPLICABLE,5,NOT APPLICABLE,True,SLOWING/STOPPING-FOR TRAFFIC,"250,000 POP AND OVER",NO,0638,1.497,US & STATE HIGHWAYS,"STRAIGHT, GRADE",MINOR ARTERIAL,ON ROADWAY,"4 OR MORE LANES, UNDIVIDED",False,55,SH0361,DRY,MARKED LANES,CLEAR
18810567,15893,True,15893,2023,PORT ARANSAS,FAILED TO YIELD RIGHT OF WAY - TURNING LEFT,226303,11.782,2022-03-19,0,3,1,0,A - SUSPECTED SERIOUS INJURY,2,2119,3,2022,SATURDAY,19.501,0,MOTOR VEHICLE IN TRANSPORT,BOULEVARD,21:00 - 21:59,,PIPER BLVD,INTERSECTION,27.80637738,"DARK, LIGHTED",YES,-97.0824751,OPPOSITE DIRECTION - ONE STRAIGHT-ONE LEFT TURN,CURBED,THREE ENTERING ROADS - T,4,NOT APPLICABLE,True,NOT APPLICABLE,"2,500 - 4,999 POP",NO,0624,-0.249,US & STATE HIGHWAYS,"STRAIGHT, LEVEL",MINOR ARTERIAL,ON ROADWAY,"4 OR MORE LANES, DIVIDED",True,55,SH0361,DRY,FLASHING YELLOW LIGHT,CLEAR
18826141,12050,False,12050,2023,CORPUS CHRISTI,FAILED TO CONTROL SPEED; FATIGUED OR ASLEEP,226303,19.384,2022-03-25,0,3,1,2,B - SUSPECTED MINOR INJURY,0,1438,3,2022,FRIDAY,27.103,0,FIXED OBJECT,TWO-WAY,14:00 - 14:59,,N/A,NON INTERSECTION,27.71344216,DAYLIGHT,YES,-97.14926171,ONE MOTOR VEHICLE - GOING STRAIGHT,NO MEDIAN,NOT APPLICABLE,5,DITCH,True,SWERVED OR VEERED-REASON NOT SPECIFIED,"250,000 POP AND OVER",NO,0632,-0.58,US & STATE HIGHWAYS,"STRAIGHT, LEVEL",MINOR ARTERIAL,OFF ROADWAY,"4 OR MORE LANES, UNDIVIDED",False,60,SH0361,DRY,MARKED LANES,CLEAR
18828785,12050,False,12050,2023,CORPUS CHRISTI,ANIMAL ON ROAD - WILD,226303,18.072,2022-03-26,0,3,0,0,N - NOT INJURED,0,2318,0,2022,SATURDAY,25.791,0,ANIMAL,TWO-WAY,23:00 - 23:59,,N/A,NON INTERSECTION,27.72978106,"DARK, NOT LIGHTED",YES,-97.13825323,ONE MOTOR VEHICLE - GOING STRAIGHT,NO MEDIAN,NOT APPLICABLE,5,NOT APPLICABLE,True,NOT APPLICABLE,"250,000 POP AND OVER",NO,0630,0.059,US & STATE HIGHWAYS,"STRAIGHT, LEVEL",MINOR ARTERIAL,ON ROADWAY,"4 OR MORE LANES, UNDIVIDED",False,55,SH0361,DRY,MARKED LANES,CLEAR
18836492,10439,False,10439,2023,CORPUS CHRISTI,FAILED TO DRIVE IN SINGLE LANE,226303,22.339,2022-03-30,0,3,0,2,C - POSSIBLE INJURY,0,1629,2,2022,WEDNESDAY,30.058,0,MOTOR VEHICLE IN TRANSPORT,TWO-WAY,16:00 - 16:59,,N/A,NON INTERSECTION,27.67662078,DAYLIGHT,YES,-97.17401609,OPPOSITE DIRECTION - BOTH GOING STRAIGHT,NO MEDIAN,NOT APPLICABLE,5,NOT APPLICABLE,True,NOT APPLICABLE,"250,000 POP AND OVER",NO,0634,0.375,US & STATE HIGHWAYS,"STRAIGHT, LEVEL",MINOR ARTERIAL,ON ROADWAY,"4 OR MORE LANES, UNDIVIDED",False,60,SH0361,DRY,MARKED LANES,CLEAR
18835210,15893,True,15893,2023,PORT ARANSAS,DRIVER INATTENTION,226303,12.038,2022-04-04,0,4,0,0,N - NOT INJURED,0,0920,0,2022,MONDAY,19.757,0,MOTOR VEHICLE IN TRANSPORT,BOULEVARD,09:00 - 09:59,,PALMILLA WAY,INTERSECTION,27.80338938,DAYLIGHT,YES,-97.08498763,SAME DIRECTION - ONE STRAIGHT-ONE RIGHT TURN,CURBED,FOUR ENTERING ROADS,4,NOT APPLICABLE,True,ATTENTION DIVERTED FROM DRIVING,"2,500 - 4,999 POP",NO,0624,0.007,US & STATE HIGHWAYS,"STRAIGHT, LEVEL",MINOR ARTERIAL,ON ROADWAY,"4 OR MORE LANES, DIVIDED",True,55,SH0361,DRY,CENTER STRIPE/DIVIDER,CLOUDY
18856213,10439,False,10439,2023,CORPUS CHRISTI,PASSED ON RIGHT SHOULDER,226303,25.731,2022-04-09,0,4,0,0,N - NOT INJURED,0,1910,0,2022,SATURDAY,33.45,0,MOTOR VEHICLE IN TRANSPORT,TWO-WAY,19:00 - 19:59,,N/A,NON INTERSECTION,27.63435403,DAYLIGHT,YES,-97.20242374,SAME DIRECTION - BOTH GOING STRAIGHT-SIDESWIPE,NO MEDIAN,NOT APPLICABLE,5,NOT APPLICABLE,True,VEHICLE PASSING OR ATTEMPTING TO PASS ON RIGHT,"250,000 POP AND OVER",NO,0638,-0.232,US & STATE HIGHWAYS,"STRAIGHT, LEVEL",MINOR ARTERIAL,ON ROADWAY,"4 OR MORE LANES, UNDIVIDED",False,60,SH0361,DRY,MARKED LANES,CLEAR
18947263,10439,True,10439,2023,CORPUS CHRISTI,DISREGARD STOP SIGN OR LIGHT,226303,26.723,2022-05-07,0,5,0,8,C - POSSIBLE INJURY,0,0037,8,2022,SATURDAY,34.442,0,MOTOR VEHICLE IN TRANSPORT,TWO-WAY,00:00 - 00:59,,ZAHN RD,INTERSECTION,27.62201986,"DARK, LIGHTED",YES,-97.21077788,ANGLE - ONE STRAIGHT-ONE LEFT TURN,NO MEDIAN,THREE ENTERING ROADS - T,5,NOT APPLICABLE,True,NOT APPLICABLE,"250,000 POP AND OVER",NO,0638,0.76,US & STATE HIGHWAYS,"STRAIGHT, LEVEL",MINOR ARTERIAL,ON ROADWAY,"4 OR MORE LANES, UNDIVIDED",False,55,SH0361,DRY,STOP SIGN,CLEAR
18896872,10439,False,10439,2023,CORPUS CHRISTI,FAILED TO YIELD RIGHT OF WAY - PRIVATE DRIVE,226303,27.479,2022-05-08,0,5,0,0,N - NOT INJURED,0,1129,0,2022,SUNDAY,35.198,0,MOTOR VEHICLE IN TRANSPORT,TWO-WAY,11:00 - 11:59,,N/A,DRIVEWAY ACCESS,27.61788517,DAYLIGHT,YES,-97.22146329,ANGLE - ONE STRAIGHT-ONE LEFT TURN,NO MEDIAN,NOT APPLICABLE,5,NOT APPLICABLE,True,ONE VEHICLE LEAVING DRIVEWAY,"250,000 POP AND OVER",NO,0638,1.516,US & STATE HIGHWAYS,"STRAIGHT, LEVEL",MINOR ARTERIAL,ON ROADWAY,"4 OR MORE LANES, UNDIVIDED",False,55,SH0361,DRY,CENTER STRIPE/DIVIDER,CLEAR
18930562,10439,True,10439,2023,CORPUS CHRISTI,FAILED TO YIELD RIGHT OF WAY - STOP SIGN,226303,26.723,2022-05-21,0,5,0,0,N - NOT INJURED,0,1647,0,2022,SATURDAY,34.442,0,MOTOR VEHICLE IN TRANSPORT,TWO-WAY,16:00 - 16:59,,ZAHN RD,INTERSECTION,27.62201986,DAYLIGHT,YES,-97.21077788,ANGLE - ONE STRAIGHT-ONE LEFT TURN,NO MEDIAN,THREE ENTERING ROADS - T,5,NOT APPLICABLE,True,NOT APPLICABLE,"250,000 POP AND OVER",NO,0638,0.76,US & STATE HIGHWAYS,"STRAIGHT, LEVEL",MINOR ARTERIAL,ON ROADWAY,"4 OR MORE LANES, UNDIVIDED",False,55,SH0361,DRY,STOP SIGN,CLEAR
18925130,10439,False,10439,2023,CORPUS CHRISTI,FAILED TO CONTROL SPEED,226303,22.55,2022-05-22,0,5,0,0,N - NOT INJURED,0,1249,0,2022,SUNDAY,30.269,0,MOTOR VEHICLE IN TRANSPORT,TWO-WAY,12:00 - 12:59,,N/A,NON INTERSECTION,27.67399068,DAYLIGHT,YES,-97.17577252,SAME DIRECTION - BOTH GOING STRAIGHT-REAR END,NO MEDIAN,NOT APPLICABLE,5,NOT APPLICABLE,True,SLOWING/STOPPING-FOR TRAFFIC,"250,000 POP AND OVER",NO,0634,0.586,US & STATE HIGHWAYS,"STRAIGHT, LEVEL",MINOR ARTERIAL,ON ROADWAY,"4 OR MORE LANES, UNDIVIDED",False,65,SH0361,DRY,MARKED LANES,CLOUDY
18930857,12050,False,12050,2023,CORPUS CHRISTI,FAILED TO DRIVE IN SINGLE LANE; FATIGUED OR ASLEEP; UNDER INFLUENCE - DRUG,226303,15.272,2022-05-25,0,5,1,0,B - SUSPECTED MINOR INJURY,0,0743,1,2022,WEDNESDAY,22.991,0,MOTOR VEHICLE IN TRANSPORT,TWO-WAY,07:00 - 07:59,,N/A,NON INTERSECTION,27.76466462,DAYLIGHT,YES,-97.11474257,OPPOSITE DIRECTION - BOTH GOING STRAIGHT,NO MEDIAN,NOT APPLICABLE,5,NOT APPLICABLE,True,NOT APPLICABLE,"250,000 POP AND OVER",NO,0628,-0.71,US & STATE HIGHWAYS,"STRAIGHT, LEVEL",MINOR ARTERIAL,ON ROADWAY,"4 OR MORE LANES, UNDIVIDED",False,60,SH0361,DRY,MARKED LANES,CLEAR
18951105,12050,False,12050,2023,CORPUS CHRISTI,DRIVER INATTENTION; FAILED TO CONTROL SPEED; FOLLOWED TOO CLOSELY,226303,16.435,2022-06-01,0,6,0,0,N - NOT INJURED,0,0845,0,2022,WEDNESDAY,24.154,0,MOTOR VEHICLE IN TRANSPORT,TWO-WAY,08:00 - 08:59,,N/A,NON INTERSECTION,27.75018442,DAYLIGHT,YES,-97.1245264,SAME DIRECTION - BOTH GOING STRAIGHT-REAR END,NO MEDIAN,THREE ENTERING ROADS - T,5,NOT APPLICABLE,True,SLOWING/STOPPING-FOR TRAFFIC,"250,000 POP AND OVER",NO,0628,0.453,US & STATE HIGHWAYS,"STRAIGHT, LEVEL",MINOR ARTERIAL,ON ROADWAY,"4 OR MORE LANES, UNDIVIDED",False,60,SH0361,DRY,NONE,CLEAR
18960392,10439,False,10439,2023,CORPUS CHRISTI,FAILED TO YIELD RIGHT OF WAY - TURN ON RED,226303,27.489,2022-06-08,0,6,0,0,N - NOT INJURED,0,1747,0,2022,WEDNESDAY,35.208,0,MOTOR VEHICLE IN TRANSPORT,TWO-WAY,17:00 - 17:59,0022,PR0022,INTERSECTION RELATED,27.61788736,DAYLIGHT,YES,-97.22161719,OPPOSITE DIRECTION - ONE RIGHT TURN-ONE LEFT TURN,NO MEDIAN,FOUR ENTERING ROADS,5,NOT APPLICABLE,True,NOT APPLICABLE,"250,000 POP AND OVER",NO,0638,1.526,US & STATE HIGHWAYS,"STRAIGHT, LEVEL",MINOR ARTERIAL,ON ROADWAY,"4 OR MORE LANES, UNDIVIDED",False,55,SH0361,DRY,SIGNAL LIGHT,CLEAR
18977767,12050,False,12050,2023,CORPUS CHRISTI,DRIVER INATTENTION; FAILED TO DRIVE IN SINGLE LANE,226303,14.844,2022-06-16,1,6,0,0,K - FATAL INJURY,1,0734,1,2022,THURSDAY,22.563,1,MOTOR VEHICLE IN TRANSPORT,TWO-WAY,07:00 - 07:59,,N/A,NON INTERSECTION,27.76998938,DAYLIGHT,YES,-97.1111445,OPPOSITE DIRECTION - BOTH GOING STRAIGHT,NO MEDIAN,NOT APPLICABLE,5,NOT APPLICABLE,True,NOT APPLICABLE,"250,000 POP AND OVER",NO,0626,0.851,US & STATE HIGHWAYS,"STRAIGHT, LEVEL",MINOR ARTERIAL,ON ROADWAY,"4 OR MORE LANES, UNDIVIDED",False,60,SH0361,DRY,CENTER STRIPE/DIVIDER,CLEAR
18996076,10439,False,10439,2023,CORPUS CHRISTI,FAILED TO YIELD RIGHT OF WAY - PRIVATE DRIVE,226303,27.479,2022-06-26,0,6,0,0,N - NOT INJURED,0,1015,0,2022,SUNDAY,35.198,0,MOTOR VEHICLE IN TRANSPORT,TWO-WAY,10:00 - 10:59,,N/A,DRIVEWAY ACCESS,27.61788517,DAYLIGHT,YES,-97.22146329,ANGLE - BOTH GOING STRAIGHT,NO MEDIAN,NOT APPLICABLE,5,NOT APPLICABLE,True,ONE VEHICLE LEAVING DRIVEWAY,"250,000 POP AND OVER",NO,0638,1.516,US & STATE HIGHWAYS,"STRAIGHT, LEVEL",MINOR ARTERIAL,ON ROADWAY,"4 OR MORE LANES, UNDIVIDED",False,45,SH0361,DRY,MARKED LANES,CLEAR
19019123,10439,True,10439,2023,CORPUS CHRISTI,FAILED TO CONTROL SPEED,226303,27.498,2022-07-20,0,7,0,0,N - NOT INJURED,0,0801,0,2022,WEDNESDAY,35.217,0,MOTOR VEHICLE IN TRANSPORT,TWO-WAY,08:00 - 08:59,0022,PR0022,INTERSECTION,27.6178894,DAYLIGHT,YES,-97.22177124,SAME DIRECTION - BOTH GOING STRAIGHT-REAR END,NO MEDIAN,FOUR ENTERING ROADS,5,NOT APPLICABLE,True,SLOWING/STOPPING-FOR TRAFFIC,"250,000 POP AND OVER",NO,0638,1.535,US & STATE HIGHWAYS,"STRAIGHT, LEVEL",MINOR ARTERIAL,ON ROADWAY,"4 OR MORE LANES, UNDIVIDED",False,55,SH0361,DRY,SIGNAL LIGHT,CLEAR
19031708,15893,True,15893,2023,PORT ARANSAS,DISREGARD STOP AND GO SIGNAL,226303,11.782,2022-07-27,0,7,0,0,N - NOT INJURED,0,1534,0,2022,WEDNESDAY,19.501,0,MOTOR VEHICLE IN TRANSPORT,BOULEVARD,15:00 - 15:59,,ACCESS ROAD 1 A,INTERSECTION,27.80637738,DAYLIGHT,YES,-97.0824751,ANGLE - ONE STRAIGHT-ONE LEFT TURN,CURBED,FOUR ENTERING ROADS,4,NOT APPLICABLE,True,NOT APPLICABLE,"2,500 - 4,999 POP",NO,0624,-0.249,US & STATE HIGHWAYS,"STRAIGHT, LEVEL",MINOR ARTERIAL,ON ROADWAY,"4 OR MORE LANES, DIVIDED",True,45,SH0361,DRY,SIGNAL LIGHT,CLEAR
19075579,10439,False,10439,2023,CORPUS CHRISTI,UNDER INFLUENCE - ALCOHOL; WRONG SIDE - NOT PASSING,226303,20.115,2022-08-13,2,8,1,0,K - FATAL INJURY,0,2356,1,2022,SATURDAY,27.834,1,MOTOR VEHICLE IN TRANSPORT,TWO-WAY,23:00 - 23:59,,N/A,NON INTERSECTION,27.7043407,"DARK, NOT LIGHTED",YES,-97.1553801,OPPOSITE DIRECTION - BOTH GOING STRAIGHT,NO MEDIAN,NOT APPLICABLE,5,HIT UTILITY POLE,True,SWERVED OR VEERED-REASON NOT SPECIFIED,"250,000 POP AND OVER",NO,0632,0.151,US & STATE HIGHWAYS,"STRAIGHT, LEVEL",MINOR ARTERIAL,ON ROADWAY,"4 OR MORE LANES, UNDIVIDED",False,60,SH0361,DRY,MARKED LANES,CLEAR
19101670,10439,False,10439,2023,CORPUS CHRISTI,FAILED TO CONTROL SPEED,226303,20.255,2022-08-14,0,8,1,0,B - SUSPECTED MINOR INJURY,0,1217,1,2022,SUNDAY,27.974,0,MOTOR VEHICLE IN TRANSPORT,TWO-WAY,12:00 - 12:59,,N/A,NON INTERSECTION,27.70257769,DAYLIGHT,YES,-97.15654624,SAME DIRECTION - ONE STRAIGHT-ONE STOPPED,NO MEDIAN,NOT APPLICABLE,5,NOT APPLICABLE,True,SLOWING/STOPPING-FOR TRAFFIC,"250,000 POP AND OVER",NO,0632,0.291,US & STATE HIGHWAYS,"STRAIGHT, LEVEL",MINOR ARTERIAL,ON ROADWAY,"4 OR MORE LANES, UNDIVIDED",False,65,SH0361,WET,CENTER STRIPE/DIVIDER,RAIN
19075435,10439,True,10439,2023,CORPUS CHRISTI,FAILED TO YIELD RIGHT OF WAY - STOP SIGN,226303,26.723,2022-08-20,0,8,0,2,C - POSSIBLE INJURY,0,1929,2,2022,SATURDAY,34.442,0,MOTOR VEHICLE IN TRANSPORT,TWO-WAY,19:00 - 19:59,,ZAHN RD,INTERSECTION,27.62201986,DAYLIGHT,YES,-97.21077788,ANGLE - ONE STRAIGHT-ONE LEFT TURN,NO MEDIAN,THREE ENTERING ROADS - T,5,NOT APPLICABLE,True,NOT APPLICABLE,"250,000 POP AND OVER",NO,0638,0.76,US & STATE HIGHWAYS,"STRAIGHT, LEVEL",MINOR ARTERIAL,ON ROADWAY,"4 OR MORE LANES, UNDIVIDED",False,55,SH0361,DRY,STOP SIGN,CLEAR
19121151,10439,False,10439,2023,CORPUS CHRISTI,FAILED TO CONTROL SPEED,226303,26.836,2022-08-27,0,8,0,0,99 - UNKNOWN,0,0711,0,2022,SATURDAY,34.555,0,FIXED OBJECT,TWO-WAY,07:00 - 07:59,,N/A,NON INTERSECTION,27.62071413,DAYLIGHT,YES,-97.21189669,ONE MOTOR VEHICLE - GOING STRAIGHT,NO MEDIAN,NOT APPLICABLE,5,HIT LUMINAIRE POLE,True,NOT APPLICABLE,"250,000 POP AND OVER",NO,0638,0.873,US & STATE HIGHWAYS,"CURVE, LEVEL",MINOR ARTERIAL,OFF ROADWAY,"4 OR MORE LANES, UNDIVIDED",False,15,SH0361,DRY,CENTER STRIPE/DIVIDER,CLEAR
19086461,15893,True,15893,2023,PORT ARANSAS,FAILED TO YIELD RIGHT OF WAY - TURNING LEFT,226303,11.782,2022-08-28,0,8,3,0,A - SUSPECTED SERIOUS INJURY,1,1727,4,2022,SUNDAY,19.501,0,MOTOR VEHICLE IN TRANSPORT,BOULEVARD,17:00 - 17:59,,UNKNOWN,INTERSECTION,27.80637677,DAYLIGHT,YES,-97.08247565,OPPOSITE DIRECTION - ONE STRAIGHT-ONE LEFT TURN,CURBED,FOUR ENTERING ROADS,4,OVERTURNED,True,NOT APPLICABLE,"2,500 - 4,999 POP",NO,0624,-0.249,US & STATE HIGHWAYS,"STRAIGHT, LEVEL",MINOR ARTERIAL,ON ROADWAY,"4 OR MORE LANES, DIVIDED",True,55,SH0361,DRY,SIGNAL LIGHT,CLEAR
19101688,10439,True,10439,2023,CORPUS CHRISTI,DISREGARD STOP SIGN OR LIGHT,226303,27.498,2022-08-31,0,8,0,0,N - NOT INJURED,0,1929,0,2022,WEDNESDAY,35.217,0,MOTOR VEHICLE IN TRANSPORT,TWO-WAY,19:00 - 19:59,0022,PR0022,INTERSECTION,27.6178894,"DARK, LIGHTED",YES,-97.22177124,OPPOSITE DIRECTION - ONE STRAIGHT-ONE LEFT TURN,NO MEDIAN,FOUR ENTERING ROADS,5,NOT APPLICABLE,True,NOT APPLICABLE,"250,000 POP AND OVER",NO,0638,1.535,US & STATE HIGHWAYS,"STRAIGHT, LEVEL",MINOR ARTERIAL,ON ROADWAY,"4 OR MORE LANES, UNDIVIDED",False,55,SH0361,DRY,MARKED LANES,CLEAR
19096958,10439,False,10439,2023,CORPUS CHRISTI,BACKED WITHOUT SAFETY; UNDER INFLUENCE - ALCOHOL,226303,20.449,2022-09-05,0,9,0,0,N - NOT INJURED,0,1204,0,2022,MONDAY,28.168,0,MOTOR VEHICLE IN TRANSPORT,TWO-WAY,12:00 - 12:59,,N/A,NON INTERSECTION,27.70016485,DAYLIGHT,YES,-97.15817309,OPPOSITE DIRECTION - ONE STRAIGHT-ONE BACKING,NO MEDIAN,NOT APPLICABLE,5,NOT APPLICABLE,True,SLOWING/STOPPING-FOR TRAFFIC,"250,000 POP AND OVER",NO,0632,0.485,US & STATE HIGHWAYS,"STRAIGHT, LEVEL",MINOR ARTERIAL,ON ROADWAY,"4 OR MORE LANES, UNDIVIDED",False,60,SH0361,WET,MARKED LANES,CLOUDY
19113966,10439,False,10439,2023,CORPUS CHRISTI,FAILED TO DRIVE IN SINGLE LANE; FAILED TO PASS TO LEFT SAFELY,226303,24.541,2022-09-07,0,9,0,0,N - NOT INJURED,0,1758,0,2022,WEDNESDAY,32.26,0,MOTOR VEHICLE IN TRANSPORT,TWO-WAY,17:00 - 17:59,,N/A,NON INTERSECTION,27.64917717,DAYLIGHT,YES,-97.19245626,SAME DIRECTION - BOTH GOING STRAIGHT-SIDESWIPE,NO MEDIAN,NOT APPLICABLE,5,NOT APPLICABLE,True,VEHICLE PASSING OR ATTEMPTING TO PASS ON LEFT,"250,000 POP AND OVER",NO,0636,0.577,US & STATE HIGHWAYS,"STRAIGHT, LEVEL",MINOR ARTERIAL,ON ROADWAY,"4 OR MORE LANES, UNDIVIDED",False,60,SH0361,DRY,MARKED LANES,CLEAR
19107092,12050,True,12050,2023,CORPUS CHRISTI,FAILED TO YIELD RIGHT OF WAY - TURNING LEFT,226303,17.571,2022-09-10,0,9,0,2,A - SUSPECTED SERIOUS INJURY,1,1606,3,2022,SATURDAY,25.29,0,MOTOR VEHICLE IN TRANSPORT,TWO-WAY,16:00 - 16:59,,N/A,DRIVEWAY ACCESS,27.7360313,DAYLIGHT,YES,-97.13403683,OPPOSITE DIRECTION - ONE STRAIGHT-ONE LEFT TURN,NO MEDIAN,THREE ENTERING ROADS - T,5,NOT APPLICABLE,True,ONE VEHICLE ENTERING DRIVEWAY,"250,000 POP AND OVER",NO,0630,-0.442,US & STATE HIGHWAYS,"STRAIGHT, LEVEL",MINOR ARTERIAL,ON ROADWAY,"4 OR MORE LANES, UNDIVIDED",False,60,SH0361,DRY,MARKED LANES,CLEAR
19161549,10439,False,10439,2023,CORPUS CHRISTI,ILL (EXPLAIN IN NARRATIVE),226303,24.69,2022-10-03,0,10,1,0,B - SUSPECTED MINOR INJURY,0,0854,1,2022,MONDAY,32.409,0,FIXED OBJECT,TWO-WAY,08:00 - 08:59,,N/A,NON INTERSECTION,27.64731117,DAYLIGHT,YES,-97.19368782,ONE MOTOR VEHICLE - GOING STRAIGHT,NO MEDIAN,NOT APPLICABLE,5,HIT CULVERT-HEADWALL,True,ATTENTION DIVERTED FROM DRIVING,"250,000 POP AND OVER",NO,0636,0.726,US & STATE HIGHWAYS,"STRAIGHT, LEVEL",MINOR ARTERIAL,OFF ROADWAY,"4 OR MORE LANES, UNDIVIDED",False,65,SH0361,DRY,CENTER STRIPE/DIVIDER,CLEAR
19192267,15893,False,15893,2023,PORT ARANSAS,DISTRACTION IN VEHICLE,226303,11.971,2022-10-17,0,10,0,0,N - NOT INJURED,0,1150,0,2022,MONDAY,19.69,0,MOTOR VEHICLE IN TRANSPORT,BOULEVARD,11:00 - 11:59,,N/A,NON INTERSECTION,27.80417809,DAYLIGHT,YES,-97.0843246,SAME DIRECTION - BOTH GOING STRAIGHT-REAR END,CURBED,NOT APPLICABLE,4,NOT APPLICABLE,True,ATTENTION DIVERTED FROM DRIVING,"2,500 - 4,999 POP",NO,0624,-0.06,US & STATE HIGHWAYS,"STRAIGHT, LEVEL",MINOR ARTERIAL,ON ROADWAY,"4 OR MORE LANES, DIVIDED",True,55,SH0361,WET,MARKED LANES,RAIN
19184563,15893,True,15893,2023,PORT ARANSAS,FAILED TO CONTROL SPEED;OTHER (EXPLAIN IN NARRATIVE),226303,12.309,2022-10-21,0,10,0,0,N - NOT INJURED,0,1635,0,2022,FRIDAY,20.028,0,MOTOR VEHICLE IN TRANSPORT,BOULEVARD,16:00 - 16:59,,MUSTANG BLVD,INTERSECTION,27.80023347,DAYLIGHT,YES,-97.08764061,SAME DIRECTION - BOTH GOING STRAIGHT-REAR END,CURBED,THREE ENTERING ROADS - T,4,NOT APPLICABLE,True,SLOWING/STOPPING-FOR ANIMAL IN ROAD,"2,500 - 4,999 POP",NO,0624,0.278,US & STATE HIGHWAYS,"STRAIGHT, LEVEL",MINOR ARTERIAL,ON ROADWAY,"4 OR MORE LANES, DIVIDED",True,55,SH0361,DRY,CENTER STRIPE/DIVIDER,CLEAR
19196090,15893,True,15893,2023,PORT ARANSAS,DRIVER INATTENTION,226303,11.782,2022-10-28,0,10,0,1,C - POSSIBLE INJURY,0,1347,1,2022,FRIDAY,19.501,0,MOTOR VEHICLE IN TRANSPORT,BOULEVARD,13:00 - 13:59,,UNKNOWN,INTERSECTION RELATED,27.80637738,DAYLIGHT,YES,-97.0824751,SAME DIRECTION - ONE STRAIGHT-ONE STOPPED,CURBED,FOUR ENTERING ROADS,4,NOT APPLICABLE,True,"SLOWING/STOPPING - FOR OFFICER, FLAGMAN, OR TRAFFIC CONTROL","2,500 - 4,999 POP",NO,0624,-0.249,US & STATE HIGHWAYS,"STRAIGHT, LEVEL",MINOR ARTERIAL,ON ROADWAY,"4 OR MORE LANES, DIVIDED",True,45,SH0361,DRY,SIGNAL LIGHT,CLEAR
19218144,12050,True,12050,2023,CORPUS CHRISTI,FAILED TO YIELD RIGHT OF WAY - STOP SIGN,226303,17.571,2022-11-02,0,11,3,0,B - SUSPECTED MINOR INJURY,0,1718,3,2022,WEDNESDAY,25.29,0,MOTOR VEHICLE IN TRANSPORT,TWO-WAY,17:00 - 17:59,,SEACOMBER DR,INTERSECTION,27.7360313,DAYLIGHT,YES,-97.13403683,ANGLE - ONE STRAIGHT-ONE LEFT TURN,NO MEDIAN,THREE ENTERING ROADS - T,5,NOT APPLICABLE,True,NOT APPLICABLE,"250,000 POP AND OVER",NO,0630,-0.442,US & STATE HIGHWAYS,"STRAIGHT, LEVEL",MINOR ARTERIAL,ON ROADWAY,"4 OR MORE LANES, UNDIVIDED",False,60,SH0361,DRY,STOP SIGN,CLOUDY
19218226,10439,True,10439,2023,CORPUS CHRISTI,CHANGED LANE WHEN UNSAFE,226303,25.682,2022-11-05,0,11,2,0,B - SUSPECTED MINOR INJURY,0,1940,2,2022,SATURDAY,33.401,0,MOTOR VEHICLE IN TRANSPORT,TWO-WAY,19:00 - 19:59,,NEWPORT PASS RD,INTERSECTION,27.63496101,"DARK, LIGHTED",YES,-97.2020111,SAME DIRECTION - ONE STRAIGHT-ONE LEFT TURN,NO MEDIAN,THREE ENTERING ROADS - T,5,NOT APPLICABLE,True,VEHICLE CHANGING LANES,"250,000 POP AND OVER",NO,0638,-0.281,US & STATE HIGHWAYS,"STRAIGHT, LEVEL",MINOR ARTERIAL,ON ROADWAY,"4 OR MORE LANES, UNDIVIDED",False,65,SH0361,DRY,MARKED LANES,CLOUDY
19230055,15893,False,15893,2023,PORT ARANSAS,DRIVER INATTENTION; FAILED TO CONTROL SPEED; FAULTY EVASIVE ACTION,226303,12.309,2022-11-12,0,11,0,0,N - NOT INJURED,0,1002,0,2022,SATURDAY,20.028,0,FIXED OBJECT,BOULEVARD,10:00 - 10:59,,N/A,NON INTERSECTION,27.80023347,DAYLIGHT,YES,-97.08764061,ONE MOTOR VEHICLE - GOING STRAIGHT,CURBED,THREE ENTERING ROADS - T,4,HIT RETAINING WALL,True,ATTENTION DIVERTED FROM DRIVING,"2,500 - 4,999 POP",NO,0624,0.278,CITY STREET,"STRAIGHT, LEVEL",MINOR ARTERIAL,OFF ROADWAY,"4 OR MORE LANES, DIVIDED",True,30,SH0361,DRY,NONE,CLOUDY
19305484,12050,False,12050,2023,CORPUS CHRISTI,DISTRACTION IN VEHICLE,226303,14.766,2022-12-26,0,12,0,0,N - NOT INJURED,0,1623,0,2022,MONDAY,22.485,0,FIXED OBJECT,TWO-WAY,16:00 - 16:59,,N/A,NON INTERSECTION,27.77096501,DAYLIGHT,YES,-97.11048525,ONE MOTOR VEHICLE - GOING STRAIGHT,NO MEDIAN,OTHER (EXPLAIN IN NARRATIVE),5,HIT CULVERT-HEADWALL,True,ATTENTION DIVERTED FROM DRIVING,"250,000 POP AND OVER",NO,0626,0.773,US & STATE HIGHWAYS,"STRAIGHT, LEVEL",MINOR ARTERIAL,OFF ROADWAY,"4 OR MORE LANES, UNDIVIDED",False,60,SH0361,DRY,MARKED LANES,CLOUDY
19328873,10439,True,10439,2023,CORPUS CHRISTI,FAILED TO YIELD RIGHT OF WAY - TURNING LEFT,226303,27.498,2023-01-06,0,1,0,0,N - NOT INJURED,0,0703,0,2023,FRIDAY,35.217,0,MOTOR VEHICLE IN TRANSPORT,TWO-WAY,07:00 - 07:59,0022,PR0022,INTERSECTION,27.6178894,DAYLIGHT,YES,-97.22177124,OPPOSITE DIRECTION - ONE STRAIGHT-ONE LEFT TURN,NO MEDIAN,FOUR ENTERING ROADS,5,NOT APPLICABLE,True,NOT APPLICABLE,"250,000 POP AND OVER",NO,0638,1.535,US & STATE HIGHWAYS,"STRAIGHT, LEVEL",MINOR ARTERIAL,ON ROADWAY,"4 OR MORE LANES, UNDIVIDED",False,55,SH0361,DRY,SIGNAL LIGHT,CLEAR
19357822,15893,True,15893,2023,PORT ARANSAS,CHANGED LANE WHEN UNSAFE,226303,12.309,2023-01-23,0,1,0,1,C - POSSIBLE INJURY,0,1203,1,2023,MONDAY,20.028,0,MOTOR VEHICLE IN TRANSPORT,BOULEVARD,12:00 - 12:59,,UNKNOWN,INTERSECTION,27.80023397,DAYLIGHT,YES,-97.08764019,SAME DIRECTION - ONE STRAIGHT-ONE LEFT TURN,CURBED,THREE ENTERING ROADS - T,4,NOT APPLICABLE,True,NOT APPLICABLE,"2,500 - 4,999 POP",NO,0624,0.278,US & STATE HIGHWAYS,"STRAIGHT, LEVEL",MINOR ARTERIAL,ON ROADWAY,"4 OR MORE LANES, DIVIDED",True,55,SH0361,DRY,MARKED LANES,CLEAR
19398202,10439,False,10439,2023,CORPUS CHRISTI,FAILED TO CONTROL SPEED,226303,25.88,2023-02-19,0,2,0,0,N - NOT INJURED,0,1014,0,2023,SUNDAY,33.599,0,MOTOR VEHICLE IN TRANSPORT,TWO-WAY,10:00 - 10:59,,N/A,NON INTERSECTION,27.63249312,DAYLIGHT,YES,-97.20368659,SAME DIRECTION - ONE STRAIGHT-ONE STOPPED,NO MEDIAN,NOT APPLICABLE,5,NOT APPLICABLE,True,SLOWING/STOPPING-FOR TRAFFIC,"250,000 POP AND OVER",NO,0638,-0.083,US & STATE HIGHWAYS,"STRAIGHT, LEVEL",MINOR ARTERIAL,ON ROADWAY,"4 OR MORE LANES, UNDIVIDED",False,60,SH0361,DRY,CENTER STRIPE/DIVIDER,CLEAR
19411617,10439,False,10439,2023,CORPUS CHRISTI,FAULTY EVASIVE ACTION,226303,25.757,2023-02-27,0,2,0,0,N - NOT INJURED,0,1141,0,2023,MONDAY,33.476,0,OVERTURNED,TWO-WAY,11:00 - 11:59,,N/A,NON INTERSECTION,27.63402184,DAYLIGHT,YES,-97.20264958,ONE MOTOR VEHICLE - GOING STRAIGHT,NO MEDIAN,NOT APPLICABLE,5,OVERTURNED,True,GUSTY WINDS,"250,000 POP AND OVER",NO,0638,-0.206,US & STATE HIGHWAYS,"STRAIGHT, LEVEL",MINOR ARTERIAL,OFF ROADWAY,"4 OR MORE LANES, UNDIVIDED",False,60,SH0361,DRY,MARKED LANES,CLOUDY
19427069,10439,False,10439,2023,CORPUS CHRISTI,BACKED WITHOUT SAFETY; UNDER INFLUENCE - ALCOHOL,226303,26.508,2023-03-05,0,3,0,0,N - NOT INJURED,0,1552,0,2023,SUNDAY,34.227,0,PARKED CAR,TWO-WAY,15:00 - 15:59,,N/A,NON INTERSECTION,27.62466999,DAYLIGHT,YES,-97.20893072,ONE MOTOR VEHICLE - BACKING,NO MEDIAN,NOT APPLICABLE,5,NOT APPLICABLE,True,CRASH OCCURRED ON A BEACH,"250,000 POP AND OVER",NO,0638,0.545,OTHER ROADS,"STRAIGHT, LEVEL",MINOR ARTERIAL,ON ROADWAY,"4 OR MORE LANES, UNDIVIDED",False,15,SH0361,"SAND, MUD, DIRT",NONE,CLEAR
19425742,12050,False,12050,2023,OUTSIDE CITY LIMITS,DRIVER INATTENTION; FAILED TO CONTROL SPEED,226303,13.492,2023-03-07,0,3,0,0,N - NOT INJURED,0,1054,0,2023,TUESDAY,21.211,0,MOTOR VEHICLE IN TRANSPORT,TWO-WAY,10:00 - 10:59,,N/A,NON INTERSECTION,27.786474,DAYLIGHT,YES,-97.09920543,SAME DIRECTION - BOTH GOING STRAIGHT-REAR END,NO MEDIAN,THREE ENTERING ROADS - T,5,NOT APPLICABLE,True,ATTENTION DIVERTED FROM DRIVING,RURAL,NO,0626,-0.501,US & STATE HIGHWAYS,"STRAIGHT, LEVEL",MINOR ARTERIAL,ON ROADWAY,"4 OR MORE LANES, UNDIVIDED",True,60,SH0361,DRY,MARKED LANES,CLEAR
19472534,12050,False,12050,2023,CORPUS CHRISTI,FAILED TO DRIVE IN SINGLE LANE,226303,16.642,2023-03-08,0,3,0,0,N - NOT INJURED,0,1642,0,2023,WEDNESDAY,24.361,0,MOTOR VEHICLE IN TRANSPORT,TWO-WAY,16:00 - 16:59,,N/A,NON INTERSECTION,27.74760581,DAYLIGHT,YES,-97.12625518,SAME DIRECTION - BOTH GOING STRAIGHT-SIDESWIPE,NO MEDIAN,NOT APPLICABLE,5,NOT APPLICABLE,True,NOT APPLICABLE,"250,000 POP AND OVER",NO,0628,0.66,US & STATE HIGHWAYS,"STRAIGHT, LEVEL",MINOR ARTERIAL,ON ROADWAY,"4 OR MORE LANES, UNDIVIDED",False,60,SH0361,DRY,MARKED LANES,CLEAR
19436795,10439,False,10439,2023,CORPUS CHRISTI,FAILED TO CONTROL SPEED,226303,27.484,2023-03-10,0,3,0,0,N - NOT INJURED,0,1747,0,2023,FRIDAY,35.203,0,MOTOR VEHICLE IN TRANSPORT,TWO-WAY,17:00 - 17:59,0022,PR0022,INTERSECTION RELATED,27.61788627,DAYLIGHT,YES,-97.22154024,SAME DIRECTION - ONE STRAIGHT-ONE STOPPED,NO MEDIAN,NOT APPLICABLE,5,NOT APPLICABLE,True,"SLOWING/STOPPING - FOR OFFICER, FLAGMAN, OR TRAFFIC CONTROL","250,000 POP AND OVER",NO,0638,1.521,US & STATE HIGHWAYS,"STRAIGHT, LEVEL",MINOR ARTERIAL,ON ROADWAY,"4 OR MORE LANES, UNDIVIDED",False,55,SH0361,DRY,SIGNAL LIGHT,CLEAR
19441716,12050,False,12050,2023,PORT ARANSAS,FATIGUED OR ASLEEP,226303,12.775,2023-03-16,0,3,0,0,N - NOT INJURED,0,0739,0,2023,THURSDAY,20.494,0,FIXED OBJECT,TWO-WAY,07:00 - 07:59,,N/A,NON INTERSECTION,27.79482397,DAYLIGHT,YES,-97.09217567,ONE MOTOR VEHICLE - GOING STRAIGHT,NO MEDIAN,THREE ENTERING ROADS - T,5,HIT HIGHWAY SIGN,True,ATTENTION DIVERTED FROM DRIVING,"2,500 - 4,999 POP",NO,0624,0.744,US & STATE HIGHWAYS,"STRAIGHT, LEVEL",MINOR ARTERIAL,OFF ROADWAY,"4 OR MORE LANES, UNDIVIDED",True,60,SH0361,DRY,NONE,CLOUDY
19443353,15893,True,15893,2023,PORT ARANSAS,FAILED TO YIELD RIGHT OF WAY - STOP SIGN;HAD BEEN DRINKING,226303,11.782,2023-03-16,0,3,0,0,N - NOT INJURED,0,1920,0,2023,THURSDAY,19.501,0,MOTOR VEHICLE IN TRANSPORT,BOULEVARD,19:00 - 19:59,,BEACH ACCESS ROAD 1A,INTERSECTION,27.80637738,DAYLIGHT,YES,-97.0824751,ANGLE - BOTH GOING STRAIGHT,CURBED,THREE ENTERING ROADS - T,4,NOT APPLICABLE,True,NOT APPLICABLE,"2,500 - 4,999 POP",NO,0624,-0.249,US & STATE HIGHWAYS,"STRAIGHT, LEVEL",MINOR ARTERIAL,ON ROADWAY,"4 OR MORE LANES, DIVIDED",True,60,SH0361,DRY,FLASHING RED LIGHT,CLOUDY
19447686,12050,False,12050,2023,OUTSIDE CITY LIMITS,DRIVER INATTENTION; FOLLOWED TOO CLOSELY,226303,13.641,2023-03-17,0,3,0,0,N - NOT INJURED,0,1905,0,2023,FRIDAY,21.36,0,MOTOR VEHICLE IN TRANSPORT,TWO-WAY,19:00 - 19:59,,N/A,NON INTERSECTION,27.78474641,DAYLIGHT,YES,-97.10066773,SAME DIRECTION - BOTH GOING STRAIGHT-REAR END,NO MEDIAN,THREE ENTERING ROADS - T,5,NOT APPLICABLE,True,SLOWING/STOPPING-FOR TRAFFIC,RURAL,NO,0626,-0.352,US & STATE HIGHWAYS,"STRAIGHT, LEVEL",MINOR ARTERIAL,ON ROADWAY,"4 OR MORE LANES, UNDIVIDED",True,60,SH0361,DRY,NONE,CLEAR
19471548,10439,False,10439,2023,CORPUS CHRISTI,FAILED TO DRIVE IN SINGLE LANE,226303,24.392,2023-04-01,0,4,0,0,N - NOT INJURED,0,1509,0,2023,SATURDAY,32.111,0,FIXED OBJECT,TWO-WAY,15:00 - 15:59,,N/A,NON INTERSECTION,27.65103206,DAYLIGHT,YES,-97.19121206,ONE MOTOR VEHICLE - GOING STRAIGHT,NO MEDIAN,NOT APPLICABLE,5,HIT OTHER FIXED OBJECT,True,SWERVED OR VEERED-REASON NOT SPECIFIED,"250,000 POP AND OVER",NO,0636,0.428,US & STATE HIGHWAYS,"STRAIGHT, LEVEL",MINOR ARTERIAL,OFF ROADWAY,"4 OR MORE LANES, UNDIVIDED",False,60,SH0361,DRY,MARKED LANES,CLEAR
19528893,15893,False,15893,2023,PORT ARANSAS,UNDER INFLUENCE - ALCOHOL,226303,11.893,2023-05-06,0,5,0,0,N - NOT INJURED,0,1332,0,2023,SATURDAY,19.612,0,MOTOR VEHICLE IN TRANSPORT,BOULEVARD,13:00 - 13:59,,N/A,NON INTERSECTION,27.80504102,DAYLIGHT,YES,-97.08350733,SAME DIRECTION - ONE STRAIGHT-ONE LEFT TURN,CURBED,THREE ENTERING ROADS - T,4,NOT APPLICABLE,True,NOT APPLICABLE,"2,500 - 4,999 POP",NO,0624,-0.138,US & STATE HIGHWAYS,"STRAIGHT, LEVEL",MINOR ARTERIAL,ON ROADWAY,"4 OR MORE LANES, DIVIDED",True,60,SH0361,DRY,MARKED LANES,CLOUDY
19543590,10439,False,10439,2023,CORPUS CHRISTI,FAILED TO CONTROL SPEED,226303,27.198,2023-05-12,0,5,0,0,N - NOT INJURED,0,1445,0,2023,FRIDAY,34.917,0,MOTOR VEHICLE IN TRANSPORT,TWO-WAY,14:00 - 14:59,,N/A,NON INTERSECTION,27.61809583,DAYLIGHT,YES,-97.2169034,SAME DIRECTION - BOTH GOING STRAIGHT-SIDESWIPE,NO MEDIAN,NOT APPLICABLE,5,NOT APPLICABLE,True,VEHICLE CHANGING LANES,"250,000 POP AND OVER",NO,0638,1.235,US & STATE HIGHWAYS,"STRAIGHT, GRADE",MINOR ARTERIAL,ON ROADWAY,"4 OR MORE LANES, UNDIVIDED",False,55,SH0361,DRY,MARKED LANES,CLOUDY
19568926,12050,True,12050,2023,OUTSIDE CITY LIMITS,BACKED WITHOUT SAFETY; DRIVER INATTENTION,226303,13.393,2023-05-26,0,5,0,1,C - POSSIBLE INJURY,0,0803,1,2023,FRIDAY,21.112,0,MOTOR VEHICLE IN TRANSPORT,TWO-WAY,08:00 - 08:59,,UNKNOWN,INTERSECTION RELATED,27.78762866,DAYLIGHT,YES,-97.09822808,OPPOSITE DIRECTION - ONE BACKING-ONE STOPPED,NO MEDIAN,THREE ENTERING ROADS - T,5,NOT APPLICABLE,True,CONSTRUCTION-IN OTHER CONSTRUCTION MAINTENANCE AREA (RELATED TO CRASH),RURAL,NO,0626,-0.6,US & STATE HIGHWAYS,"STRAIGHT, LEVEL",MINOR ARTERIAL,ON ROADWAY,"4 OR MORE LANES, UNDIVIDED",True,30,SH0361,DRY,STOP SIGN,CLEAR
19572211,10439,False,10439,2023,CORPUS CHRISTI,FAILED TO YIELD RIGHT OF WAY - STOP SIGN,226303,25.688,2023-05-27,0,5,0,0,N - NOT INJURED,0,2141,0,2023,SATURDAY,33.407,0,MOTOR VEHICLE IN TRANSPORT,TWO-WAY,21:00 - 21:59,,NEWPORT PASS RD,INTERSECTION,27.63489063,"DARK, LIGHTED",YES,-97.20205894,ANGLE - ONE STRAIGHT-ONE LEFT TURN,NO MEDIAN,THREE ENTERING ROADS - T,5,NOT APPLICABLE,True,NOT APPLICABLE,"250,000 POP AND OVER",NO,0638,-0.275,US & STATE HIGHWAYS,"STRAIGHT, LEVEL",MINOR ARTERIAL,ON ROADWAY,"4 OR MORE LANES, UNDIVIDED",False,60,SH0361,DRY,STOP SIGN,CLEAR
19579022,10439,False,10439,2023,CORPUS CHRISTI,FOLLOWED TOO CLOSELY,226303,26.525,2023-05-29,0,5,0,0,N - NOT INJURED,0,1640,0,2023,MONDAY,34.244,0,MOTOR VEHICLE IN TRANSPORT,TWO-WAY,16:00 - 16:59,,N/A,NON INTERSECTION,27.62446127,DAYLIGHT,YES,-97.20907343,SAME DIRECTION - BOTH GOING STRAIGHT-REAR END,NO MEDIAN,THREE ENTERING ROADS - T,5,NOT APPLICABLE,True,SLOWING/STOPPING-FOR TRAFFIC,"250,000 POP AND OVER",NO,0638,0.562,US & STATE HIGHWAYS,"STRAIGHT, LEVEL",MINOR ARTERIAL,ON ROADWAY,"4 OR MORE LANES, UNDIVIDED",False,55,SH0361,DRY,MARKED LANES,CLEAR
19579029,10439,False,10439,2023,CORPUS CHRISTI,FOLLOWED TOO CLOSELY,226303,26.525,2023-05-29,0,5,0,0,N - NOT INJURED,0,1640,0,2023,MONDAY,34.244,0,MOTOR VEHICLE IN TRANSPORT,TWO-WAY,16:00 - 16:59,,N/A,NON INTERSECTION,27.62446127,DAYLIGHT,YES,-97.20907343,SAME DIRECTION - ONE STRAIGHT-ONE STOPPED,NO MEDIAN,THREE ENTERING ROADS - T,5,NOT APPLICABLE,True,SLOWING/STOPPING-FOR TRAFFIC,"250,000 POP AND OVER",NO,0638,0.562,US & STATE HIGHWAYS,"STRAIGHT, LEVEL",MINOR ARTERIAL,ON ROADWAY,"4 OR MORE LANES, UNDIVIDED",False,55,SH0361,DRY,MARKED LANES,CLEAR
19579030,10439,False,10439,2023,CORPUS CHRISTI,FAILED TO YIELD RIGHT OF WAY - PRIVATE DRIVE,226303,27.46,2023-05-29,0,5,0,1,C - POSSIBLE INJURY,0,1759,1,2023,MONDAY,35.179,0,MOTOR VEHICLE IN TRANSPORT,TWO-WAY,17:00 - 17:59,,N/A,DRIVEWAY ACCESS,27.61788081,DAYLIGHT,YES,-97.22115549,ANGLE - BOTH GOING STRAIGHT,NO MEDIAN,NOT APPLICABLE,5,NOT APPLICABLE,True,ONE VEHICLE LEAVING DRIVEWAY,"250,000 POP AND OVER",NO,0638,1.497,US & STATE HIGHWAYS,"STRAIGHT, LEVEL",MINOR ARTERIAL,ON ROADWAY,"4 OR MORE LANES, UNDIVIDED",False,55,SH0361,DRY,MARKED LANES,CLEAR
19583058,10439,True,10439,2023,CORPUS CHRISTI,DISREGARD STOP AND GO SIGNAL,226303,27.498,2023-05-31,0,5,0,0,N - NOT INJURED,0,1919,0,2023,WEDNESDAY,35.217,0,MOTOR VEHICLE IN TRANSPORT,TWO-WAY,19:00 - 19:59,0022,PR0022,INTERSECTION,27.6178894,DAYLIGHT,YES,-97.22177124,OPPOSITE DIRECTION - ONE STRAIGHT-ONE LEFT TURN,NO MEDIAN,FOUR ENTERING ROADS,5,NOT APPLICABLE,True,NOT APPLICABLE,"250,000 POP AND OVER",NO,0638,1.535,US & STATE HIGHWAYS,"STRAIGHT, LEVEL",MINOR ARTERIAL,ON ROADWAY,"4 OR MORE LANES, UNDIVIDED",False,50,SH0361,DRY,SIGNAL LIGHT,CLEAR
19583107,10439,False,10439,2023,CORPUS CHRISTI,CHANGED LANE WHEN UNSAFE; FAILED TO HEED WARNING SIGN,226303,26.822,2023-06-04,0,6,0,0,N - NOT INJURED,0,0921,0,2023,SUNDAY,34.541,0,MOTOR VEHICLE IN TRANSPORT,TWO-WAY,09:00 - 09:59,,N/A,NON INTERSECTION,27.62087489,DAYLIGHT,YES,-97.21175018,SAME DIRECTION - BOTH GOING STRAIGHT-SIDESWIPE,NO MEDIAN,NOT APPLICABLE,5,NOT APPLICABLE,True,VEHICLE CHANGING LANES,"250,000 POP AND OVER",NO,0638,0.859,US & STATE HIGHWAYS,"CURVE, GRADE",MINOR ARTERIAL,ON ROADWAY,"4 OR MORE LANES, UNDIVIDED",False,45,SH0361,DRY,WARNING SIGN,CLEAR
19619237,12050,False,12050,2023,CORPUS CHRISTI,FAILED TO CONTROL SPEED,226303,17.561,2023-06-17,0,6,1,0,B - SUSPECTED MINOR INJURY,0,2340,1,2023,SATURDAY,25.28,0,MOTOR VEHICLE IN TRANSPORT,TWO-WAY,23:00 - 23:59,,SEACOMBER DR,INTERSECTION RELATED,27.73614891,"DARK, LIGHTED",YES,-97.13395749,SAME DIRECTION - BOTH GOING STRAIGHT-REAR END,NO MEDIAN,NOT APPLICABLE,5,NOT APPLICABLE,True,SLOWING/STOPPING-TO MAKE LEFT TURN,"250,000 POP AND OVER",NO,0630,-0.452,US & STATE HIGHWAYS,"STRAIGHT, LEVEL",MINOR ARTERIAL,ON ROADWAY,"4 OR MORE LANES, UNDIVIDED",False,60,SH0361,DRY,MARKED LANES,CLEAR
19619275,10439,False,10439,2023,CORPUS CHRISTI,FAILED TO CONTROL SPEED,226303,25.691,2023-06-17,0,6,0,0,A - SUSPECTED SERIOUS INJURY,1,2110,1,2023,SATURDAY,33.41,0,MOTOR VEHICLE IN TRANSPORT,TWO-WAY,21:00 - 21:59,,N/A,NON INTERSECTION,27.63484371,"DARK, NOT LIGHTED",YES,-97.20209084,SAME DIRECTION - BOTH GOING STRAIGHT-REAR END,NO MEDIAN,NOT APPLICABLE,5,NOT APPLICABLE,True,NOT APPLICABLE,"250,000 POP AND OVER",NO,0638,-0.272,US & STATE HIGHWAYS,"STRAIGHT, LEVEL",MINOR ARTERIAL,ON ROADWAY,"4 OR MORE LANES, UNDIVIDED",False,65,SH0361,DRY,MARKED LANES,CLEAR
19618769,10439,False,10439,2023,CORPUS CHRISTI,FAILED TO CONTROL SPEED,226303,25.654,2023-06-18,0,6,0,0,N - NOT INJURED,0,1023,0,2023,SUNDAY,33.373,0,MOTOR VEHICLE IN TRANSPORT,TWO-WAY,10:00 - 10:59,,N/A,NON INTERSECTION,27.6353129,DAYLIGHT,YES,-97.2017719,SAME DIRECTION - ONE STRAIGHT-ONE STOPPED,NO MEDIAN,NOT APPLICABLE,5,NOT APPLICABLE,True,SLOWING/STOPPING-FOR TRAFFIC,"250,000 POP AND OVER",NO,0638,-0.309,US & STATE HIGHWAYS,"STRAIGHT, LEVEL",MINOR ARTERIAL,ON ROADWAY,"4 OR MORE LANES, UNDIVIDED",False,65,SH0361,DRY,CENTER STRIPE/DIVIDER,CLEAR
19616618,10439,True,10439,2023,CORPUS CHRISTI,FAILED TO YIELD RIGHT OF WAY - STOP SIGN,226303,25.682,2023-06-24,0,6,1,1,B - SUSPECTED MINOR INJURY,0,1334,2,2023,SATURDAY,33.401,0,MOTOR VEHICLE IN TRANSPORT,TWO-WAY,13:00 - 13:59,,NEWPORT PASS RD,INTERSECTION,27.63496101,DAYLIGHT,YES,-97.2020111,ANGLE - ONE STRAIGHT-ONE LEFT TURN,NO MEDIAN,THREE ENTERING ROADS - T,5,NOT APPLICABLE,True,NOT APPLICABLE,"250,000 POP AND OVER",NO,0638,-0.281,US & STATE HIGHWAYS,"STRAIGHT, LEVEL",MINOR ARTERIAL,ON ROADWAY,"4 OR MORE LANES, UNDIVIDED",False,60,SH0361,DRY,STOP SIGN,CLEAR
19628725,10439,True,10439,2023,CORPUS CHRISTI,FAILED TO YIELD RIGHT OF WAY - TURNING LEFT,226303,26.723,2023-06-29,0,6,0,0,N - NOT INJURED,0,1833,0,2023,THURSDAY,34.442,0,MOTOR VEHICLE IN TRANSPORT,TWO-WAY,18:00 - 18:59,,ZAHN RD,INTERSECTION,27.62201986,DAYLIGHT,YES,-97.21077788,ANGLE - ONE STRAIGHT-ONE LEFT TURN,NO MEDIAN,THREE ENTERING ROADS - T,5,NOT APPLICABLE,True,NOT APPLICABLE,"250,000 POP AND OVER",NO,0638,0.76,US & STATE HIGHWAYS,"STRAIGHT, LEVEL",MINOR ARTERIAL,ON ROADWAY,"4 OR MORE LANES, UNDIVIDED",False,55,SH0361,DRY,STOP SIGN,CLEAR
19646124,12050,False,12050,2023,CORPUS CHRISTI,FAILED TO DRIVE IN SINGLE LANE; UNDER INFLUENCE - ALCOHOL,226303,16.642,2023-06-30,1,6,1,0,K - FATAL INJURY,2,2056,3,2023,FRIDAY,24.361,1,MOTOR VEHICLE IN TRANSPORT,TWO-WAY,20:00 - 20:59,,N/A,NON INTERSECTION,27.74760578,"DARK, NOT LIGHTED",YES,-97.1262552,OPPOSITE DIRECTION - BOTH GOING STRAIGHT,NO MEDIAN,NOT APPLICABLE,5,OVERTURNED,True,VEHICLE PASSING OR ATTEMPTING TO PASS ON LEFT,"250,000 POP AND OVER",NO,0628,0.66,US & STATE HIGHWAYS,"STRAIGHT, LEVEL",MINOR ARTERIAL,ON ROADWAY,"4 OR MORE LANES, UNDIVIDED",False,60,SH0361,DRY,MARKED LANES,CLEAR
19638309,12050,False,12050,2023,CORPUS CHRISTI,FAILED TO YIELD RIGHT OF WAY - TURNING LEFT;HAD BEEN DRINKING,226303,18.863,2023-07-03,1,7,2,2,K - FATAL INJURY,2,2030,6,2023,MONDAY,26.582,1,MOTOR VEHICLE IN TRANSPORT,TWO-WAY,20:00 - 20:59,,N/A,DRIVEWAY ACCESS,27.71993578,"DARK, LIGHTED",YES,-97.14488203,OPPOSITE DIRECTION - ONE STRAIGHT-ONE LEFT TURN,NO MEDIAN,NOT APPLICABLE,5,NOT APPLICABLE,True,ONE VEHICLE ENTERING DRIVEWAY,"250,000 POP AND OVER",NO,0630,0.85,US & STATE HIGHWAYS,"STRAIGHT, LEVEL",MINOR ARTERIAL,ON ROADWAY,"4 OR MORE LANES, UNDIVIDED",False,65,SH0361,DRY,MARKED LANES,CLEAR
19640534,15893,True,15893,2023,PORT ARANSAS,FAILED TO YIELD RIGHT OF WAY - TURNING LEFT;TURNED WHEN UNSAFE;UNDER INFLUENCE - ALCOHOL,226303,11.782,2023-07-07,0,7,1,0,B - SUSPECTED MINOR INJURY,0,0212,1,2023,FRIDAY,19.501,0,MOTOR VEHICLE IN TRANSPORT,BOULEVARD,02:00 - 02:59,,UNKNOWN,INTERSECTION,27.80632803,"DARK, LIGHTED",YES,-97.08242613,OPPOSITE DIRECTION - ONE STRAIGHT-ONE LEFT TURN,CURBED,FOUR ENTERING ROADS,4,NOT APPLICABLE,True,NOT APPLICABLE,"2,500 - 4,999 POP",NO,0624,-0.249,US & STATE HIGHWAYS,"STRAIGHT, LEVEL",MINOR ARTERIAL,ON ROADWAY,"4 OR MORE LANES, DIVIDED",True,45,SH0361,DRY,SIGNAL LIGHT,CLEAR
19642990,10439,True,10439,2023,CORPUS CHRISTI,FAILED TO CONTROL SPEED; UNDER INFLUENCE - ALCOHOL,226303,19.998,2023-07-09,0,7,0,0,N - NOT INJURED,0,1941,0,2023,SUNDAY,27.717,0,OVERTURNED,TWO-WAY,19:00 - 19:59,,N/A,NON INTERSECTION,27.70581036,DAYLIGHT,YES,-97.1544104,ONE MOTOR VEHICLE - GOING STRAIGHT,NO MEDIAN,THREE ENTERING ROADS - T,5,OVERTURNED,True,NOT APPLICABLE,"250,000 POP AND OVER",NO,0632,0.034,US & STATE HIGHWAYS,"STRAIGHT, LEVEL",MINOR ARTERIAL,OFF ROADWAY,"4 OR MORE LANES, UNDIVIDED",False,60,SH0361,DRY,MARKED LANES,CLEAR
19647809,10439,False,10439,2023,CORPUS CHRISTI,TURNED IMPROPERLY - WIDE RIGHT,226303,27.46,2023-07-11,0,7,0,0,N - NOT INJURED,0,1620,0,2023,TUESDAY,35.179,0,MOTOR VEHICLE IN TRANSPORT,TWO-WAY,16:00 - 16:59,,N/A,DRIVEWAY ACCESS,27.61788081,DAYLIGHT,YES,-97.22115549,ANGLE - ONE RIGHT TURN-ONE STOPPED,NO MEDIAN,NOT APPLICABLE,5,NOT APPLICABLE,True,ONE VEHICLE ENTERING DRIVEWAY,"250,000 POP AND OVER",NO,0638,1.497,US & STATE HIGHWAYS,"STRAIGHT, LEVEL",MINOR ARTERIAL,OFF ROADWAY,"4 OR MORE LANES, UNDIVIDED",False,55,SH0361,DRY,MARKED LANES,CLEAR
19660111,10439,False,10439,2023,CORPUS CHRISTI,TURNED WHEN UNSAFE,226303,24.65,2023-07-13,0,7,0,0,N - NOT INJURED,0,1624,0,2023,THURSDAY,32.369,0,MOTOR VEHICLE IN TRANSPORT,TWO-WAY,16:00 - 16:59,,N/A,NON INTERSECTION,27.64781018,DAYLIGHT,YES,-97.19334689,OPPOSITE DIRECTION - ONE STRAIGHT-ONE LEFT TURN,NO MEDIAN,NOT APPLICABLE,5,NOT APPLICABLE,True,NOT APPLICABLE,"250,000 POP AND OVER",NO,0636,0.686,US & STATE HIGHWAYS,"STRAIGHT, LEVEL",MINOR ARTERIAL,ON ROADWAY,"4 OR MORE LANES, UNDIVIDED",False,55,SH0361,DRY,CENTER STRIPE/DIVIDER,CLEAR
19654473,10439,False,10439,2023,CORPUS CHRISTI,FAILED TO CONTROL SPEED,226303,25.781,2023-07-16,0,7,0,1,C - POSSIBLE INJURY,0,1227,1,2023,SUNDAY,33.5,0,MOTOR VEHICLE IN TRANSPORT,TWO-WAY,12:00 - 12:59,,N/A,NON INTERSECTION,27.63372745,DAYLIGHT,YES,-97.20284971,SAME DIRECTION - BOTH GOING STRAIGHT-REAR END,NO MEDIAN,NOT APPLICABLE,5,NOT APPLICABLE,True,SLOWING/STOPPING-FOR TRAFFIC,"250,000 POP AND OVER",NO,0638,-0.182,US & STATE HIGHWAYS,"STRAIGHT, LEVEL",MINOR ARTERIAL,ON ROADWAY,"4 OR MORE LANES, UNDIVIDED",False,60,SH0361,DRY,CENTER STRIPE/DIVIDER,CLEAR
19657096,15893,False,15893,2023,PORT ARANSAS,DRIVER INATTENTION; FAILED TO CONTROL SPEED,226303,11.744,2023-07-18,0,7,0,0,N - NOT INJURED,0,1413,0,2023,TUESDAY,19.463,0,PARKED CAR,BOULEVARD,14:00 - 14:59,,N/A,NON INTERSECTION,27.80684369,DAYLIGHT,YES,-97.08213227,ONE MOTOR VEHICLE - GOING STRAIGHT,CURBED,NOT APPLICABLE,4,NOT APPLICABLE,True,VEHICLE PASSING OR ATTEMPTING TO PASS ON LEFT,"2,500 - 4,999 POP",NO,0624,-0.287,US & STATE HIGHWAYS,"STRAIGHT, LEVEL",MINOR ARTERIAL,ON ROADWAY,"4 OR MORE LANES, DIVIDED",True,55,SH0361,DRY,NONE,CLEAR
19665104,10439,True,10439,2023,CORPUS CHRISTI,FAILED TO DRIVE IN SINGLE LANE,226303,27.498,2023-07-19,0,7,0,0,N - NOT INJURED,0,0605,0,2023,WEDNESDAY,35.217,0,MOTOR VEHICLE IN TRANSPORT,TWO-WAY,06:00 - 06:59,0022,PR0022,INTERSECTION,27.6178894,"DARK, LIGHTED",YES,-97.22177124,SAME DIRECTION - BOTH LEFT TURN,NO MEDIAN,FOUR ENTERING ROADS,5,NOT APPLICABLE,True,NOT APPLICABLE,"250,000 POP AND OVER",NO,0638,1.535,US & STATE HIGHWAYS,"STRAIGHT, LEVEL",MINOR ARTERIAL,ON ROADWAY,"4 OR MORE LANES, UNDIVIDED",False,55,SH0361,DRY,MARKED LANES,CLEAR
19686942,12050,False,12050,2023,PORT ARANSAS,FAILED TO DRIVE IN SINGLE LANE; FAULTY EVASIVE ACTION; UNDER INFLUENCE - ALCOHOL,226303,12.794,2023-08-04,0,8,0,3,C - POSSIBLE INJURY,0,1742,3,2023,FRIDAY,20.513,0,MOTOR VEHICLE IN TRANSPORT,TWO-WAY,17:00 - 17:59,,N/A,NON INTERSECTION,27.79459664,DAYLIGHT,YES,-97.09236596,OPPOSITE DIRECTION - BOTH GOING STRAIGHT,NO MEDIAN,NOT APPLICABLE,5,NOT APPLICABLE,True,SWERVED OR VEERED-AVOIDING VEHICLE STOPPED OR MOVING SLOWLY IN TRAFFIC LANE,"2,500 - 4,999 POP",NO,0624,0.763,US & STATE HIGHWAYS,"STRAIGHT, LEVEL",MINOR ARTERIAL,SHOULDER,"4 OR MORE LANES, UNDIVIDED",True,60,SH0361,DRY,NONE,CLEAR
19695714,12050,False,12050,2023,OUTSIDE CITY LIMITS,FAILED TO YIELD RIGHT OF WAY - TURNING LEFT,226303,13.297,2023-08-09,0,8,1,0,B - SUSPECTED MINOR INJURY,0,1325,1,2023,WEDNESDAY,21.016,0,MOTOR VEHICLE IN TRANSPORT,TWO-WAY,13:00 - 13:59,,N/A,NON INTERSECTION,27.78874183,DAYLIGHT,YES,-97.09728584,SAME DIRECTION - ONE STRAIGHT-ONE LEFT TURN,NO MEDIAN,NOT APPLICABLE,5,NOT APPLICABLE,True,NOT APPLICABLE,RURAL,NO,0626,-0.696,US & STATE HIGHWAYS,"STRAIGHT, LEVEL",MINOR ARTERIAL,ON ROADWAY,"4 OR MORE LANES, UNDIVIDED",True,60,SH0361,DRY,MARKED LANES,CLEAR
19713381,10439,False,10439,2023,CORPUS CHRISTI,FAILED TO YIELD RIGHT OF WAY - TURNING LEFT,226303,22.954,2023-08-12,0,8,0,0,N - NOT INJURED,0,1841,0,2023,SATURDAY,30.673,0,FIXED OBJECT,TWO-WAY,18:00 - 18:59,,N/A,NON INTERSECTION,27.66896046,DAYLIGHT,YES,-97.17916224,ONE MOTOR VEHICLE - GOING STRAIGHT,NO MEDIAN,NOT APPLICABLE,5,HIT CULVERT-HEADWALL,True,SWERVED OR VEERED - AVOIDING VEHICLE FROM OPPOSITE DIRECTION IN WRONG LANE,"250,000 POP AND OVER",NO,0634,0.99,US & STATE HIGHWAYS,"STRAIGHT, LEVEL",MINOR ARTERIAL,OFF ROADWAY,"4 OR MORE LANES, UNDIVIDED",False,60,SH0361,DRY,MARKED LANES,CLEAR
19729081,12050,False,12050,2023,CORPUS CHRISTI,UNDER INFLUENCE - ALCOHOL,226303,17.336,2023-08-25,0,8,0,0,N - NOT INJURED,0,2115,0,2023,FRIDAY,25.055,0,OTHER NON COLLISION,TWO-WAY,21:00 - 21:59,,N/A,NON INTERSECTION,27.73896207,"DARK, NOT LIGHTED",YES,-97.13205974,ONE MOTOR VEHICLE - GOING STRAIGHT,NO MEDIAN,NOT APPLICABLE,5,NOT APPLICABLE,True,NOT APPLICABLE,"250,000 POP AND OVER",NO,0630,-0.677,US & STATE HIGHWAYS,"STRAIGHT, LEVEL",MINOR ARTERIAL,OFF ROADWAY,"4 OR MORE LANES, UNDIVIDED",False,60,SH0361,DRY,CENTER STRIPE/DIVIDER,CLEAR
19743032,12050,True,12050,2023,CORPUS CHRISTI,FAILED TO DRIVE IN SINGLE LANE,226303,18.984,2023-09-05,0,9,0,1,A - SUSPECTED SERIOUS INJURY,1,1632,2,2023,TUESDAY,26.703,0,FIXED OBJECT,TWO-WAY,16:00 - 16:59,,N/A,NON INTERSECTION,27.71842439,DAYLIGHT,YES,-97.1459014,ONE MOTOR VEHICLE - GOING STRAIGHT,NO MEDIAN,THREE ENTERING ROADS - T,5,HIT UTILITY POLE,True,NOT APPLICABLE,"250,000 POP AND OVER",NO,0630,0.971,US & STATE HIGHWAYS,"STRAIGHT, LEVEL",MINOR ARTERIAL,OFF ROADWAY,"4 OR MORE LANES, UNDIVIDED",False,60,SH0361,DRY,STOP SIGN,CLEAR
19788753,10439,False,10439,2023,CORPUS CHRISTI,LOAD NOT SECURED,226303,25.678,2023-09-30,0,9,0,0,N - NOT INJURED,0,1200,0,2023,SATURDAY,33.397,0,MOTOR VEHICLE IN TRANSPORT,TWO-WAY,12:00 - 12:59,,NEWPORT PASS RD,INTERSECTION RELATED,27.63500792,DAYLIGHT,YES,-97.20197921,SAME DIRECTION - ONE STRAIGHT-ONE STOPPED,NO MEDIAN,NOT APPLICABLE,5,NOT APPLICABLE,True,NOT APPLICABLE,"250,000 POP AND OVER",NO,0638,-0.285,US & STATE HIGHWAYS,"STRAIGHT, LEVEL",MINOR ARTERIAL,ON ROADWAY,"4 OR MORE LANES, UNDIVIDED",False,55,SH0361,DRY,MARKED LANES,CLEAR
19840715,10439,True,10439,2023,CORPUS CHRISTI,FAILED TO YIELD RIGHT OF WAY - STOP SIGN,226303,26.723,2023-10-03,0,10,0,0,N - NOT INJURED,0,1859,0,2023,TUESDAY,34.442,0,MOTOR VEHICLE IN TRANSPORT,TWO-WAY,18:00 - 18:59,,ZAHN RD,INTERSECTION,27.62201986,DAYLIGHT,YES,-97.21077788,ANGLE - ONE STRAIGHT-ONE LEFT TURN,NO MEDIAN,THREE ENTERING ROADS - T,5,NOT APPLICABLE,True,NOT APPLICABLE,"250,000 POP AND OVER",NO,0638,0.76,US & STATE HIGHWAYS,"STRAIGHT, LEVEL",MINOR ARTERIAL,ON ROADWAY,"4 OR MORE LANES, UNDIVIDED",False,60,SH0361,DRY,STOP SIGN,CLEAR
19829351,10439,False,10439,2023,CORPUS CHRISTI,OTHER (EXPLAIN IN NARRATIVE),226303,24.669,2023-10-13,0,10,2,0,B - SUSPECTED MINOR INJURY,0,0659,2,2023,FRIDAY,32.388,0,MOTOR VEHICLE IN TRANSPORT,TWO-WAY,06:00 - 06:59,,N/A,NON INTERSECTION,27.64757547,"DARK, NOT LIGHTED",YES,-97.19350724,SAME DIRECTION - BOTH GOING STRAIGHT-REAR END,NO MEDIAN,NOT APPLICABLE,5,NOT APPLICABLE,True,SLOWING/STOPPING-REASON NOT SPECIFIED,"250,000 POP AND OVER",NO,0636,0.705,US & STATE HIGHWAYS,"STRAIGHT, LEVEL",MINOR ARTERIAL,ON ROADWAY,"4 OR MORE LANES, UNDIVIDED",False,60,SH0361,WET,CENTER STRIPE/DIVIDER,FOG
19829481,10439,True,10439,2023,CORPUS CHRISTI,DISREGARD STOP AND GO SIGNAL,226303,27.498,2023-10-22,0,10,0,0,N - NOT INJURED,0,1239,0,2023,SUNDAY,35.217,0,MOTOR VEHICLE IN TRANSPORT,TWO-WAY,12:00 - 12:59,0022,PR0022,INTERSECTION,27.6178894,DAYLIGHT,YES,-97.22177124,OPPOSITE DIRECTION - ONE STRAIGHT-ONE LEFT TURN,NO MEDIAN,FOUR ENTERING ROADS,5,NOT APPLICABLE,True,FOOT SLIPPED OFF BRAKE OR CLUTCH,"250,000 POP AND OVER",NO,0638,1.535,US & STATE HIGHWAYS,"STRAIGHT, LEVEL",MINOR ARTERIAL,ON ROADWAY,"4 OR MORE LANES, UNDIVIDED",False,45,SH0361,DRY,SIGNAL LIGHT,CLEAR
19843191,10439,False,10439,2023,CORPUS CHRISTI,CHANGED LANE WHEN UNSAFE,226303,24.679,2023-10-29,0,10,0,0,N - NOT INJURED,0,0704,0,2023,SUNDAY,32.398,0,MOTOR VEHICLE IN TRANSPORT,TWO-WAY,07:00 - 07:59,,N/A,NON INTERSECTION,27.64745804,DAWN,YES,-97.19358747,SAME DIRECTION - BOTH GOING STRAIGHT-SIDESWIPE,NO MEDIAN,NOT APPLICABLE,5,NOT APPLICABLE,True,VEHICLE CHANGING LANES,"250,000 POP AND OVER",NO,0636,0.715,US & STATE HIGHWAYS,"STRAIGHT, LEVEL",MINOR ARTERIAL,ON ROADWAY,"4 OR MORE LANES, UNDIVIDED",False,65,SH0361,DRY,CENTER STRIPE/DIVIDER,CLEAR
19865348,10439,False,10439,2023,CORPUS CHRISTI,FAILED TO PASS TO LEFT SAFELY;UNSAFE SPEED,226303,21.719,2023-11-02,1,11,0,0,K - FATAL INJURY,0,0747,0,2023,THURSDAY,29.438,1,MOTOR VEHICLE IN TRANSPORT,TWO-WAY,07:00 - 07:59,,N/A,DRIVEWAY ACCESS,27.68434348,DAYLIGHT,YES,-97.16881595,SAME DIRECTION - ONE STRAIGHT-ONE LEFT TURN,NO MEDIAN,NOT APPLICABLE,5,HIT FENCE,True,ONE VEHICLE ENTERING DRIVEWAY,"250,000 POP AND OVER",NO,0634,-0.245,US & STATE HIGHWAYS,"STRAIGHT, LEVEL",MINOR ARTERIAL,ON ROADWAY,"4 OR MORE LANES, UNDIVIDED",False,60,SH0361,DRY,CENTER STRIPE/DIVIDER,CLEAR
19919859,15893,True,15893,2023,PORT ARANSAS,FAILED TO YIELD RIGHT OF WAY - STOP SIGN,226303,12.309,2023-12-11,0,12,1,2,B - SUSPECTED MINOR INJURY,0,0745,3,2023,MONDAY,20.028,0,MOTOR VEHICLE IN TRANSPORT,BOULEVARD,07:00 - 07:59,,MUSTANG BLVD,INTERSECTION,27.80027801,DAWN,YES,-97.08769359,ANGLE - BOTH GOING STRAIGHT,CURBED,FOUR ENTERING ROADS,4,NOT APPLICABLE,True,NOT APPLICABLE,"2,500 - 4,999 POP",NO,0624,0.278,US & STATE HIGHWAYS,"STRAIGHT, LEVEL",MINOR ARTERIAL,ON ROADWAY,"4 OR MORE LANES, DIVIDED",True,55,SH0361,DRY,STOP SIGN,CLEAR
19926452,10439,False,10439,2023,CORPUS CHRISTI,FAILED TO CONTROL SPEED; FAULTY EVASIVE ACTION,226303,25.633,2023-12-15,0,12,0,0,N - NOT INJURED,0,0855,0,2023,FRIDAY,33.352,0,FIXED OBJECT,TWO-WAY,08:00 - 08:59,,N/A,NON INTERSECTION,27.63557673,DAYLIGHT,YES,-97.20159274,ONE MOTOR VEHICLE - GOING STRAIGHT,NO MEDIAN,NOT APPLICABLE,5,"HIT TREE, SHRUB, LANDSCAPING",True,SWERVED OR VEERED-AVOIDING VEHICLE STOPPED OR MOVING SLOWLY IN TRAFFIC LANE,"250,000 POP AND OVER",NO,0638,-0.33,US & STATE HIGHWAYS,"STRAIGHT, LEVEL",MINOR ARTERIAL,OFF ROADWAY,"4 OR MORE LANES, UNDIVIDED",False,60,SH0361,WET,MARKED LANES,RAIN
19930932,12050,False,12050,2023,CORPUS CHRISTI,PASSED IN NO PASSING LANE,226303,19.363,2023-12-15,0,12,0,0,N - NOT INJURED,0,1600,0,2023,FRIDAY,27.082,0,MOTOR VEHICLE IN TRANSPORT,TWO-WAY,16:00 - 16:59,,N/A,NON INTERSECTION,27.71371456,DAYLIGHT,YES,-97.14907799,SAME DIRECTION - BOTH GOING STRAIGHT-SIDESWIPE,NO MEDIAN,NOT APPLICABLE,5,NOT APPLICABLE,True,VEHICLE PASSING OR ATTEMPTING TO PASS ON LEFT,"250,000 POP AND OVER",NO,0632,-0.601,US & STATE HIGHWAYS,"STRAIGHT, LEVEL",MINOR ARTERIAL,ON ROADWAY,"4 OR MORE LANES, UNDIVIDED",False,60,SH0361,DRY,CENTER STRIPE/DIVIDER,CLEAR
19932210,10439,False,10439,2023,CORPUS CHRISTI,FAILED TO DRIVE IN SINGLE LANE; TURNED WHEN UNSAFE,226303,26.742,2023-12-19,0,12,0,1,C - POSSIBLE INJURY,0,1417,1,2023,TUESDAY,34.461,0,MOTOR VEHICLE IN TRANSPORT,TWO-WAY,14:00 - 14:59,,N/A,NON INTERSECTION,27.6217862,DAYLIGHT,YES,-97.21094102,SAME DIRECTION - ONE STRAIGHT-ONE LEFT TURN,NO MEDIAN,NOT APPLICABLE,5,NOT APPLICABLE,True,NOT APPLICABLE,"250,000 POP AND OVER",NO,0638,0.779,US & STATE HIGHWAYS,"CURVE, HILLCREST",MINOR ARTERIAL,ON ROADWAY,"4 OR MORE LANES, UNDIVIDED",False,55,SH0361,DRY,CENTER STRIPE/DIVIDER,CLEAR
20004240,10439,False,10439,2023,CORPUS CHRISTI,FAILED TO DRIVE IN SINGLE LANE;UNSAFE SPEED,226303,27.462,2024-01-31,0,1,0,0,99 - UNKNOWN,0,0353,0,2024,WEDNESDAY,35.181,0,OVERTURNED,TWO-WAY,03:00 - 03:59,,N/A,NON INTERSECTION,27.61788129,"DARK, LIGHTED",YES,-97.22118984,ONE MOTOR VEHICLE - GOING STRAIGHT,NO MEDIAN,NOT APPLICABLE,5,OVERTURNED,True,NOT APPLICABLE,"250,000 POP AND OVER",NO,0638,1.499,US & STATE HIGHWAYS,"STRAIGHT, LEVEL",MINOR ARTERIAL,OFF ROADWAY,"4 OR MORE LANES, UNDIVIDED",False,60,SH0361,DRY,CENTER STRIPE/DIVIDER,CLOUDY
20022848,15893,False,15893,2023,PORT ARANSAS,FAILED TO YIELD RIGHT OF WAY - TURN ON RED,226303,11.782,2024-02-09,0,2,0,0,N - NOT INJURED,0,1354,0,2024,FRIDAY,19.501,0,MOTOR VEHICLE IN TRANSPORT,BOULEVARD,13:00 - 13:59,,UNKNOWN,INTERSECTION RELATED,27.80633028,DAYLIGHT,YES,-97.08242424,ANGLE - ONE STRAIGHT-ONE RIGHT TURN,CURBED,NOT APPLICABLE,4,NOT APPLICABLE,True,NOT APPLICABLE,"2,500 - 4,999 POP",NO,0624,-0.249,US & STATE HIGHWAYS,"STRAIGHT, LEVEL",MINOR ARTERIAL,ON ROADWAY,"4 OR MORE LANES, DIVIDED",True,55,SH0361,DRY,SIGNAL LIGHT,CLOUDY
20046318,15893,True,15893,2023,PORT ARANSAS,UNDER INFLUENCE - ALCOHOL,226303,11.781,2024-02-24,0,2,0,0,N - NOT INJURED,0,2010,0,2024,SATURDAY,19.5,0,MOTOR VEHICLE IN TRANSPORT,BOULEVARD,20:00 - 20:59,,UNKNOWN,INTERSECTION RELATED,27.80641607,"DARK, LIGHTED",YES,-97.08251045,ANGLE - ONE RIGHT TURN-ONE STOPPED,CURBED,FOUR ENTERING ROADS,4,NOT APPLICABLE,True,"SLOWING/STOPPING - FOR OFFICER, FLAGMAN, OR TRAFFIC CONTROL","2,500 - 4,999 POP",NO,0624,-0.25,US & STATE HIGHWAYS,"STRAIGHT, LEVEL",MINOR ARTERIAL,ON ROADWAY,"4 OR MORE LANES, DIVIDED",True,55,SH0361,DRY,SIGNAL LIGHT,CLEAR
20074746,10439,False,10439,2023,CORPUS CHRISTI,FAILED TO CONTROL SPEED,226303,24.144,2024-03-07,0,3,0,0,N - NOT INJURED,0,0938,0,2024,THURSDAY,31.863,0,MOTOR VEHICLE IN TRANSPORT,TWO-WAY,09:00 - 09:59,,N/A,NON INTERSECTION,27.65412779,DAYLIGHT,YES,-97.18913671,SAME DIRECTION - BOTH GOING STRAIGHT-REAR END,NO MEDIAN,NOT APPLICABLE,5,NOT APPLICABLE,True,SLOWING/STOPPING-FOR TRAFFIC,"250,000 POP AND OVER",NO,0636,0.18,US & STATE HIGHWAYS,"STRAIGHT, LEVEL",MINOR ARTERIAL,ON ROADWAY,"4 OR MORE LANES, UNDIVIDED",False,60,SH0361,DRY,CENTER STRIPE/DIVIDER,CLEAR
20074888,12050,False,12050,2023,CORPUS CHRISTI,FAILED TO CONTROL SPEED; UNDER INFLUENCE - ALCOHOL,226303,16.444,2024-03-11,0,3,0,5,C - POSSIBLE INJURY,0,2316,5,2024,MONDAY,24.163,0,MOTOR VEHICLE IN TRANSPORT,TWO-WAY,23:00 - 23:59,,N/A,NON INTERSECTION,27.75007313,"DARK, NOT LIGHTED",YES,-97.12460101,SAME DIRECTION - BOTH GOING STRAIGHT-REAR END,NO MEDIAN,NOT APPLICABLE,5,OVERTURNED,True,NOT APPLICABLE,"250,000 POP AND OVER",NO,0628,0.462,US & STATE HIGHWAYS,"STRAIGHT, LEVEL",MINOR ARTERIAL,ON ROADWAY,"4 OR MORE LANES, UNDIVIDED",False,60,SH0361,DRY,CENTER STRIPE/DIVIDER,CLOUDY
20087776,10439,False,10439,2023,CORPUS CHRISTI,DRIVER INATTENTION,226303,26.722,2024-03-14,0,3,0,0,N - NOT INJURED,0,1847,0,2024,THURSDAY,34.441,0,MOTOR VEHICLE IN TRANSPORT,TWO-WAY,18:00 - 18:59,0022,PR0022,INTERSECTION RELATED,27.62202759,DAYLIGHT,YES,-97.21077249,SAME DIRECTION - ONE STRAIGHT-ONE STOPPED,NO MEDIAN,NOT APPLICABLE,5,NOT APPLICABLE,True,"SLOWING/STOPPING - FOR OFFICER, FLAGMAN, OR TRAFFIC CONTROL","250,000 POP AND OVER",NO,0638,0.759,US & STATE HIGHWAYS,"STRAIGHT, LEVEL",MINOR ARTERIAL,ON ROADWAY,"4 OR MORE LANES, UNDIVIDED",False,15,SH0361,DRY,STOP SIGN,CLOUDY
20088057,15893,False,15893,2023,PORT ARANSAS,DRIVER INATTENTION; UNDER INFLUENCE - ALCOHOL,226303,11.884,2024-03-14,0,3,0,0,N - NOT INJURED,0,1856,0,2024,THURSDAY,19.603,0,MOTOR VEHICLE IN TRANSPORT,BOULEVARD,18:00 - 18:59,,N/A,NON INTERSECTION,27.80514458,DAYLIGHT,YES,-97.08342033,SAME DIRECTION - ONE STRAIGHT-ONE STOPPED,CURBED,NOT APPLICABLE,4,NOT APPLICABLE,True,SLOWING/STOPPING-FOR TRAFFIC,"2,500 - 4,999 POP",NO,0624,-0.147,US & STATE HIGHWAYS,"STRAIGHT, LEVEL",MINOR ARTERIAL,ON ROADWAY,"4 OR MORE LANES, DIVIDED",True,60,SH0361,DRY,FLASHING YELLOW LIGHT,CLEAR
20088054,15893,True,15893,2023,PORT ARANSAS,DISREGARD STOP SIGN OR LIGHT,226303,11.782,2024-03-15,0,3,0,0,N - NOT INJURED,0,1449,0,2024,FRIDAY,19.501,0,MOTOR VEHICLE IN TRANSPORT,BOULEVARD,14:00 - 14:59,,ACCESS ROAD 1 A,INTERSECTION,27.80633127,DAYLIGHT,YES,-97.08242341,ANGLE - ONE STRAIGHT-ONE LEFT TURN,CURBED,THREE ENTERING ROADS - T,4,NOT APPLICABLE,True,NOT APPLICABLE,"2,500 - 4,999 POP",NO,0624,-0.249,US & STATE HIGHWAYS,"STRAIGHT, LEVEL",MINOR ARTERIAL,ON ROADWAY,"4 OR MORE LANES, DIVIDED",True,55,SH0361,DRY,STOP SIGN,CLEAR
20183837,10439,False,10439,2023,CORPUS CHRISTI,OTHER (EXPLAIN IN NARRATIVE),226303,26.822,2024-05-01,0,5,0,0,N - NOT INJURED,0,1114,0,2024,WEDNESDAY,34.541,0,MOTOR VEHICLE IN TRANSPORT,TWO-WAY,11:00 - 11:59,,N/A,NON INTERSECTION,27.62087495,DAYLIGHT,YES,-97.21175012,SAME DIRECTION - BOTH GOING STRAIGHT-SIDESWIPE,NO MEDIAN,NOT APPLICABLE,5,NOT APPLICABLE,True,VEHICLE CHANGING LANES,"250,000 POP AND OVER",NO,0638,0.859,US & STATE HIGHWAYS,"STRAIGHT, LEVEL",MINOR ARTERIAL,ON ROADWAY,"4 OR MORE LANES, UNDIVIDED",False,55,SH0361,DRY,CENTER STRIPE/DIVIDER,CLOUDY
20218484,12050,False,12050,2023,CORPUS CHRISTI,CHANGED LANE WHEN UNSAFE; UNDER INFLUENCE - ALCOHOL,226303,18.05,2024-05-14,2,5,0,2,K - FATAL INJURY,1,1809,3,2024,TUESDAY,25.769,1,MOTOR VEHICLE IN TRANSPORT,TWO-WAY,18:00 - 18:59,,N/A,NON INTERSECTION,27.7300636,DAYLIGHT,YES,-97.13806263,SAME DIRECTION - BOTH GOING STRAIGHT-SIDESWIPE,NO MEDIAN,NOT APPLICABLE,5,NOT APPLICABLE,True,VEHICLE CHANGING LANES,"250,000 POP AND OVER",NO,0630,0.037,US & STATE HIGHWAYS,"STRAIGHT, LEVEL",MINOR ARTERIAL,ON ROADWAY,"4 OR MORE LANES, UNDIVIDED",False,60,SH0361,DRY,CENTER STRIPE/DIVIDER,CLEAR
20193987,10439,False,10439,2023,CORPUS CHRISTI,CHANGED LANE WHEN UNSAFE,226303,27.47,2024-05-18,0,5,1,0,B - SUSPECTED MINOR INJURY,0,1821,1,2024,SATURDAY,35.189,0,MOTOR VEHICLE IN TRANSPORT,TWO-WAY,18:00 - 18:59,,N/A,NON INTERSECTION,27.61788299,DAYLIGHT,YES,-97.22130939,SAME DIRECTION - BOTH GOING STRAIGHT-SIDESWIPE,NO MEDIAN,NOT APPLICABLE,5,NOT APPLICABLE,True,VEHICLE CHANGING LANES,"250,000 POP AND OVER",NO,0638,1.507,US & STATE HIGHWAYS,"CURVE, LEVEL",MINOR ARTERIAL,ON ROADWAY,"4 OR MORE LANES, UNDIVIDED",False,55,SH0361,DRY,MARKED LANES,CLEAR
20208888,10439,False,10439,2023,CORPUS CHRISTI,FAILED TO CONTROL SPEED,226303,27.494,2024-05-22,0,5,0,0,N - NOT INJURED,0,1545,0,2024,WEDNESDAY,35.213,0,MOTOR VEHICLE IN TRANSPORT,TWO-WAY,15:00 - 15:59,,N/A,NON INTERSECTION,27.61788867,DAYLIGHT,YES,-97.22170953,SAME DIRECTION - BOTH GOING STRAIGHT-REAR END,NO MEDIAN,NOT APPLICABLE,5,NOT APPLICABLE,True,NOT APPLICABLE,"250,000 POP AND OVER",NO,0638,1.531,US & STATE HIGHWAYS,"STRAIGHT, LEVEL",MINOR ARTERIAL,ON ROADWAY,"4 OR MORE LANES, UNDIVIDED",False,45,SH0361,DRY,MARKED LANES,CLEAR
20205430,10439,False,10439,2023,CORPUS CHRISTI,FAILED TO PASS TO RIGHT SAFELY,226303,25.676,2024-05-27,0,5,0,0,N - NOT INJURED,0,1038,0,2024,MONDAY,33.395,0,MOTOR VEHICLE IN TRANSPORT,TWO-WAY,10:00 - 10:59,,N/A,NON INTERSECTION,27.63503138,DAYLIGHT,YES,-97.20196326,SAME DIRECTION - BOTH GOING STRAIGHT-SIDESWIPE,NO MEDIAN,NOT APPLICABLE,5,NOT APPLICABLE,True,VEHICLE PASSING OR ATTEMPTING TO PASS ON RIGHT,"250,000 POP AND OVER",NO,0638,-0.287,US & STATE HIGHWAYS,"STRAIGHT, LEVEL",MINOR ARTERIAL,ON ROADWAY,"4 OR MORE LANES, UNDIVIDED",False,65,SH0361,DRY,MARKED LANES,CLEAR
20222205,10439,True,10439,2023,CORPUS CHRISTI,FAILED TO YIELD RIGHT OF WAY - TURNING LEFT,226303,26.723,2024-05-30,0,5,0,0,N - NOT INJURED,0,1734,0,2024,THURSDAY,34.442,0,MOTOR VEHICLE IN TRANSPORT,TWO-WAY,17:00 - 17:59,,ZAHN RD,INTERSECTION,27.62201986,DAYLIGHT,YES,-97.21077788,OPPOSITE DIRECTION - ONE STRAIGHT-ONE LEFT TURN,NO MEDIAN,THREE ENTERING ROADS - T,5,NOT APPLICABLE,True,NOT APPLICABLE,"250,000 POP AND OVER",NO,0638,0.76,US & STATE HIGHWAYS,"STRAIGHT, LEVEL",MINOR ARTERIAL,ON ROADWAY,"4 OR MORE LANES, UNDIVIDED",False,55,SH0361,DRY,MARKED LANES,CLEAR
20222248,10439,False,10439,2023,CORPUS CHRISTI,FAILED TO CONTROL SPEED,226303,27.496,2024-05-31,0,5,1,1,B - SUSPECTED MINOR INJURY,0,0924,2,2024,FRIDAY,35.215,0,MOTOR VEHICLE IN TRANSPORT,TWO-WAY,09:00 - 09:59,0022,PR0022,INTERSECTION RELATED,27.6178891,DAYLIGHT,YES,-97.22174031,SAME DIRECTION - BOTH GOING STRAIGHT-REAR END,NO MEDIAN,NOT APPLICABLE,5,NOT APPLICABLE,True,"SLOWING/STOPPING - FOR OFFICER, FLAGMAN, OR TRAFFIC CONTROL","250,000 POP AND OVER",NO,0638,1.533,US & STATE HIGHWAYS,"STRAIGHT, LEVEL",MINOR ARTERIAL,ON ROADWAY,"4 OR MORE LANES, UNDIVIDED",False,55,SH0361,DRY,MARKED LANES,CLEAR
20246357,12050,False,12050,2023,CORPUS CHRISTI,TURNED WHEN UNSAFE,226303,18.994,2024-06-17,0,6,0,4,C - POSSIBLE INJURY,0,1442,4,2024,MONDAY,26.713,0,MOTOR VEHICLE IN TRANSPORT,TWO-WAY,14:00 - 14:59,,N/A,NON INTERSECTION,27.71830671,DAYLIGHT,YES,-97.14598077,SAME DIRECTION - ONE STRAIGHT-ONE LEFT TURN,NO MEDIAN,NOT APPLICABLE,5,NOT APPLICABLE,True,NOT APPLICABLE,"250,000 POP AND OVER",NO,0632,-0.97,US & STATE HIGHWAYS,"STRAIGHT, LEVEL",MINOR ARTERIAL,ON ROADWAY,"4 OR MORE LANES, UNDIVIDED",False,65,SH0361,DRY,CENTER STRIPE/DIVIDER,CLEAR
20270614,10439,False,10439,2023,CORPUS CHRISTI,FAILED TO CONTROL SPEED,226303,25.701,2024-06-23,0,6,0,0,N - NOT INJURED,0,1038,0,2024,SUNDAY,33.42,0,MOTOR VEHICLE IN TRANSPORT,TWO-WAY,10:00 - 10:59,,N/A,NON INTERSECTION,27.63472641,DAYLIGHT,YES,-97.20217058,SAME DIRECTION - BOTH GOING STRAIGHT-REAR END,NO MEDIAN,NOT APPLICABLE,5,NOT APPLICABLE,True,SLOWING/STOPPING-FOR TRAFFIC,"250,000 POP AND OVER",NO,0638,-0.262,US & STATE HIGHWAYS,"STRAIGHT, LEVEL",MINOR ARTERIAL,ON ROADWAY,"4 OR MORE LANES, UNDIVIDED",False,65,SH0361,WET,CENTER STRIPE/DIVIDER,RAIN
20270675,12050,False,12050,2023,CORPUS CHRISTI,FAILED TO CONTROL SPEED,226303,16.916,2024-07-01,0,7,1,3,B - SUSPECTED MINOR INJURY,0,1142,4,2024,MONDAY,24.635,0,MOTOR VEHICLE IN TRANSPORT,TWO-WAY,11:00 - 11:59,,N/A,NON INTERSECTION,27.74419688,DAYLIGHT,YES,-97.12854063,SAME DIRECTION - BOTH GOING STRAIGHT-REAR END,NO MEDIAN,NOT APPLICABLE,5,NOT APPLICABLE,True,NOT APPLICABLE,"250,000 POP AND OVER",NO,0628,0.934,US & STATE HIGHWAYS,"STRAIGHT, LEVEL",MINOR ARTERIAL,ON ROADWAY,"4 OR MORE LANES, UNDIVIDED",False,60,SH0361,DRY,MARKED LANES,CLEAR
20271622,15893,True,15893,2023,PORT ARANSAS,DRIVER INATTENTION,226303,11.782,2024-07-04,0,7,0,0,N - NOT INJURED,0,1328,0,2024,THURSDAY,19.501,0,MOTOR VEHICLE IN TRANSPORT,BOULEVARD,13:00 - 13:59,,UNKNOWN,INTERSECTION RELATED,27.80641265,DAYLIGHT,YES,-97.08251347,SAME DIRECTION - ONE STRAIGHT-ONE STOPPED,CURBED,FOUR ENTERING ROADS,4,NOT APPLICABLE,True,SLOWING/STOPPING-TO MAKE RIGHT TURN,"2,500 - 4,999 POP",NO,0624,-0.249,US & STATE HIGHWAYS,"STRAIGHT, LEVEL",MINOR ARTERIAL,ON ROADWAY,"4 OR MORE LANES, DIVIDED",True,30,SH0361,DRY,SIGNAL LIGHT,CLEAR
20273211,15893,False,15893,2023,PORT ARANSAS,OTHER (EXPLAIN IN NARRATIVE),226303,11.795,2024-07-05,0,7,1,0,B - SUSPECTED MINOR INJURY,0,0921,1,2024,FRIDAY,19.514,0,MOTOR VEHICLE IN TRANSPORT,BOULEVARD,09:00 - 09:59,,ACCESS ROAD 1 A,INTERSECTION RELATED,27.80618317,DAYLIGHT,YES,-97.08254782,SAME DIRECTION - ONE STRAIGHT-ONE STOPPED,CURBED,NOT APPLICABLE,4,NOT APPLICABLE,True,"SLOWING/STOPPING - FOR OFFICER, FLAGMAN, OR TRAFFIC CONTROL","2,500 - 4,999 POP",NO,0624,-0.236,US & STATE HIGHWAYS,"STRAIGHT, LEVEL",MINOR ARTERIAL,ON ROADWAY,"4 OR MORE LANES, DIVIDED",True,45,SH0361,DRY,SIGNAL LIGHT,CLEAR
20272975,10439,False,10439,2023,CORPUS CHRISTI,FAILED TO CONTROL SPEED,226303,27.494,2024-07-06,0,7,0,0,N - NOT INJURED,0,1844,0,2024,SATURDAY,35.213,0,MOTOR VEHICLE IN TRANSPORT,TWO-WAY,18:00 - 18:59,0022,PR0022,INTERSECTION RELATED,27.61788867,DAYLIGHT,YES,-97.22170953,SAME DIRECTION - BOTH GOING STRAIGHT-REAR END,NO MEDIAN,NOT APPLICABLE,5,NOT APPLICABLE,True,SLOWING/STOPPING-FOR TRAFFIC,"250,000 POP AND OVER",NO,0638,1.531,US & STATE HIGHWAYS,"STRAIGHT, LEVEL",MINOR ARTERIAL,ON ROADWAY,"4 OR MORE LANES, UNDIVIDED",False,55,SH0361,DRY,MARKED LANES,CLEAR
20298496,10439,False,10439,2023,CORPUS CHRISTI,FAILED TO YIELD RIGHT OF WAY - TURNING LEFT,226303,20.454,2024-07-16,0,7,0,0,N - NOT INJURED,0,1250,0,2024,TUESDAY,28.173,0,MOTOR VEHICLE IN TRANSPORT,TWO-WAY,12:00 - 12:59,,N/A,DRIVEWAY ACCESS,27.70010612,DAYLIGHT,YES,-97.15821285,SAME DIRECTION - ONE STRAIGHT-ONE LEFT TURN,NO MEDIAN,NOT APPLICABLE,5,NOT APPLICABLE,True,ONE VEHICLE ENTERING DRIVEWAY,"250,000 POP AND OVER",NO,0632,0.49,US & STATE HIGHWAYS,"STRAIGHT, LEVEL",MINOR ARTERIAL,ON ROADWAY,"4 OR MORE LANES, UNDIVIDED",False,60,SH0361,DRY,CENTER STRIPE/DIVIDER,CLEAR
20297197,10439,True,10439,2023,CORPUS CHRISTI,FAILED TO YIELD RIGHT OF WAY - STOP SIGN,226303,26.723,2024-07-20,0,7,0,5,C - POSSIBLE INJURY,0,1822,5,2024,SATURDAY,34.442,0,MOTOR VEHICLE IN TRANSPORT,TWO-WAY,18:00 - 18:59,,ZAHN RD,INTERSECTION,27.62201986,DAYLIGHT,YES,-97.21077788,ANGLE - ONE STRAIGHT-ONE LEFT TURN,NO MEDIAN,THREE ENTERING ROADS - T,5,NOT APPLICABLE,True,NOT APPLICABLE,"250,000 POP AND OVER",NO,0638,0.76,US & STATE HIGHWAYS,"STRAIGHT, LEVEL",MINOR ARTERIAL,ON ROADWAY,"4 OR MORE LANES, UNDIVIDED",False,60,SH0361,DRY,STOP SIGN,CLOUDY
20321879,10439,True,10439,2023,CORPUS CHRISTI,FAILED TO YIELD RIGHT OF WAY - STOP SIGN,226303,19.998,2024-07-27,0,7,0,2,C - POSSIBLE INJURY,0,1715,2,2024,SATURDAY,27.717,0,MOTOR VEHICLE IN TRANSPORT,TWO-WAY,17:00 - 17:59,,BEACH ACCESS ROAD 2,INTERSECTION,27.70581036,DAYLIGHT,YES,-97.1544104,ANGLE - ONE STRAIGHT-ONE LEFT TURN,NO MEDIAN,THREE ENTERING ROADS - T,5,OVERTURNED,True,NOT APPLICABLE,"250,000 POP AND OVER",NO,0632,0.034,INTERSTATE,"STRAIGHT, LEVEL",MINOR ARTERIAL,ON ROADWAY,"4 OR MORE LANES, UNDIVIDED",False,60,SH0361,WET,STOP SIGN,RAIN
20319644,12050,False,12050,2023,CORPUS CHRISTI,TURNED WHEN UNSAFE,226303,18.681,2024-08-02,0,8,0,0,N - NOT INJURED,0,0003,0,2024,FRIDAY,26.4,0,FIXED OBJECT,TWO-WAY,00:00 - 00:59,,N/A,NON INTERSECTION,27.7221971,"DARK, LIGHTED",YES,-97.14335686,ONE MOTOR VEHICLE - GOING STRAIGHT,NO MEDIAN,NOT APPLICABLE,5,DITCH,True,VEHICLE CHANGING LANES,"250,000 POP AND OVER",NO,0630,0.668,US & STATE HIGHWAYS,"STRAIGHT, LEVEL",MINOR ARTERIAL,OFF ROADWAY,"4 OR MORE LANES, UNDIVIDED",False,60,SH0361,DRY,MARKED LANES,CLEAR
20336999,10439,False,10439,2023,CORPUS CHRISTI,FAILED TO DRIVE IN SINGLE LANE,226303,23.4,2024-08-09,1,8,10,0,K - FATAL INJURY,1,2021,11,2024,FRIDAY,31.119,1,MOTOR VEHICLE IN TRANSPORT,TWO-WAY,20:00 - 20:59,,N/A,NON INTERSECTION,27.66340043,DUSK,YES,-97.18290899,OPPOSITE DIRECTION - BOTH GOING STRAIGHT,NO MEDIAN,NOT APPLICABLE,5,OVERTURNED,True,NOT APPLICABLE,"250,000 POP AND OVER",NO,0636,-0.564,US & STATE HIGHWAYS,"STRAIGHT, LEVEL",MINOR ARTERIAL,ON ROADWAY,"4 OR MORE LANES, UNDIVIDED",False,60,SH0361,DRY,MARKED LANES,CLEAR
20351341,12050,False,12050,2023,CORPUS CHRISTI,CHANGED LANE WHEN UNSAFE,226303,18.058,2024-08-22,0,8,0,0,N - NOT INJURED,0,2157,0,2024,THURSDAY,25.777,0,PARKED CAR,TWO-WAY,21:00 - 21:59,,N/A,NON INTERSECTION,27.72995584,"DARK, NOT LIGHTED",YES,-97.13813532,ONE MOTOR VEHICLE - GOING STRAIGHT,NO MEDIAN,NOT APPLICABLE,5,NOT APPLICABLE,True,OPEN DOOR OR OBJECT PROJECTING FROM VEHICLE,"250,000 POP AND OVER",NO,0630,0.045,US & STATE HIGHWAYS,"STRAIGHT, LEVEL",MINOR ARTERIAL,ON ROADWAY,"4 OR MORE LANES, UNDIVIDED",False,55,SH0361,DRY,MARKED LANES,CLEAR
20401041,12050,False,12050,2023,CORPUS CHRISTI,DRIVER INATTENTION; FAULTY EVASIVE ACTION,226303,15.828,2024-09-20,0,9,1,0,B - SUSPECTED MINOR INJURY,0,1133,1,2024,FRIDAY,23.547,0,OVERTURNED,TWO-WAY,11:00 - 11:59,,N/A,NON INTERSECTION,27.75773507,DAYLIGHT,YES,-97.11942503,ONE MOTOR VEHICLE - GOING STRAIGHT,NO MEDIAN,NOT APPLICABLE,5,DITCH,True,ATTENTION DIVERTED FROM DRIVING,"250,000 POP AND OVER",NO,0628,-0.154,US & STATE HIGHWAYS,"STRAIGHT, LEVEL",MINOR ARTERIAL,OFF ROADWAY,"4 OR MORE LANES, UNDIVIDED",False,60,SH0361,DRY,NONE,CLEAR
20421546,15893,True,15893,2023,PORT ARANSAS,DISREGARD STOP AND GO SIGNAL; DRIVER INATTENTION,226303,11.782,2024-09-29,0,9,0,0,N - NOT INJURED,0,1337,0,2024,SUNDAY,19.501,0,MOTOR VEHICLE IN TRANSPORT,BOULEVARD,13:00 - 13:59,,PIPER BLVD,INTERSECTION,27.80641206,DAYLIGHT,YES,-97.08251399,ANGLE - BOTH GOING STRAIGHT,CURBED,FOUR ENTERING ROADS,4,NOT APPLICABLE,True,ATTENTION DIVERTED FROM DRIVING,"2,500 - 4,999 POP",NO,0624,-0.249,US & STATE HIGHWAYS,"STRAIGHT, LEVEL",MINOR ARTERIAL,ON ROADWAY,"4 OR MORE LANES, DIVIDED",True,55,SH0361,DRY,SIGNAL LIGHT,CLEAR
20419630,10439,False,10439,2023,CORPUS CHRISTI,CHANGED LANE WHEN UNSAFE,226303,26.624,2024-09-30,0,9,0,0,N - NOT INJURED,0,0045,0,2024,MONDAY,34.343,0,FIXED OBJECT,TWO-WAY,00:00 - 00:59,,N/A,NON INTERSECTION,27.62323386,"DARK, NOT LIGHTED",YES,-97.20993034,ONE MOTOR VEHICLE - GOING STRAIGHT,NO MEDIAN,NOT APPLICABLE,5,DITCH,True,VEHICLE CHANGING LANES,"250,000 POP AND OVER",NO,0638,0.661,US & STATE HIGHWAYS,"STRAIGHT, LEVEL",MINOR ARTERIAL,OFF ROADWAY,"4 OR MORE LANES, UNDIVIDED",False,55,SH0361,DRY,MARKED LANES,CLEAR
20468788,10439,True,10439,2023,CORPUS CHRISTI,FAILED TO YIELD RIGHT OF WAY - STOP SIGN,226303,26.723,2024-10-25,0,10,0,0,N - NOT INJURED,0,2129,0,2024,FRIDAY,34.442,0,MOTOR VEHICLE IN TRANSPORT,TWO-WAY,21:00 - 21:59,,ZAHN RD,INTERSECTION,27.62201986,"DARK, NOT LIGHTED",YES,-97.21077788,ANGLE - BOTH GOING STRAIGHT,NO MEDIAN,THREE ENTERING ROADS - T,5,NOT APPLICABLE,True,NOT APPLICABLE,"250,000 POP AND OVER",NO,0638,0.76,US & STATE HIGHWAYS,"STRAIGHT, LEVEL",MINOR ARTERIAL,ON ROADWAY,"4 OR MORE LANES, UNDIVIDED",False,60,SH0361,DRY,STOP SIGN,CLEAR
20493757,15893,True,15893,2023,PORT ARANSAS,FAILED TO YIELD RIGHT OF WAY - TURNING LEFT,226303,12.309,2024-11-10,0,11,2,1,B - SUSPECTED MINOR INJURY,0,1913,3,2024,SUNDAY,20.028,0,MOTOR VEHICLE IN TRANSPORT,BOULEVARD,19:00 - 19:59,,UNKNOWN,INTERSECTION,27.80027629,"DARK, LIGHTED",YES,-97.08769507,OPPOSITE DIRECTION - ONE STRAIGHT-ONE LEFT TURN,CURBED,THREE ENTERING ROADS - T,4,HIT FENCE,True,NOT APPLICABLE,"2,500 - 4,999 POP",NO,0624,0.278,US & STATE HIGHWAYS,"STRAIGHT, LEVEL",MINOR ARTERIAL,ON ROADWAY,"4 OR MORE LANES, DIVIDED",True,60,SH0361,DRY,STOP SIGN,CLEAR
20564061,10439,False,10439,2023,CORPUS CHRISTI,FAILED TO DRIVE IN SINGLE LANE;FAULTY EVASIVE ACTION;OTHER (EXPLAIN IN NARRATIVE),226303,24.74,2024-12-14,0,12,0,1,C - POSSIBLE INJURY,0,0742,1,2024,SATURDAY,32.459,0,FIXED OBJECT,TWO-WAY,07:00 - 07:59,,N/A,NON INTERSECTION,27.64669662,DAYLIGHT,YES,-97.19410769,ONE MOTOR VEHICLE - GOING STRAIGHT,NO MEDIAN,NOT APPLICABLE,5,HIT UTILITY POLE,True,"LOST CONTROL OR SKIDDED (ICY OR SLICK ROAD, ETC.)","250,000 POP AND OVER",NO,0636,0.776,US & STATE HIGHWAYS,"STRAIGHT, LEVEL",MINOR ARTERIAL,OFF ROADWAY,"4 OR MORE LANES, UNDIVIDED",False,65,SH0361,WET,CENTER STRIPE/DIVIDER,RAIN
20577446,10439,False,10439,2023,CORPUS CHRISTI,LOAD NOT SECURED,226303,23.648,2024-12-19,0,12,0,0,N - NOT INJURED,0,1225,0,2024,THURSDAY,31.367,0,OTHER OBJECT,TWO-WAY,12:00 - 12:59,,N/A,NON INTERSECTION,27.66030584,DAYLIGHT,YES,-97.18498195,ONE MOTOR VEHICLE - GOING STRAIGHT,NO MEDIAN,NOT APPLICABLE,5,HIT OBJECT FROM ANOTHER VEHICLE IN ROAD,True,NOT APPLICABLE,"250,000 POP AND OVER",NO,0636,-0.316,US & STATE HIGHWAYS,"STRAIGHT, LEVEL",MINOR ARTERIAL,ON ROADWAY,"4 OR MORE LANES, UNDIVIDED",False,60,SH0361,DRY,MARKED LANES,CLEAR
20583432,15893,True,15893,2023,PORT ARANSAS,DRIVER INATTENTION,226303,11.782,2024-12-27,0,12,1,0,B - SUSPECTED MINOR INJURY,0,1227,1,2024,FRIDAY,19.501,0,PEDALCYCLIST,BOULEVARD,12:00 - 12:59,,UNKNOWN,INTERSECTION RELATED,27.80633127,DAYLIGHT,YES,-97.08242341,ONE MOTOR VEHICLE - GOING STRAIGHT,CURBED,FOUR ENTERING ROADS,4,NOT APPLICABLE,True,NOT APPLICABLE,"2,500 - 4,999 POP",NO,0624,-0.249,US & STATE HIGHWAYS,"STRAIGHT, LEVEL",MINOR ARTERIAL,ON ROADWAY,"4 OR MORE LANES, DIVIDED",True,45,SH0361,DRY,SIGNAL LIGHT,CLOUDY
20626624,15893,True,15893,2023,PORT ARANSAS,DRIVER INATTENTION;FAILED TO YIELD RIGHT OF WAY - TURNING LEFT,226303,12.309,2025-01-24,0,1,0,0,N - NOT INJURED,0,1015,0,2025,FRIDAY,20.028,0,MOTOR VEHICLE IN TRANSPORT,BOULEVARD,10:00 - 10:59,,MUSTANG BLVD,INTERSECTION,27.80018889,DAYLIGHT,YES,-97.08758758,ANGLE - ONE STRAIGHT-ONE LEFT TURN,CURBED,THREE ENTERING ROADS - T,4,NOT APPLICABLE,True,NOT APPLICABLE,"2,500 - 4,999 POP",NO,0624,0.278,US & STATE HIGHWAYS,"STRAIGHT, LEVEL",MINOR ARTERIAL,ON ROADWAY,"4 OR MORE LANES, DIVIDED",True,55,SH0361,DRY,STOP SIGN,CLEAR
20772385,15893,True,15893,2023,PORT ARANSAS,DRIVER INATTENTION;FAILED TO YIELD RIGHT OF WAY - TURNING LEFT;OTHER (EXPLAIN IN NARRATIVE),226303,11.783,2025-02-18,0,2,1,0,B - SUSPECTED MINOR INJURY,0,1658,1,2025,TUESDAY,19.502,0,MOTOR VEHICLE IN TRANSPORT,BOULEVARD,16:00 - 16:59,,UNKNOWN,INTERSECTION,27.80639765,DAYLIGHT,YES,-97.08252673,OPPOSITE DIRECTION - ONE STRAIGHT-ONE LEFT TURN,CURBED,FOUR ENTERING ROADS,4,NOT APPLICABLE,True,NOT APPLICABLE,"2,500 - 4,999 POP",NO,0624,-0.248,US & STATE HIGHWAYS,"STRAIGHT, LEVEL",MINOR ARTERIAL,ON ROADWAY,"4 OR MORE LANES, DIVIDED",True,55,SH0361,DRY,SIGNAL LIGHT,FOG
20687070,12050,False,12050,2023,CORPUS CHRISTI,DRIVER INATTENTION; FAILED TO DRIVE IN SINGLE LANE,226303,19.799,2025-03-04,0,3,0,1,C - POSSIBLE INJURY,0,1957,1,2025,TUESDAY,27.518,0,PARKED CAR,TWO-WAY,19:00 - 19:59,,N/A,NON INTERSECTION,27.70828116,"DARK, NOT LIGHTED",YES,-97.1527426,ONE MOTOR VEHICLE - GOING STRAIGHT,NO MEDIAN,NOT APPLICABLE,5,NOT APPLICABLE,True,ATTENTION DIVERTED FROM DRIVING,"250,000 POP AND OVER",NO,0632,-0.165,US & STATE HIGHWAYS,"STRAIGHT, LEVEL",MINOR ARTERIAL,SHOULDER,"4 OR MORE LANES, UNDIVIDED",False,65,SH0361,DRY,CENTER STRIPE/DIVIDER,CLEAR
20695471,10439,False,10439,2023,CORPUS CHRISTI,UNSAFE SPEED,226303,27.238,2025-03-07,0,3,1,0,B - SUSPECTED MINOR INJURY,0,1541,1,2025,FRIDAY,34.957,0,MOTOR VEHICLE IN TRANSPORT,TWO-WAY,15:00 - 15:59,,N/A,NON INTERSECTION,27.61798028,DAYLIGHT,YES,-97.21754124,SAME DIRECTION - BOTH GOING STRAIGHT-REAR END,NO MEDIAN,NOT APPLICABLE,5,NOT APPLICABLE,True,NOT APPLICABLE,"250,000 POP AND OVER",NO,0638,1.275,US & STATE HIGHWAYS,"STRAIGHT, LEVEL",MINOR ARTERIAL,ON ROADWAY,"4 OR MORE LANES, UNDIVIDED",False,55,SH0361,DRY,MARKED LANES,CLEAR
20749211,10439,False,10439,2023,CORPUS CHRISTI,FAILED TO PASS TO RIGHT SAFELY,226303,26.817,2025-03-09,0,3,0,0,N - NOT INJURED,0,1502,0,2025,SUNDAY,34.536,0,MOTOR VEHICLE IN TRANSPORT,TWO-WAY,15:00 - 15:59,,N/A,NON INTERSECTION,27.62092836,DAYLIGHT,YES,-97.21170145,SAME DIRECTION - BOTH GOING STRAIGHT-SIDESWIPE,NO MEDIAN,NOT APPLICABLE,5,NOT APPLICABLE,True,VEHICLE CHANGING LANES,"250,000 POP AND OVER",NO,0638,0.854,US & STATE HIGHWAYS,"STRAIGHT, LEVEL",MINOR ARTERIAL,ON ROADWAY,"4 OR MORE LANES, UNDIVIDED",False,45,SH0361,DRY,MARKED LANES,CLEAR
20745399,10439,False,10439,2023,CORPUS CHRISTI,UNSAFE SPEED,226303,24.645,2025-03-12,0,3,0,0,N - NOT INJURED,0,1835,0,2025,WEDNESDAY,32.364,0,MOTOR VEHICLE IN TRANSPORT,TWO-WAY,18:00 - 18:59,,GULF BEACH ACCESS ROAD 3,INTERSECTION RELATED,27.64788059,DAYLIGHT,YES,-97.19329878,SAME DIRECTION - ONE STRAIGHT-ONE STOPPED,NO MEDIAN,NOT APPLICABLE,5,NOT APPLICABLE,True,SLOWING/STOPPING-FOR TRAFFIC,"250,000 POP AND OVER",NO,0636,0.681,US & STATE HIGHWAYS,"STRAIGHT, LEVEL",MINOR ARTERIAL,ON ROADWAY,"4 OR MORE LANES, UNDIVIDED",False,60,SH0361,DRY,MARKED LANES,CLEAR
20699356,10439,False,10439,2023,CORPUS CHRISTI,FAILED TO YIELD RIGHT OF WAY - TURNING LEFT,226303,21.201,2025-03-13,0,3,0,0,N - NOT INJURED,0,0936,0,2025,THURSDAY,28.92,0,MOTOR VEHICLE IN TRANSPORT,TWO-WAY,09:00 - 09:59,,N/A,NON INTERSECTION,27.69081101,DAYLIGHT,YES,-97.16447093,SAME DIRECTION - ONE STRAIGHT-ONE LEFT TURN,NO MEDIAN,NOT APPLICABLE,5,NOT APPLICABLE,True,NOT APPLICABLE,"250,000 POP AND OVER",NO,0634,-0.763,US & STATE HIGHWAYS,"STRAIGHT, LEVEL",MINOR ARTERIAL,ON ROADWAY,"4 OR MORE LANES, UNDIVIDED",False,65,SH0361,DRY,MARKED LANES,FOG
20723777,10439,True,10439,2023,CORPUS CHRISTI,DISREGARD TURN MARKS AT INTERSECTION,226303,27.498,2025-03-14,0,3,0,0,N - NOT INJURED,0,1102,0,2025,FRIDAY,35.217,0,MOTOR VEHICLE IN TRANSPORT,TWO-WAY,11:00 - 11:59,0022,PR0022,INTERSECTION,27.6178894,DAYLIGHT,YES,-97.22177124,SAME DIRECTION - BOTH LEFT TURN,NO MEDIAN,FOUR ENTERING ROADS,5,NOT APPLICABLE,True,NOT APPLICABLE,"250,000 POP AND OVER",NO,0638,1.535,US & STATE HIGHWAYS,"STRAIGHT, LEVEL",MINOR ARTERIAL,ON ROADWAY,"4 OR MORE LANES, UNDIVIDED",False,55,SH0361,DRY,MARKED LANES,CLEAR
20716195,12050,False,12050,2023,OUTSIDE CITY LIMITS,DISTRACTION IN VEHICLE; FOLLOWED TOO CLOSELY,226303,14.276,2025-03-15,0,3,0,0,N - NOT INJURED,0,1542,0,2025,SATURDAY,21.995,0,MOTOR VEHICLE IN TRANSPORT,TWO-WAY,15:00 - 15:59,,N/A,NON INTERSECTION,27.77706505,DAYLIGHT,YES,-97.10636305,SAME DIRECTION - BOTH GOING STRAIGHT-REAR END,NO MEDIAN,NOT APPLICABLE,5,NOT APPLICABLE,True,SLOWING/STOPPING-FOR TRAFFIC,RURAL,NO,0626,0.283,US & STATE HIGHWAYS,"STRAIGHT, LEVEL",MINOR ARTERIAL,ON ROADWAY,"4 OR MORE LANES, UNDIVIDED",True,60,SH0361,DRY,NONE,CLEAR
20708253,15893,True,15893,2023,PORT ARANSAS,FAULTY EVASIVE ACTION; FLEEING OR EVADING POLICE; SPEEDING - (OVERLIMIT),226303,11.782,2025-03-18,0,3,0,1,C - POSSIBLE INJURY,0,1833,1,2025,TUESDAY,19.501,0,FIXED OBJECT,BOULEVARD,18:00 - 18:59,,N/A,NON INTERSECTION,27.80641206,DAYLIGHT,YES,-97.08251399,ONE MOTOR VEHICLE - GOING STRAIGHT,CURBED,FOUR ENTERING ROADS,4,HIT OTHER FIXED OBJECT,True,NOT APPLICABLE,"2,500 - 4,999 POP",NO,0624,-0.249,US & STATE HIGHWAYS,"STRAIGHT, LEVEL",MINOR ARTERIAL,OFF ROADWAY,"4 OR MORE LANES, DIVIDED",True,55,SH0361,DRY,SIGNAL LIGHT,CLEAR
20757979,10439,False,10439,2023,CORPUS CHRISTI,BACKED WITHOUT SAFETY,226303,27.496,2025-03-22,0,3,1,0,B - SUSPECTED MINOR INJURY,0,1850,1,2025,SATURDAY,35.215,0,MOTOR VEHICLE IN TRANSPORT,TWO-WAY,18:00 - 18:59,0022,PR0022,INTERSECTION RELATED,27.6178891,DAYLIGHT,YES,-97.22174031,OPPOSITE DIRECTION - ONE BACKING-ONE STOPPED,NO MEDIAN,NOT APPLICABLE,5,NOT APPLICABLE,True,"SLOWING/STOPPING - FOR OFFICER, FLAGMAN, OR TRAFFIC CONTROL","250,000 POP AND OVER",NO,0638,1.533,US & STATE HIGHWAYS,"STRAIGHT, LEVEL",MINOR ARTERIAL,ON ROADWAY,"4 OR MORE LANES, UNDIVIDED",False,55,SH0361,DRY,MARKED LANES,CLEAR
20757741,10439,False,10439,2023,CORPUS CHRISTI,FAULTY EVASIVE ACTION,226303,27.441,2025-03-27,0,3,0,0,N - NOT INJURED,0,0657,0,2025,THURSDAY,35.16,0,MOTOR VEHICLE IN TRANSPORT,TWO-WAY,06:00 - 06:59,,N/A,NON INTERSECTION,27.61787644,DAYLIGHT,YES,-97.22084747,SAME DIRECTION - BOTH GOING STRAIGHT-SIDESWIPE,NO MEDIAN,NOT APPLICABLE,5,NOT APPLICABLE,True,VEHICLE CHANGING LANES,"250,000 POP AND OVER",NO,0638,1.478,US & STATE HIGHWAYS,"STRAIGHT, LEVEL",MINOR ARTERIAL,ON ROADWAY,"4 OR MORE LANES, UNDIVIDED",False,65,SH0361,WET,MARKED LANES,CLOUDY
20744925,12050,False,12050,2023,CORPUS CHRISTI,FAILED TO DRIVE IN SINGLE LANE; FATIGUED OR ASLEEP,226303,16.341,2025-04-07,0,4,0,0,N - NOT INJURED,0,0132,0,2025,MONDAY,24.06,0,FIXED OBJECT,TWO-WAY,01:00 - 01:59,,N/A,NON INTERSECTION,27.75135069,"DARK, NOT LIGHTED",YES,-97.12373911,ONE MOTOR VEHICLE - GOING STRAIGHT,NO MEDIAN,NOT APPLICABLE,5,HIT HIGHWAY SIGN,True,ATTENTION DIVERTED FROM DRIVING,"250,000 POP AND OVER",NO,0628,0.359,US & STATE HIGHWAYS,"STRAIGHT, LEVEL",MINOR ARTERIAL,OFF ROADWAY,"4 OR MORE LANES, UNDIVIDED",False,60,SH0361,DRY,CENTER STRIPE/DIVIDER,CLEAR
20756970,10439,False,10439,2023,CORPUS CHRISTI,FAILED TO CONTROL SPEED,226303,27.43,2025-04-12,0,4,0,2,C - POSSIBLE INJURY,0,0945,2,2025,SATURDAY,35.149,0,MOTOR VEHICLE IN TRANSPORT,TWO-WAY,09:00 - 09:59,,N/A,DRIVEWAY ACCESS,27.61787377,DAYLIGHT,YES,-97.22065974,SAME DIRECTION - BOTH GOING STRAIGHT-REAR END,NO MEDIAN,NOT APPLICABLE,5,NOT APPLICABLE,True,SLOWING/STOPPING-TO MAKE LEFT TURN,"250,000 POP AND OVER",NO,0638,1.467,US & STATE HIGHWAYS,"STRAIGHT, LEVEL",MINOR ARTERIAL,ON ROADWAY,"4 OR MORE LANES, UNDIVIDED",False,55,SH0361,DRY,MARKED LANES,CLEAR
20755619,10439,False,10439,2023,CORPUS CHRISTI,FAILED TO DRIVE IN SINGLE LANE,226303,20.454,2025-04-13,0,4,1,0,B - SUSPECTED MINOR INJURY,0,1710,1,2025,SUNDAY,28.173,0,OVERTURNED,TWO-WAY,17:00 - 17:59,,N/A,NON INTERSECTION,27.70010612,DAYLIGHT,YES,-97.15821285,ONE MOTOR VEHICLE - GOING STRAIGHT,NO MEDIAN,NOT APPLICABLE,5,OVERTURNED,True,NOT APPLICABLE,"250,000 POP AND OVER",NO,0632,0.49,US & STATE HIGHWAYS,"STRAIGHT, LEVEL",MINOR ARTERIAL,OFF ROADWAY,"4 OR MORE LANES, UNDIVIDED",False,65,SH0361,DRY,MARKED LANES,CLEAR
20813334,15893,True,15893,2023,PORT ARANSAS,FAILED TO CONTROL SPEED,226303,11.782,2025-05-15,0,5,2,0,B - SUSPECTED MINOR INJURY,0,1435,2,2025,THURSDAY,19.501,0,MOTOR VEHICLE IN TRANSPORT,BOULEVARD,14:00 - 14:59,,BEACH ACCESS ROAD 1A,INTERSECTION RELATED,27.80633127,DAYLIGHT,YES,-97.08242341,SAME DIRECTION - ONE STRAIGHT-ONE STOPPED,CURBED,FOUR ENTERING ROADS,4,NOT APPLICABLE,True,"SLOWING/STOPPING - FOR OFFICER, FLAGMAN, OR TRAFFIC CONTROL","2,500 - 4,999 POP",NO,0624,-0.249,US & STATE HIGHWAYS,"STRAIGHT, LEVEL",MINOR ARTERIAL,ON ROADWAY,"4 OR MORE LANES, DIVIDED",True,45,SH0361,DRY,SIGNAL LIGHT,CLEAR
20813331,10439,True,10439,2023,CORPUS CHRISTI,FAILED TO YIELD RIGHT OF WAY - STOP SIGN,226303,26.723,2025-05-17,0,5,0,1,C - POSSIBLE INJURY,0,1119,1,2025,SATURDAY,34.442,0,MOTOR VEHICLE IN TRANSPORT,TWO-WAY,11:00 - 11:59,,ZAHN RD,INTERSECTION,27.62201986,DAYLIGHT,YES,-97.21077788,ANGLE - ONE STRAIGHT-ONE LEFT TURN,NO MEDIAN,THREE ENTERING ROADS - T,5,NOT APPLICABLE,True,NOT APPLICABLE,"250,000 POP AND OVER",NO,0638,0.76,US & STATE HIGHWAYS,"STRAIGHT, LEVEL",MINOR ARTERIAL,ON ROADWAY,"4 OR MORE LANES, UNDIVIDED",False,60,SH0361,DRY,STOP SIGN,CLOUDY
20828372,10439,False,10439,2023,CORPUS CHRISTI,FAILED TO PASS TO LEFT SAFELY; UNDER INFLUENCE - ALCOHOL,226303,22.656,2025-05-25,0,5,0,1,C - POSSIBLE INJURY,0,2030,1,2025,SUNDAY,30.375,0,MOTOR VEHICLE IN TRANSPORT,TWO-WAY,20:00 - 20:59,,N/A,NON INTERSECTION,27.67266699,"DARK, LIGHTED",YES,-97.17666452,SAME DIRECTION - BOTH GOING STRAIGHT-SIDESWIPE,NO MEDIAN,NOT APPLICABLE,5,OVERTURNED,True,VEHICLE CHANGING LANES,"250,000 POP AND OVER",NO,0634,0.692,US & STATE HIGHWAYS,"STRAIGHT, LEVEL",MINOR ARTERIAL,ON ROADWAY,"4 OR MORE LANES, UNDIVIDED",False,65,SH0361,DRY,MARKED LANES,CLEAR
20860476,15893,True,15893,2023,PORT ARANSAS,FAILED TO YIELD RIGHT OF WAY - TURNING LEFT,226303,11.782,2025-06-13,0,6,0,0,N - NOT INJURED,0,2121,0,2025,FRIDAY,19.501,0,MOTOR VEHICLE IN TRANSPORT,BOULEVARD,21:00 - 21:59,,PIPER BLVD,INTERSECTION,27.80641206,"DARK, LIGHTED",YES,-97.08251399,OPPOSITE DIRECTION - ONE STRAIGHT-ONE LEFT TURN,CURBED,FOUR ENTERING ROADS,4,NOT APPLICABLE,True,NOT APPLICABLE,"2,500 - 4,999 POP",NO,0624,-0.249,US & STATE HIGHWAYS,"STRAIGHT, LEVEL",MINOR ARTERIAL,ON ROADWAY,"4 OR MORE LANES, DIVIDED",True,55,SH0361,DRY,SIGNAL LIGHT,CLEAR
20875168,10439,False,10439,2023,CORPUS CHRISTI,FAILED TO CONTROL SPEED,226303,27.298,2025-06-18,0,6,0,0,N - NOT INJURED,0,1831,0,2025,WEDNESDAY,35.017,0,MOTOR VEHICLE IN TRANSPORT,TWO-WAY,18:00 - 18:59,,N/A,NON INTERSECTION,27.61787132,DAYLIGHT,YES,-97.21851486,SAME DIRECTION - BOTH GOING STRAIGHT-REAR END,NO MEDIAN,NOT APPLICABLE,5,NOT APPLICABLE,True,NOT APPLICABLE,"250,000 POP AND OVER",NO,0638,1.335,US & STATE HIGHWAYS,"STRAIGHT, LEVEL",MINOR ARTERIAL,ON ROADWAY,"4 OR MORE LANES, UNDIVIDED",False,45,SH0361,DRY,NONE,CLEAR
20881481,10439,False,10439,2023,CORPUS CHRISTI,FAILED TO YIELD RIGHT OF WAY - TURNING LEFT,226303,27.46,2025-06-18,0,6,0,0,N - NOT INJURED,0,1902,0,2025,WEDNESDAY,35.179,0,MOTOR VEHICLE IN TRANSPORT,TWO-WAY,19:00 - 19:59,,N/A,NON INTERSECTION,27.61788081,DAYLIGHT,YES,-97.22115549,SAME DIRECTION - BOTH GOING STRAIGHT-SIDESWIPE,NO MEDIAN,NOT APPLICABLE,5,NOT APPLICABLE,True,NOT APPLICABLE,"250,000 POP AND OVER",NO,0638,1.497,US & STATE HIGHWAYS,"STRAIGHT, LEVEL",MINOR ARTERIAL,ON ROADWAY,"4 OR MORE LANES, UNDIVIDED",False,45,SH0361,DRY,NONE,CLEAR
20875179,12050,False,12050,2023,CORPUS CHRISTI,FAILED TO CONTROL SPEED,226303,19.215,2025-06-19,0,6,0,1,C - POSSIBLE INJURY,0,1523,1,2025,THURSDAY,26.934,0,MOTOR VEHICLE IN TRANSPORT,TWO-WAY,15:00 - 15:59,,SEA WAY DR,INTERSECTION RELATED,27.71555502,DAYLIGHT,YES,-97.14783667,SAME DIRECTION - BOTH GOING STRAIGHT-REAR END,NO MEDIAN,NOT APPLICABLE,5,NOT APPLICABLE,True,SLOWING/STOPPING-TO MAKE LEFT TURN,"250,000 POP AND OVER",NO,0632,-0.749,US & STATE HIGHWAYS,"STRAIGHT, LEVEL",MINOR ARTERIAL,ON ROADWAY,"4 OR MORE LANES, UNDIVIDED",False,60,SH0361,DRY,MARKED LANES,CLOUDY
20884985,12050,False,12050,2023,CORPUS CHRISTI,OVERTAKE AND PASS INSUFFICIENT CLEARANCE,226303,19.96,2025-06-19,0,6,0,0,N - NOT INJURED,0,1600,0,2025,THURSDAY,27.679,0,MOTOR VEHICLE IN TRANSPORT,TWO-WAY,16:00 - 16:59,,N/A,NON INTERSECTION,27.70628185,DAYLIGHT,YES,-97.15409293,SAME DIRECTION - BOTH GOING STRAIGHT-SIDESWIPE,NO MEDIAN,NOT APPLICABLE,5,NOT APPLICABLE,True,VEHICLE CHANGING LANES,"250,000 POP AND OVER",NO,0632,-0.004,US & STATE HIGHWAYS,"STRAIGHT, LEVEL",MINOR ARTERIAL,ON ROADWAY,"4 OR MORE LANES, UNDIVIDED",False,60,SH0361,DRY,MARKED LANES,CLEAR
20875703,10439,False,10439,2023,CORPUS CHRISTI,FAILED TO CONTROL SPEED,226303,27.441,2025-06-22,0,6,0,0,N - NOT INJURED,0,1107,0,2025,SUNDAY,35.16,0,MOTOR VEHICLE IN TRANSPORT,TWO-WAY,11:00 - 11:59,0022,PR0022,INTERSECTION RELATED,27.61787644,DAYLIGHT,YES,-97.22084747,SAME DIRECTION - BOTH GOING STRAIGHT-REAR END,NO MEDIAN,NOT APPLICABLE,5,NOT APPLICABLE,True,"SLOWING/STOPPING - FOR OFFICER, FLAGMAN, OR TRAFFIC CONTROL","250,000 POP AND OVER",NO,0638,1.478,US & STATE HIGHWAYS,"STRAIGHT, LEVEL",MINOR ARTERIAL,ON ROADWAY,"4 OR MORE LANES, UNDIVIDED",False,55,SH0361,DRY,SIGNAL LIGHT,CLEAR
20876462,12050,False,12050,2023,CORPUS CHRISTI,DRIVER INATTENTION; FAILED TO CONTROL SPEED,226303,16.1,2025-06-22,0,6,0,0,N - NOT INJURED,0,1045,0,2025,SUNDAY,23.819,0,MOTOR VEHICLE IN TRANSPORT,TWO-WAY,10:00 - 10:59,,N/A,NON INTERSECTION,27.75434753,DAYLIGHT,YES,-97.12171407,SAME DIRECTION - BOTH GOING STRAIGHT-REAR END,NO MEDIAN,NOT APPLICABLE,5,NOT APPLICABLE,True,SLOWING/STOPPING-FOR TRAFFIC,"250,000 POP AND OVER",NO,0628,0.118,US & STATE HIGHWAYS,"STRAIGHT, LEVEL",MINOR ARTERIAL,ON ROADWAY,"4 OR MORE LANES, UNDIVIDED",False,60,SH0361,DRY,CENTER STRIPE/DIVIDER,CLEAR
20884738,12050,True,12050,2023,CORPUS CHRISTI,DRIVER INATTENTION,226303,14.585,2025-06-28,0,6,0,0,N - NOT INJURED,0,1802,0,2025,SATURDAY,22.304,0,MOTOR VEHICLE IN TRANSPORT,TWO-WAY,18:00 - 18:59,,UNKNOWN,INTERSECTION,27.77321064,DAYLIGHT,YES,-97.10896783,OPPOSITE DIRECTION - ONE STRAIGHT-ONE LEFT TURN,NO MEDIAN,THREE ENTERING ROADS - T,5,NOT APPLICABLE,True,ATTENTION DIVERTED FROM DRIVING,"250,000 POP AND OVER",NO,0626,0.592,US & STATE HIGHWAYS,"STRAIGHT, LEVEL",MINOR ARTERIAL,ON ROADWAY,"4 OR MORE LANES, UNDIVIDED",False,60,SH0361,DRY,STOP SIGN,CLEAR
20895443,15893,True,15893,2023,PORT ARANSAS,TURNED WHEN UNSAFE,226303,11.782,2025-07-04,0,7,0,0,N - NOT INJURED,0,1237,0,2025,FRIDAY,19.501,0,MOTOR VEHICLE IN TRANSPORT,BOULEVARD,12:00 - 12:59,,N/A,DRIVEWAY ACCESS,27.80641206,DAYLIGHT,YES,-97.08251399,ANGLE - ONE STRAIGHT-ONE LEFT TURN,CURBED,THREE ENTERING ROADS - T,4,NOT APPLICABLE,True,ONE VEHICLE LEAVING DRIVEWAY,"2,500 - 4,999 POP",NO,0624,-0.249,CITY STREET,"STRAIGHT, LEVEL",MINOR ARTERIAL,ON ROADWAY,"4 OR MORE LANES, DIVIDED",True,30,SH0361,DRY,SIGNAL LIGHT,CLEAR
20904298,12050,False,12050,2023,CORPUS CHRISTI,FAILED TO YIELD RIGHT OF WAY - PRIVATE DRIVE,226303,16.046,2025-07-10,0,7,0,0,A - SUSPECTED SERIOUS INJURY,1,1617,1,2025,THURSDAY,23.765,0,MOTOR VEHICLE IN TRANSPORT,TWO-WAY,16:00 - 16:59,,N/A,DRIVEWAY ACCESS,27.7550205,DAYLIGHT,YES,-97.12125933,ANGLE - ONE STRAIGHT-ONE LEFT TURN,NO MEDIAN,NOT APPLICABLE,5,NOT APPLICABLE,True,ONE VEHICLE LEAVING DRIVEWAY,"250,000 POP AND OVER",NO,0628,0.064,US & STATE HIGHWAYS,"STRAIGHT, LEVEL",MINOR ARTERIAL,ON ROADWAY,"4 OR MORE LANES, UNDIVIDED",False,60,SH0361,DRY,MARKED LANES,CLEAR
20907716,10439,False,10439,2023,CORPUS CHRISTI,TURNED WHEN UNSAFE,226303,20.454,2025-07-12,0,7,0,0,N - NOT INJURED,0,1233,0,2025,SATURDAY,28.173,0,MOTOR VEHICLE IN TRANSPORT,TWO-WAY,12:00 - 12:59,,N/A,NON INTERSECTION,27.70010612,DAYLIGHT,YES,-97.15821285,SAME DIRECTION - ONE STRAIGHT-ONE LEFT TURN,NO MEDIAN,NOT APPLICABLE,5,NOT APPLICABLE,True,NOT APPLICABLE,"250,000 POP AND OVER",NO,0632,0.49,US & STATE HIGHWAYS,"STRAIGHT, LEVEL",MINOR ARTERIAL,ON ROADWAY,"4 OR MORE LANES, UNDIVIDED",False,65,SH0361,DRY,CENTER STRIPE/DIVIDER,CLEAR
20916894,10439,False,10439,2023,CORPUS CHRISTI,FAILED TO CONTROL SPEED,226303,27.489,2025-07-18,0,7,0,0,N - NOT INJURED,0,1807,0,2025,FRIDAY,35.208,0,MOTOR VEHICLE IN TRANSPORT,TWO-WAY,18:00 - 18:59,,N/A,NON INTERSECTION,27.61788736,DAYLIGHT,YES,-97.22161719,SAME DIRECTION - BOTH GOING STRAIGHT-REAR END,NO MEDIAN,NOT APPLICABLE,5,NOT APPLICABLE,True,SLOWING/STOPPING-FOR TRAFFIC,"250,000 POP AND OVER",NO,0638,1.526,US & STATE HIGHWAYS,"STRAIGHT, LEVEL",MINOR ARTERIAL,ON ROADWAY,"4 OR MORE LANES, UNDIVIDED",False,55,SH0361,DRY,MARKED LANES,CLEAR
20940587,12050,False,12050,2023,OUTSIDE CITY LIMITS,DRIVER INATTENTION; FAILED TO DRIVE IN SINGLE LANE,226303,14.02,2025-07-29,0,7,1,0,B - SUSPECTED MINOR INJURY,0,2057,1,2025,TUESDAY,21.739,0,PEDESTRIAN,TWO-WAY,20:00 - 20:59,,N/A,NON INTERSECTION,27.78024163,"DARK, NOT LIGHTED",YES,-97.10421583,ONE MOTOR VEHICLE - GOING STRAIGHT,NO MEDIAN,NOT APPLICABLE,5,NOT APPLICABLE,True,ATTENTION DIVERTED FROM DRIVING,RURAL,NO,0626,0.027,US & STATE HIGHWAYS,"STRAIGHT, LEVEL",MINOR ARTERIAL,SHOULDER,"4 OR MORE LANES, UNDIVIDED",True,60,SH0361,DRY,NONE,CLEAR
20953569,10439,False,10439,2023,CORPUS CHRISTI,CHANGED LANE WHEN UNSAFE;DRIVER INATTENTION;OTHER (EXPLAIN IN NARRATIVE),226303,22.534,2025-08-02,0,8,0,0,N - NOT INJURED,0,1130,0,2025,SATURDAY,30.253,0,MOTOR VEHICLE IN TRANSPORT,TWO-WAY,11:00 - 11:59,,N/A,NON INTERSECTION,27.67418731,DAYLIGHT,YES,-97.17564099,SAME DIRECTION - BOTH GOING STRAIGHT-REAR END,NO MEDIAN,NOT APPLICABLE,5,NOT APPLICABLE,True,ATTENTION DIVERTED FROM DRIVING,"250,000 POP AND OVER",NO,0634,0.57,US & STATE HIGHWAYS,"STRAIGHT, LEVEL",MINOR ARTERIAL,ON ROADWAY,"4 OR MORE LANES, UNDIVIDED",False,60,SH0361,DRY,MARKED LANES,CLEAR
20943621,10439,False,10439,2023,CORPUS CHRISTI,FAILED TO DRIVE IN SINGLE LANE; UNDER INFLUENCE - ALCOHOL,226303,21.883,2025-08-03,0,8,1,0,B - SUSPECTED MINOR INJURY,0,0147,1,2025,SUNDAY,29.602,0,OTHER OBJECT,TWO-WAY,01:00 - 01:59,,N/A,NON INTERSECTION,27.68230591,"DARK, NOT LIGHTED",YES,-97.1701825,ONE MOTOR VEHICLE - GOING STRAIGHT,NO MEDIAN,NOT APPLICABLE,5,OTHER,True,NOT APPLICABLE,"250,000 POP AND OVER",NO,0634,-0.081,US & STATE HIGHWAYS,"STRAIGHT, LEVEL",MINOR ARTERIAL,ON ROADWAY,"4 OR MORE LANES, UNDIVIDED",False,60,SH0361,DRY,MARKED LANES,CLEAR
20949411,10439,False,10439,2023,CORPUS CHRISTI,CHANGED LANE WHEN UNSAFE,226303,27.453,2025-08-08,0,8,0,0,N - NOT INJURED,0,1509,0,2025,FRIDAY,35.172,0,MOTOR VEHICLE IN TRANSPORT,TWO-WAY,15:00 - 15:59,,N/A,NON INTERSECTION,27.61787906,DAYLIGHT,YES,-97.22103237,SAME DIRECTION - BOTH GOING STRAIGHT-SIDESWIPE,NO MEDIAN,NOT APPLICABLE,5,NOT APPLICABLE,True,VEHICLE CHANGING LANES,"250,000 POP AND OVER",NO,0638,1.49,US & STATE HIGHWAYS,"STRAIGHT, LEVEL",MINOR ARTERIAL,ON ROADWAY,"4 OR MORE LANES, UNDIVIDED",False,55,SH0361,DRY,MARKED LANES,CLEAR
20963532,12050,False,12050,2023,OUTSIDE CITY LIMITS,FAILED TO DRIVE IN SINGLE LANE,226303,13.865,2025-08-15,1,8,0,0,K - FATAL INJURY,1,2204,1,2025,FRIDAY,21.584,1,MOTOR VEHICLE IN TRANSPORT,TWO-WAY,22:00 - 22:59,,N/A,NON INTERSECTION,27.78213485,"DARK, NOT LIGHTED",YES,-97.10284624,OPPOSITE DIRECTION - BOTH GOING STRAIGHT,NO MEDIAN,NOT APPLICABLE,5,OVERTURNED,True,NOT APPLICABLE,RURAL,NO,0626,-0.128,US & STATE HIGHWAYS,"CURVE, LEVEL",MINOR ARTERIAL,ON ROADWAY,"4 OR MORE LANES, UNDIVIDED",True,60,SH0361,DRY,CENTER STRIPE/DIVIDER,CLEAR
20968489,12050,False,12050,2023,OUTSIDE CITY LIMITS,FATIGUED OR ASLEEP,226303,14.257,2025-08-18,0,8,0,0,N - NOT INJURED,0,0527,0,2025,MONDAY,21.976,0,PARKED CAR,TWO-WAY,05:00 - 05:59,,N/A,NON INTERSECTION,27.77729402,"DARK, NOT LIGHTED",YES,-97.10620827,ONE MOTOR VEHICLE - GOING STRAIGHT,NO MEDIAN,NOT APPLICABLE,5,NOT APPLICABLE,True,ATTENTION DIVERTED FROM DRIVING,RURAL,NO,0626,0.264,US & STATE HIGHWAYS,"STRAIGHT, LEVEL",MINOR ARTERIAL,OFF ROADWAY,"4 OR MORE LANES, UNDIVIDED",True,60,SH0361,DRY,NONE,CLEAR
20976580,12050,False,12050,2023,CORPUS CHRISTI,FAILED TO CONTROL SPEED,226303,18.988,2025-08-23,0,8,0,0,N - NOT INJURED,0,1758,0,2025,SATURDAY,26.707,0,MOTOR VEHICLE IN TRANSPORT,TWO-WAY,17:00 - 17:59,,LA CONCHA BLVD,INTERSECTION RELATED,27.71837732,DAYLIGHT,YES,-97.14593315,SAME DIRECTION - BOTH GOING STRAIGHT-SIDESWIPE,NO MEDIAN,NOT APPLICABLE,5,NOT APPLICABLE,True,SLOWING/STOPPING-TO MAKE RIGHT TURN,"250,000 POP AND OVER",NO,0630,0.975,US & STATE HIGHWAYS,"STRAIGHT, LEVEL",MINOR ARTERIAL,ON ROADWAY,"4 OR MORE LANES, UNDIVIDED",False,60,SH0361,DRY,MARKED LANES,CLEAR
21075579,12050,False,12050,2023,OUTSIDE CITY LIMITS,UNDER INFLUENCE - ALCOHOL,226303,13.488,2025-10-17,0,10,0,0,N - NOT INJURED,0,2202,0,2025,FRIDAY,21.207,0,MOTOR VEHICLE IN TRANSPORT,TWO-WAY,22:00 - 22:59,,N/A,NON INTERSECTION,27.78652867,"DARK, NOT LIGHTED",YES,-97.09915915,OPPOSITE DIRECTION - BOTH GOING STRAIGHT,NO MEDIAN,NOT APPLICABLE,5,HIT FENCE,True,NOT APPLICABLE,RURAL,NO,0626,-0.505,US & STATE HIGHWAYS,"STRAIGHT, LEVEL",MINOR ARTERIAL,ON ROADWAY,"4 OR MORE LANES, UNDIVIDED",True,60,SH0361,DRY,NONE,CLEAR
21090628,10439,False,10439,2023,CORPUS CHRISTI,FAILED TO YIELD RIGHT OF WAY - PRIVATE DRIVE,226303,27.489,2025-10-27,0,10,0,1,C - POSSIBLE INJURY,0,1608,1,2025,MONDAY,35.208,0,MOTOR VEHICLE IN TRANSPORT,TWO-WAY,16:00 - 16:59,,N/A,DRIVEWAY ACCESS,27.61788736,DAYLIGHT,YES,-97.22161719,ANGLE - BOTH GOING STRAIGHT,NO MEDIAN,NOT APPLICABLE,5,NOT APPLICABLE,True,CONSTRUCTION - WITHIN POSTED ROAD CONSTRUCTION ZONE (NOT RELATED TO CRASH),"250,000 POP AND OVER",NO,0638,1.526,US & STATE HIGHWAYS,"STRAIGHT, LEVEL",MINOR ARTERIAL,ON ROADWAY,"4 OR MORE LANES, UNDIVIDED",False,25,SH0361,DRY,SIGNAL LIGHT,CLEAR
21094963,10439,True,10439,2023,CORPUS CHRISTI,CHANGED LANE WHEN UNSAFE; TURNED IMPROPERLY - WIDE RIGHT,226303,27.498,2025-10-29,0,10,0,0,N - NOT INJURED,0,1819,0,2025,WEDNESDAY,35.217,0,MOTOR VEHICLE IN TRANSPORT,TWO-WAY,18:00 - 18:59,0022,PR0022,INTERSECTION RELATED,27.6178894,DAYLIGHT,YES,-97.22177124,OPPOSITE DIRECTION - ONE RIGHT TURN-ONE LEFT TURN,NO MEDIAN,FOUR ENTERING ROADS,5,NOT APPLICABLE,True,NOT APPLICABLE,"250,000 POP AND OVER",NO,0638,1.535,COUNTY ROAD,"STRAIGHT, LEVEL",MINOR ARTERIAL,ON ROADWAY,"4 OR MORE LANES, UNDIVIDED",False,55,SH0361,DRY,SIGNAL LIGHT,CLEAR
21115333,10439,False,10439,2023,CORPUS CHRISTI,ANIMAL ON ROAD - WILD,226303,25.498,2025-11-09,0,11,0,0,N - NOT INJURED,0,2200,0,2025,SUNDAY,33.217,0,ANIMAL,TWO-WAY,22:00 - 22:59,,N/A,NON INTERSECTION,27.63725654,"DARK, NOT LIGHTED",YES,-97.20046518,ONE MOTOR VEHICLE - GOING STRAIGHT,NO MEDIAN,NOT APPLICABLE,5,NOT APPLICABLE,True,NOT APPLICABLE,"250,000 POP AND OVER",NO,0638,-0.465,US & STATE HIGHWAYS,"STRAIGHT, LEVEL",MINOR ARTERIAL,ON ROADWAY,"4 OR MORE LANES, UNDIVIDED",False,60,SH0361,DRY,MARKED LANES,CLEAR
21156971,12050,False,12050,2023,CORPUS CHRISTI,FAILED TO DRIVE IN SINGLE LANE; UNDER INFLUENCE - ALCOHOL,226303,18.66,2025-11-30,0,11,0,1,A - SUSPECTED SERIOUS INJURY,1,2229,2,2025,SUNDAY,26.379,0,MOTOR VEHICLE IN TRANSPORT,TWO-WAY,22:00 - 22:59,,N/A,NON INTERSECTION,27.7224571,"DARK, NOT LIGHTED",YES,-97.1431815,OPPOSITE DIRECTION - BOTH GOING STRAIGHT,NO MEDIAN,NOT APPLICABLE,5,NOT APPLICABLE,True,NOT APPLICABLE,"250,000 POP AND OVER",NO,0630,0.647,US & STATE HIGHWAYS,"STRAIGHT, LEVEL",MINOR ARTERIAL,ON ROADWAY,"4 OR MORE LANES, UNDIVIDED",False,65,SH0361,DRY,MARKED LANES,CLEAR
21210173,10439,True,10439,2023,CORPUS CHRISTI,FAILED TO YIELD RIGHT OF WAY - STOP SIGN,226303,19.998,2025-12-28,0,12,3,0,B - SUSPECTED MINOR INJURY,0,1320,3,2025,SUNDAY,27.717,0,MOTOR VEHICLE IN TRANSPORT,TWO-WAY,13:00 - 13:59,,BEACH ACCESS ROAD 2,INTERSECTION,27.70581036,DAYLIGHT,YES,-97.1544104,ANGLE - ONE STRAIGHT-ONE LEFT TURN,NO MEDIAN,THREE ENTERING ROADS - T,5,NOT APPLICABLE,True,NOT APPLICABLE,"250,000 POP AND OVER",NO,0632,0.034,US & STATE HIGHWAYS,"STRAIGHT, LEVEL",MINOR ARTERIAL,ON ROADWAY,"4 OR MORE LANES, UNDIVIDED",False,60,SH0361,DRY,STOP SIGN,CLEAR
21232589,15893,False,15893,2023,PORT ARANSAS,DRIVER INATTENTION;FOLLOWED TOO CLOSELY;UNSAFE SPEED,226303,11.781,2026-01-04,0,1,0,0,N - NOT INJURED,0,1424,0,2026,SUNDAY,19.5,0,MOTOR VEHICLE IN TRANSPORT,BOULEVARD,14:00 - 14:59,,N/A,DRIVEWAY ACCESS,27.8063399,DAYLIGHT,YES,-97.08241577,SAME DIRECTION - ONE STRAIGHT-ONE RIGHT TURN,CURBED,NOT APPLICABLE,4,NOT APPLICABLE,True,ONE VEHICLE ENTERING DRIVEWAY,"2,500 - 4,999 POP",NO,0624,-0.25,US & STATE HIGHWAYS,"STRAIGHT, LEVEL",MINOR ARTERIAL,ON ROADWAY,"4 OR MORE LANES, DIVIDED",True,60,SH0361,DRY,NONE,CLEAR
21308935,12050,True,12050,2023,CORPUS CHRISTI,FAILED TO CONTROL SPEED,226303,17.373,2026-02-19,0,2,0,0,N - NOT INJURED,0,1956,0,2026,THURSDAY,25.092,0,MOTOR VEHICLE IN TRANSPORT,TWO-WAY,19:00 - 19:59,,UNKNOWN,INTERSECTION RELATED,27.73849191,"DARK, LIGHTED",YES,-97.13237691,SAME DIRECTION - ONE STRAIGHT-ONE STOPPED,NO MEDIAN,THREE ENTERING ROADS - T,5,NOT APPLICABLE,True,SLOWING/STOPPING-TO MAKE LEFT TURN,"250,000 POP AND OVER",NO,0630,-0.64,US & STATE HIGHWAYS,"STRAIGHT, LEVEL",MINOR ARTERIAL,ON ROADWAY,"4 OR MORE LANES, UNDIVIDED",False,60,SH0361,DRY,CENTER STRIPE/DIVIDER,CLEAR
21303660,10439,False,10439,2023,CORPUS CHRISTI,FOLLOWED TOO CLOSELY;OTHER (EXPLAIN IN NARRATIVE),226303,24.392,2026-02-20,0,2,0,0,N - NOT INJURED,0,1540,0,2026,FRIDAY,32.111,0,MOTOR VEHICLE IN TRANSPORT,TWO-WAY,15:00 - 15:59,,N/A,NON INTERSECTION,27.65103206,DAYLIGHT,YES,-97.19121206,SAME DIRECTION - BOTH GOING STRAIGHT-REAR END,NO MEDIAN,NOT APPLICABLE,5,NOT APPLICABLE,True,SLOWING/STOPPING-REASON NOT SPECIFIED,"250,000 POP AND OVER",NO,0636,0.428,US & STATE HIGHWAYS,"STRAIGHT, LEVEL",MINOR ARTERIAL,ON ROADWAY,"4 OR MORE LANES, UNDIVIDED",False,60,SH0361,DRY,MARKED LANES,CLEAR
21311517,15893,True,15893,2023,PORT ARANSAS,FAILED TO HEED WARNING SIGN OR TRAFFIC CONTROL DEVICE;FAILED TO YIELD RIGHT OF WAY - TURNING LEFT;UNSAFE SPEED;TURNED WHEN UNSAFE,226303,11.783,2026-02-26,0,2,0,0,N - NOT INJURED,0,1505,0,2026,THURSDAY,19.502,0,MOTOR VEHICLE IN TRANSPORT,BOULEVARD,15:00 - 15:59,,UNKNOWN,INTERSECTION,27.80631573,DAYLIGHT,YES,-97.08243647,OPPOSITE DIRECTION - ONE STRAIGHT-ONE LEFT TURN,CURBED,FOUR ENTERING ROADS,4,HIT TRAFFIC SIGNAL POLE OR POST,True,NOT APPLICABLE,"2,500 - 4,999 POP",NO,0624,-0.248,US & STATE HIGHWAYS,"STRAIGHT, LEVEL",MINOR ARTERIAL,ON ROADWAY,"4 OR MORE LANES, DIVIDED",True,45,SH0361,DRY,SIGNAL LIGHT,CLEAR
21306533,12050,False,12050,2023,CORPUS CHRISTI,DRIVER INATTENTION,226303,15.574,2026-03-02,1,3,0,0,K - FATAL INJURY,0,1354,0,2026,MONDAY,23.293,1,PEDALCYCLIST,TWO-WAY,13:00 - 13:59,,N/A,NON INTERSECTION,27.76090361,DAYLIGHT,YES,-97.11728397,ONE MOTOR VEHICLE - GOING STRAIGHT,NO MEDIAN,NOT APPLICABLE,5,NOT APPLICABLE,True,ATTENTION DIVERTED FROM DRIVING,"250,000 POP AND OVER",NO,0628,-0.408,US & STATE HIGHWAYS,"STRAIGHT, LEVEL",MINOR ARTERIAL,ON ROADWAY,"4 OR MORE LANES, UNDIVIDED",False,60,SH0361,DRY,NONE,CLEAR
21319888,10439,True,10439,2023,CORPUS CHRISTI,FAILED TO YIELD RIGHT OF WAY - TURNING LEFT,226303,26.723,2026-03-11,0,3,0,0,N - NOT INJURED,0,1703,0,2026,WEDNESDAY,34.442,0,MOTOR VEHICLE IN TRANSPORT,TWO-WAY,17:00 - 17:59,,ZAHN RD,INTERSECTION,27.62201986,DAYLIGHT,YES,-97.21077788,ANGLE - BOTH GOING STRAIGHT,NO MEDIAN,THREE ENTERING ROADS - T,5,NOT APPLICABLE,True,NOT APPLICABLE,"250,000 POP AND OVER",NO,0638,0.76,US & STATE HIGHWAYS,"STRAIGHT, LEVEL",MINOR ARTERIAL,ON ROADWAY,"4 OR MORE LANES, UNDIVIDED",False,55,SH0361,DRY,MARKED LANES,CLEAR
21326750,15893,True,15893,2023,PORT ARANSAS,FATIGUED OR ASLEEP,226303,11.782,2026-03-13,0,3,0,0,N - NOT INJURED,0,1059,0,2026,FRIDAY,19.501,0,FIXED OBJECT,BOULEVARD,10:00 - 10:59,,N/A,NON INTERSECTION,27.80633127,DAYLIGHT,YES,-97.08242341,ONE MOTOR VEHICLE - GOING STRAIGHT,CURBED,THREE ENTERING ROADS - T,4,HIT OTHER FIXED OBJECT,True,ATTENTION DIVERTED FROM DRIVING,"2,500 - 4,999 POP",NO,0624,-0.249,US & STATE HIGHWAYS,"STRAIGHT, LEVEL",MINOR ARTERIAL,OFF ROADWAY,"4 OR MORE LANES, DIVIDED",True,45,SH0361,DRY,SIGNAL LIGHT,CLEAR
21325549,10439,False,10439,2023,CORPUS CHRISTI,FAILED TO CONTROL SPEED,226303,27.479,2026-03-14,0,3,0,0,N - NOT INJURED,0,1905,0,2026,SATURDAY,35.198,0,MOTOR VEHICLE IN TRANSPORT,TWO-WAY,19:00 - 19:59,,N/A,NON INTERSECTION,27.61788517,DAYLIGHT,YES,-97.22146329,SAME DIRECTION - BOTH GOING STRAIGHT-REAR END,NO MEDIAN,NOT APPLICABLE,5,NOT APPLICABLE,True,SLOWING/STOPPING-FOR TRAFFIC,"250,000 POP AND OVER",NO,0638,1.516,US & STATE HIGHWAYS,"STRAIGHT, GRADE",MINOR ARTERIAL,ON ROADWAY,"4 OR MORE LANES, UNDIVIDED",False,55,SH0361,DRY,MARKED LANES,CLEAR
21331405,10439,False,10439,2023,CORPUS CHRISTI,TURNED WHEN UNSAFE,226303,26.666,2026-03-14,0,3,0,0,N - NOT INJURED,0,1754,0,2026,SATURDAY,34.385,0,MOTOR VEHICLE IN TRANSPORT,TWO-WAY,17:00 - 17:59,,N/A,NON INTERSECTION,27.62271883,DAYLIGHT,YES,-97.2102899,OPPOSITE DIRECTION - ONE STRAIGHT-ONE LEFT TURN,NO MEDIAN,NOT APPLICABLE,5,NOT APPLICABLE,True,NOT APPLICABLE,"250,000 POP AND OVER",NO,0638,0.703,US & STATE HIGHWAYS,"CURVE, GRADE",MINOR ARTERIAL,ON ROADWAY,"4 OR MORE LANES, UNDIVIDED",False,55,SH0361,DRY,CENTER STRIPE/DIVIDER,CLEAR
21334358,15893,False,15893,2023,PORT ARANSAS,DRIVER INATTENTION;HAD BEEN DRINKING;UNSAFE SPEED;OTHER (EXPLAIN IN NARRATIVE),226303,12.478,2026-03-14,1,3,0,0,K - FATAL INJURY,0,1920,0,2026,SATURDAY,20.197,1,MOTOR VEHICLE IN TRANSPORT,BOULEVARD,19:00 - 19:59,,N/A,NON INTERSECTION,27.79823554,DAYLIGHT,YES,-97.08923817,SAME DIRECTION - BOTH GOING STRAIGHT-REAR END,CURBED,NOT APPLICABLE,4,NOT APPLICABLE,True,ATTENTION DIVERTED FROM DRIVING,"2,500 - 4,999 POP",NO,0624,0.447,US & STATE HIGHWAYS,"STRAIGHT, LEVEL",MINOR ARTERIAL,ON ROADWAY,"4 OR MORE LANES, DIVIDED",True,45,SH0361,DRY,SIGNAL LIGHT,CLEAR
21353406,12050,False,12050,2023,CORPUS CHRISTI,FAILED TO CONTROL SPEED,226303,18.253,2026-03-14,0,3,0,0,N - NOT INJURED,0,1548,0,2026,SATURDAY,25.972,0,MOTOR VEHICLE IN TRANSPORT,TWO-WAY,15:00 - 15:59,,NOT REPORTED,NON INTERSECTION,27.7275263,DAYLIGHT,YES,-97.13977428,SAME DIRECTION - BOTH GOING STRAIGHT-REAR END,NO MEDIAN,NOT APPLICABLE,5,NOT APPLICABLE,True,NOT APPLICABLE,"250,000 POP AND OVER",NO,0630,0.24,US & STATE HIGHWAYS,"STRAIGHT, LEVEL",MINOR ARTERIAL,ON ROADWAY,"4 OR MORE LANES, UNDIVIDED",False,55,SH0361,DRY,CENTER STRIPE/DIVIDER,CLEAR
21331984,15893,True,15893,2023,PORT ARANSAS,FAILED TO YIELD RIGHT OF WAY - TURN ON RED,226303,11.782,2026-03-15,0,3,2,0,B - SUSPECTED MINOR INJURY,0,0114,2,2026,SUNDAY,19.501,0,MOTOR VEHICLE IN TRANSPORT,BOULEVARD,01:00 - 01:59,,BEACH ACCESS ROAD 1A,INTERSECTION,27.80633127,"DARK, LIGHTED",YES,-97.08242341,OPPOSITE DIRECTION - ONE STRAIGHT-ONE LEFT TURN,CURBED,OTHER (EXPLAIN IN NARRATIVE),4,NOT APPLICABLE,True,NOT APPLICABLE,"2,500 - 4,999 POP",NO,0624,-0.249,US & STATE HIGHWAYS,"STRAIGHT, LEVEL",MINOR ARTERIAL,ON ROADWAY,"4 OR MORE LANES, DIVIDED",True,45,SH0361,DRY,SIGNAL LIGHT,CLEAR
21336752,15893,True,15893,2023,PORT ARANSAS,FAILED TO YIELD RIGHT OF WAY - TURNING LEFT,226303,11.782,2026-03-15,0,3,3,0,B - SUSPECTED MINOR INJURY,0,0057,3,2026,SUNDAY,19.501,0,MOTOR VEHICLE IN TRANSPORT,BOULEVARD,00:00 - 00:59,,UNKNOWN,INTERSECTION,27.80633277,"DARK, NOT LIGHTED",YES,-97.08242214,OPPOSITE DIRECTION - ONE STRAIGHT-ONE LEFT TURN,CURBED,FOUR ENTERING ROADS,4,OVERTURNED,True,NOT APPLICABLE,"2,500 - 4,999 POP",NO,0624,-0.249,US & STATE HIGHWAYS,"STRAIGHT, LEVEL",MINOR ARTERIAL,ON ROADWAY,"4 OR MORE LANES, DIVIDED",True,45,SH0361,DRY,SIGNAL LIGHT,CLEAR
21339308,12050,False,12050,2023,OUTSIDE CITY LIMITS,DRIVER INATTENTION,226303,13.395,2026-03-15,0,3,0,0,N - NOT INJURED,0,0156,0,2026,SUNDAY,21.114,0,MOTOR VEHICLE IN TRANSPORT,TWO-WAY,01:00 - 01:59,,GULFWIND DR,INTERSECTION,27.78760335,"DARK, NOT LIGHTED",YES,-97.0982495,SAME DIRECTION - ONE STRAIGHT-ONE STOPPED,NO MEDIAN,NOT APPLICABLE,5,NOT APPLICABLE,True,SLOWING/STOPPING-FOR TRAFFIC,RURAL,NO,0626,-0.598,US & STATE HIGHWAYS,"STRAIGHT, LEVEL",MINOR ARTERIAL,ON ROADWAY,"4 OR MORE LANES, UNDIVIDED",True,60,SH0361,DRY,MARKED LANES,CLEAR
21332101,15893,False,15893,2023,PORT ARANSAS,FAILED TO CONTROL SPEED; FOLLOWED TOO CLOSELY,226303,11.814,2026-03-17,0,3,0,1,C - POSSIBLE INJURY,0,1804,1,2026,TUESDAY,19.533,0,MOTOR VEHICLE IN TRANSPORT,BOULEVARD,18:00 - 18:59,,N/A,NON INTERSECTION,27.8059588,DAYLIGHT,YES,-97.08273631,SAME DIRECTION - BOTH GOING STRAIGHT-REAR END,CURBED,NOT APPLICABLE,4,NOT APPLICABLE,True,SLOWING/STOPPING-FOR TRAFFIC,"2,500 - 4,999 POP",NO,0624,-0.217,US & STATE HIGHWAYS,"STRAIGHT, LEVEL",MINOR ARTERIAL,ON ROADWAY,"4 OR MORE LANES, DIVIDED",True,60,SH0361,DRY,CENTER STRIPE/DIVIDER,CLEAR
21347500,15893,False,15893,2023,PORT ARANSAS,CHANGED LANE WHEN UNSAFE; DISTRACTION IN VEHICLE; UNDER INFLUENCE - ALCOHOL,226303,11.782,2026-03-19,0,3,0,0,N - NOT INJURED,0,2158,0,2026,THURSDAY,19.501,0,MOTOR VEHICLE IN TRANSPORT,BOULEVARD,21:00 - 21:59,,N/A,NON INTERSECTION,27.80641421,"DARK, LIGHTED",YES,-97.08251209,SAME DIRECTION - BOTH GOING STRAIGHT-SIDESWIPE,CURBED,NOT APPLICABLE,4,NOT APPLICABLE,True,VEHICLE CHANGING LANES,"2,500 - 4,999 POP",NO,0624,-0.249,US & STATE HIGHWAYS,"STRAIGHT, LEVEL",MINOR ARTERIAL,ON ROADWAY,"4 OR MORE LANES, DIVIDED",True,55,SH0361,DRY,NONE,CLEAR
21348820,10439,True,10439,2023,CORPUS CHRISTI,FAILED TO CONTROL SPEED,226303,19.998,2026-03-29,0,3,1,0,B - SUSPECTED MINOR INJURY,0,0916,1,2026,SUNDAY,27.717,0,FIXED OBJECT,TWO-WAY,09:00 - 09:59,,BEACH ACCESS ROAD 2,INTERSECTION RELATED,27.70581036,DAYLIGHT,YES,-97.1544104,ONE MOTOR VEHICLE - TURNING RIGHT,NO MEDIAN,THREE ENTERING ROADS - T,5,HIT HIGHWAY SIGN,True,NOT APPLICABLE,"250,000 POP AND OVER",NO,0632,0.034,US & STATE HIGHWAYS,"STRAIGHT, LEVEL",MINOR ARTERIAL,OFF ROADWAY,"4 OR MORE LANES, UNDIVIDED",False,65,SH0361,DRY,CENTER STRIPE/DIVIDER,CLEAR
21364730,15893,True,15893,2023,PORT ARANSAS,TURNED IMPROPERLY - WIDE RIGHT,226303,11.782,2026-04-04,0,4,1,0,B - SUSPECTED MINOR INJURY,0,1156,1,2026,SATURDAY,19.501,0,FIXED OBJECT,BOULEVARD,11:00 - 11:59,,ACCESS ROAD 1 A,INTERSECTION RELATED,27.80633127,DAYLIGHT,YES,-97.08242341,ONE MOTOR VEHICLE - TURNING RIGHT,CURBED,OTHER (EXPLAIN IN NARRATIVE),4,HIT CURB,True,NOT APPLICABLE,"2,500 - 4,999 POP",NO,0624,-0.249,US & STATE HIGHWAYS,"STRAIGHT, LEVEL",MINOR ARTERIAL,OFF ROADWAY,"4 OR MORE LANES, DIVIDED",True,60,SH0361,DRY,STOP SIGN,CLEAR
21387184,15893,True,15893,2023,PORT ARANSAS,DRIVER INATTENTION;FAILED TO STOP AT PROPER PLACE;OTHER (EXPLAIN IN NARRATIVE),226303,12.038,2026-04-17,0,4,0,0,A - SUSPECTED SERIOUS INJURY,1,1329,1,2026,FRIDAY,19.757,0,MOTOR VEHICLE IN TRANSPORT,BOULEVARD,13:00 - 13:59,,PALMILLA WAY,INTERSECTION,27.80334784,DAYLIGHT,YES,-97.08493821,ANGLE - BOTH GOING STRAIGHT,CURBED,THREE ENTERING ROADS - T,4,NOT APPLICABLE,True,NOT APPLICABLE,"2,500 - 4,999 POP",NO,0624,0.007,US & STATE HIGHWAYS,"STRAIGHT, LEVEL",MINOR ARTERIAL,ON ROADWAY,"4 OR MORE LANES, DIVIDED",True,55,SH0361,DRY,OTHER (EXPLAIN IN NARRATIVE),CLOUDY
21387741,10439,False,10439,2023,CORPUS CHRISTI,FAILED TO CONTROL SPEED,226303,27.479,2026-04-17,0,4,0,0,N - NOT INJURED,0,1510,0,2026,FRIDAY,35.198,0,MOTOR VEHICLE IN TRANSPORT,TWO-WAY,15:00 - 15:59,,N/A,NON INTERSECTION,27.61788517,DAYLIGHT,YES,-97.22146329,SAME DIRECTION - BOTH GOING STRAIGHT-SIDESWIPE,NO MEDIAN,NOT APPLICABLE,5,NOT APPLICABLE,True,VEHICLE CHANGING LANES,"250,000 POP AND OVER",NO,0638,1.516,US & STATE HIGHWAYS,"STRAIGHT, LEVEL",MINOR ARTERIAL,ON ROADWAY,"4 OR MORE LANES, UNDIVIDED",False,55,SH0361,DRY,MARKED LANES,CLEAR
21422449,12050,False,12050,2023,CORPUS CHRISTI,DRIVER INATTENTION; FAILED TO CONTROL SPEED,226303,14.805,2026-05-09,0,5,1,0,B - SUSPECTED MINOR INJURY,0,0619,1,2026,SATURDAY,22.524,0,PARKED CAR,TWO-WAY,06:00 - 06:59,,N/A,NON INTERSECTION,27.77048013,"DARK, NOT LIGHTED",YES,-97.11081289,ONE MOTOR VEHICLE - GOING STRAIGHT,NO MEDIAN,NOT APPLICABLE,5,NOT APPLICABLE,True,ATTENTION DIVERTED FROM DRIVING,"250,000 POP AND OVER",NO,0626,0.812,US & STATE HIGHWAYS,"STRAIGHT, LEVEL",MINOR ARTERIAL,SHOULDER,"4 OR MORE LANES, UNDIVIDED",False,60,SH0361,WET,MARKED LANES,RAIN
21432203,15893,True,15893,2023,PORT ARANSAS,FAILED TO YIELD RIGHT OF WAY - TURNING LEFT;OTHER (EXPLAIN IN NARRATIVE),226303,11.782,2026-05-11,0,5,1,0,B - SUSPECTED MINOR INJURY,0,1243,1,2026,MONDAY,19.501,0,MOTOR VEHICLE IN TRANSPORT,BOULEVARD,12:00 - 12:59,,ACCESS ROAD 1 A,INTERSECTION,27.80633127,DAYLIGHT,YES,-97.08242341,OPPOSITE DIRECTION - ONE STRAIGHT-ONE LEFT TURN,CURBED,FOUR ENTERING ROADS,4,NOT APPLICABLE,True,NOT APPLICABLE,"2,500 - 4,999 POP",NO,0624,-0.249,US & STATE HIGHWAYS,"STRAIGHT, LEVEL",MINOR ARTERIAL,ON ROADWAY,"4 OR MORE LANES, DIVIDED",True,45,SH0361,DRY,SIGNAL LIGHT,CLEAR
21437896,12050,False,12050,2023,CORPUS CHRISTI,FAILED TO CONTROL SPEED,226303,17.572,2026-05-14,0,5,0,0,N - NOT INJURED,0,0920,0,2026,THURSDAY,25.291,0,MOTOR VEHICLE IN TRANSPORT,TWO-WAY,09:00 - 09:59,,N/A,DRIVEWAY ACCESS,27.73602062,DAYLIGHT,YES,-97.13404404,SAME DIRECTION - BOTH GOING STRAIGHT-REAR END,NO MEDIAN,NOT APPLICABLE,5,NOT APPLICABLE,True,ONE VEHICLE ENTERING DRIVEWAY,"250,000 POP AND OVER",NO,0630,-0.441,US & STATE HIGHWAYS,"STRAIGHT, LEVEL",MINOR ARTERIAL,ON ROADWAY,"4 OR MORE LANES, UNDIVIDED",False,60,SH0361,DRY,MARKED LANES,CLEAR
21437929,10439,False,10439,2023,CORPUS CHRISTI,TURNED WHEN UNSAFE,226303,26.704,2026-05-18,0,5,0,0,N - NOT INJURED,0,1628,0,2026,MONDAY,34.423,0,MOTOR VEHICLE IN TRANSPORT,TWO-WAY,16:00 - 16:59,,N/A,NON INTERSECTION,27.62225285,DAYLIGHT,YES,-97.21061522,SAME DIRECTION - ONE STRAIGHT-ONE LEFT TURN,NO MEDIAN,NOT APPLICABLE,5,NOT APPLICABLE,True,NOT APPLICABLE,"250,000 POP AND OVER",NO,0638,0.741,US & STATE HIGHWAYS,"STRAIGHT, GRADE",MINOR ARTERIAL,ON ROADWAY,"4 OR MORE LANES, UNDIVIDED",False,55,SH0361,DRY,CENTER STRIPE/DIVIDER,CLEAR
21448236,10439,False,10439,2023,CORPUS CHRISTI,FAILED TO DRIVE IN SINGLE LANE,226303,24.735,2026-05-24,0,5,0,0,N - NOT INJURED,0,1322,0,2026,SUNDAY,32.454,0,FIXED OBJECT,TWO-WAY,13:00 - 13:59,,N/A,NON INTERSECTION,27.64675502,DAYLIGHT,YES,-97.19406779,ONE MOTOR VEHICLE - GOING STRAIGHT,NO MEDIAN,NOT APPLICABLE,5,HIT GUARDRAIL,True,NOT APPLICABLE,"250,000 POP AND OVER",NO,0636,0.771,US & STATE HIGHWAYS,"STRAIGHT, LEVEL",MINOR ARTERIAL,OFF ROADWAY,"4 OR MORE LANES, UNDIVIDED",False,65,SH0361,WET,MARKED LANES,CLEAR
21450499,10439,False,10439,2023,CORPUS CHRISTI,OVERTAKE AND PASS INSUFFICIENT CLEARANCE,226303,27.403,2026-05-25,0,5,0,0,N - NOT INJURED,0,1130,0,2026,MONDAY,35.122,0,MOTOR VEHICLE IN TRANSPORT,TWO-WAY,11:00 - 11:59,,N/A,NON INTERSECTION,27.61786761,DAYLIGHT,YES,-97.22022566,SAME DIRECTION - BOTH GOING STRAIGHT-SIDESWIPE,NO MEDIAN,NOT APPLICABLE,5,NOT APPLICABLE,True,VEHICLE PASSING OR ATTEMPTING TO PASS ON RIGHT,"250,000 POP AND OVER",NO,0638,1.44,US & STATE HIGHWAYS,"STRAIGHT, LEVEL",MINOR ARTERIAL,ON ROADWAY,"4 OR MORE LANES, UNDIVIDED",False,55,SH0361,DRY,MARKED LANES,CLEAR
21461353,12050,True,12050,2023,CORPUS CHRISTI,FAILED TO YIELD RIGHT OF WAY - STOP SIGN,226303,19.216,2026-05-31,0,5,2,0,A - SUSPECTED SERIOUS INJURY,2,1043,4,2026,SUNDAY,26.935,0,MOTOR VEHICLE IN TRANSPORT,TWO-WAY,10:00 - 10:59,,SEA WAY DR,INTERSECTION,27.71554329,DAYLIGHT,YES,-97.14784458,ANGLE - ONE STRAIGHT-ONE LEFT TURN,NO MEDIAN,THREE ENTERING ROADS - T,5,NOT APPLICABLE,True,NOT APPLICABLE,"250,000 POP AND OVER",NO,0632,-0.748,US & STATE HIGHWAYS,"STRAIGHT, LEVEL",MINOR ARTERIAL,ON ROADWAY,"4 OR MORE LANES, UNDIVIDED",False,65,SH0361,DRY,STOP SIGN,CLEAR
21466597,12050,True,12050,2023,CORPUS CHRISTI,DRIVER INATTENTION;FAILED TO YIELD RIGHT OF WAY - STOP SIGN,226303,14.465,2026-06-01,0,6,1,1,B - SUSPECTED MINOR INJURY,0,1628,2,2026,MONDAY,22.184,0,MOTOR VEHICLE IN TRANSPORT,TWO-WAY,16:00 - 16:59,,N/A,DRIVEWAY ACCESS,27.77471043,DAYLIGHT,YES,-97.10795438,ANGLE - BOTH GOING STRAIGHT,NO MEDIAN,THREE ENTERING ROADS - T,5,NOT APPLICABLE,True,ONE VEHICLE LEAVING DRIVEWAY,"250,000 POP AND OVER",NO,0626,0.472,US & STATE HIGHWAYS,"STRAIGHT, LEVEL",MINOR ARTERIAL,ON ROADWAY,"4 OR MORE LANES, UNDIVIDED",False,60,SH0361,DRY,STOP SIGN,CLEAR
21470052,10439,False,10439,2023,CORPUS CHRISTI,OTHER (EXPLAIN IN NARRATIVE),226303,25.72,2026-06-04,0,6,3,0,B - SUSPECTED MINOR INJURY,0,1500,3,2026,THURSDAY,33.439,0,MOTOR VEHICLE IN TRANSPORT,TWO-WAY,15:00 - 15:59,,N/A,NON INTERSECTION,27.63449183,DAYLIGHT,YES,-97.20233006,OPPOSITE DIRECTION - BOTH GOING STRAIGHT,NO MEDIAN,NOT APPLICABLE,5,NOT APPLICABLE,True,NOT APPLICABLE,"250,000 POP AND OVER",NO,0638,-0.243,US & STATE HIGHWAYS,"STRAIGHT, LEVEL",MINOR ARTERIAL,ON ROADWAY,"4 OR MORE LANES, UNDIVIDED",False,60,SH0361,DRY,CENTER STRIPE/DIVIDER,CLEAR
21507913,12050,False,12050,2023,CORPUS CHRISTI,FAILED TO DRIVE IN SINGLE LANE,226303,19.132,2026-06-20,0,6,0,0,N - NOT INJURED,0,1527,0,2026,SATURDAY,26.851,0,FIXED OBJECT,TWO-WAY,15:00 - 15:59,,N/A,NON INTERSECTION,27.71658217,DAYLIGHT,YES,-97.1471439,ONE MOTOR VEHICLE - GOING STRAIGHT,NO MEDIAN,NOT APPLICABLE,5,DITCH,True,NOT APPLICABLE,"250,000 POP AND OVER",NO,0632,-0.832,US & STATE HIGHWAYS,"STRAIGHT, LEVEL",MINOR ARTERIAL,OFF ROADWAY,"4 OR MORE LANES, UNDIVIDED",False,60,SH0361,WET,CENTER STRIPE/DIVIDER,CLOUDY
21495813,15893,False,15893,2023,PORT ARANSAS,DRIVER INATTENTION; FAILED TO CONTROL SPEED,226303,11.82,2026-06-22,0,6,0,1,C - POSSIBLE INJURY,0,0126,1,2026,MONDAY,19.539,0,MOTOR VEHICLE IN TRANSPORT,BOULEVARD,01:00 - 01:59,,N/A,NON INTERSECTION,27.80597303,"DARK, NOT LIGHTED",YES,-97.08288717,SAME DIRECTION - BOTH GOING STRAIGHT-REAR END,CURBED,NOT APPLICABLE,4,NOT APPLICABLE,True,NOT APPLICABLE,"2,500 - 4,999 POP",NO,0624,-0.211,US & STATE HIGHWAYS,"STRAIGHT, LEVEL",MINOR ARTERIAL,ON ROADWAY,"4 OR MORE LANES, DIVIDED",True,55,SH0361,DRY,MARKED LANES,CLEAR
21506405,15893,False,15893,2023,PORT ARANSAS,DRIVER INATTENTION,226303,12.285,2026-06-22,0,6,0,1,C - POSSIBLE INJURY,0,0139,1,2026,MONDAY,20.004,0,FIXED OBJECT,BOULEVARD,01:00 - 01:59,,N/A,NON INTERSECTION,27.80055185,"DARK, NOT LIGHTED",YES,-97.08745777,ONE MOTOR VEHICLE - GOING STRAIGHT,CURBED,NOT APPLICABLE,4,HIT OTHER FIXED OBJECT,True,ATTENTION DIVERTED FROM DRIVING,"2,500 - 4,999 POP",NO,0624,0.254,US & STATE HIGHWAYS,"STRAIGHT, LEVEL",MINOR ARTERIAL,OFF ROADWAY,"4 OR MORE LANES, DIVIDED",True,55,SH0361,DRY,STOP SIGN,CLOUDY
21503667,12050,False,12050,2023,OUTSIDE CITY LIMITS,PASSED IN NO PASSING LANE,226303,13.974,2026-06-26,0,6,1,0,A - SUSPECTED SERIOUS INJURY,1,0830,2,2026,FRIDAY,21.693,0,MOTOR VEHICLE IN TRANSPORT,TWO-WAY,08:00 - 08:59,,NOT REPORTED,NON INTERSECTION,27.78081468,DAYLIGHT,YES,-97.10382267,OPPOSITE DIRECTION - BOTH GOING STRAIGHT,NO MEDIAN,NOT APPLICABLE,5,NOT APPLICABLE,True,NOT APPLICABLE,RURAL,NO,0626,-100.0,US & STATE HIGHWAYS,"STRAIGHT, LEVEL",MINOR ARTERIAL,ON ROADWAY,"4 OR MORE LANES, UNDIVIDED",True,60,SH0361,DRY,NONE,CLEAR
21505399,15893,False,15893,2023,PORT ARANSAS,FAILED TO CONTROL SPEED,226303,11.763,2026-06-27,0,6,0,0,N - NOT INJURED,0,2242,0,2026,SATURDAY,19.482,0,MOTOR VEHICLE IN TRANSPORT,BOULEVARD,22:00 - 22:59,,N/A,NON INTERSECTION,27.80662788,"DARK, LIGHTED",YES,-97.08232313,SAME DIRECTION - BOTH GOING STRAIGHT-REAR END,CURBED,NOT APPLICABLE,4,NOT APPLICABLE,True,NOT APPLICABLE,"2,500 - 4,999 POP",NO,0624,-0.268,US & STATE HIGHWAYS,"STRAIGHT, LEVEL",MINOR ARTERIAL,ON ROADWAY,"4 OR MORE LANES, DIVIDED",True,55,SH0361,DRY,NONE,CLEAR
21537787,10439,False,10439,2023,CORPUS CHRISTI,CHANGED LANE WHEN UNSAFE,226303,22.73,2026-06-27,0,6,0,0,99 - UNKNOWN,0,2306,0,2026,SATURDAY,30.449,0,PARKED CAR,TWO-WAY,23:00 - 23:59,,N/A,NON INTERSECTION,27.67174955,"DARK, NOT LIGHTED",YES,-97.17728276,ONE MOTOR VEHICLE - GOING STRAIGHT,NO MEDIAN,NOT APPLICABLE,5,NOT APPLICABLE,True,VEHICLE CHANGING LANES,"250,000 POP AND OVER",NO,0634,0.766,CITY STREET,"STRAIGHT, LEVEL",MINOR ARTERIAL,OFF ROADWAY,"4 OR MORE LANES, UNDIVIDED",False,15,SH0361,DRY,NONE,CLEAR
21520768,12050,False,12050,2023,OUTSIDE CITY LIMITS,FOLLOWED TOO CLOSELY;OTHER (EXPLAIN IN NARRATIVE),226303,13.993,2026-07-03,0,7,1,0,B - SUSPECTED MINOR INJURY,0,1954,1,2026,FRIDAY,21.712,0,MOTOR VEHICLE IN TRANSPORT,TWO-WAY,19:00 - 19:59,,UNKNOWN,INTERSECTION RELATED,27.78058147,DAYLIGHT,YES,-97.10398439,SAME DIRECTION - BOTH GOING STRAIGHT-REAR END,NO MEDIAN,NOT APPLICABLE,5,NOT APPLICABLE,True,SLOWING/STOPPING-FOR TRAFFIC,RURAL,NO,0626,0.0,CITY STREET,"STRAIGHT, LEVEL",MINOR ARTERIAL,ON ROADWAY,"4 OR MORE LANES, UNDIVIDED",True,45,SH0361,DRY,OTHER (EXPLAIN IN NARRATIVE),CLEAR
21528063,12050,False,12050,2023,CORPUS CHRISTI,FAILED TO CONTROL SPEED,226303,18.682,2026-07-03,0,7,1,0,B - SUSPECTED MINOR INJURY,0,1813,1,2026,FRIDAY,26.401,0,MOTOR VEHICLE IN TRANSPORT,TWO-WAY,18:00 - 18:59,,N/A,NON INTERSECTION,27.72218953,DAYLIGHT,YES,-97.14336196,SAME DIRECTION - ONE STRAIGHT-ONE STOPPED,NO MEDIAN,NOT APPLICABLE,5,NOT APPLICABLE,True,SLOWING/STOPPING-FOR TRAFFIC,"250,000 POP AND OVER",NO,0630,0.669,US & STATE HIGHWAYS,"STRAIGHT, LEVEL",MINOR ARTERIAL,ON ROADWAY,"4 OR MORE LANES, UNDIVIDED",False,60,SH0361,DRY,CENTER STRIPE/DIVIDER,CLEAR
21530776,10439,False,10439,2023,CORPUS CHRISTI,FAILED TO DRIVE IN SINGLE LANE,226303,22.655,2026-07-03,0,7,0,0,N - NOT INJURED,0,1903,0,2026,FRIDAY,30.374,0,MOTOR VEHICLE IN TRANSPORT,TWO-WAY,19:00 - 19:59,,N/A,NON INTERSECTION,27.67268476,DAYLIGHT,YES,-97.17665254,ANGLE - ONE STRAIGHT-ONE BACKING,NO MEDIAN,NOT APPLICABLE,5,NOT APPLICABLE,True,NOT APPLICABLE,"250,000 POP AND OVER",NO,0634,0.691,CITY STREET,"STRAIGHT, LEVEL",MINOR ARTERIAL,ON ROADWAY,"4 OR MORE LANES, UNDIVIDED",False,15,SH0361,"SAND, MUD, DIRT",MARKED LANES,CLEAR
21526665,10439,False,10439,2023,CORPUS CHRISTI,BACKED WITHOUT SAFETY; DRIVER INATTENTION,226303,20.807,2026-07-04,0,7,0,0,N - NOT INJURED,0,1549,0,2026,SATURDAY,28.526,0,PARKED CAR,TWO-WAY,15:00 - 15:59,,N/A,NON INTERSECTION,27.69571262,DAYLIGHT,YES,-97.16117669,ONE MOTOR VEHICLE - BACKING,NO MEDIAN,NOT APPLICABLE,5,NOT APPLICABLE,True,CRASH OCCURRED ON A BEACH,"250,000 POP AND OVER",NO,0632,0.843,OTHER ROADS,"STRAIGHT, LEVEL",MINOR ARTERIAL,ON ROADWAY,"4 OR MORE LANES, UNDIVIDED",False,15,SH0361,"SAND, MUD, DIRT",NONE,CLEAR
21529003,12050,False,12050,2023,CORPUS CHRISTI,PEDESTRIAN FAILED TO YIELD RIGHT OF WAY TO VEHICLE,226303,17.03,2026-07-04,0,7,1,0,B - SUSPECTED MINOR INJURY,0,2314,1,2026,SATURDAY,24.749,0,PEDESTRIAN,TWO-WAY,23:00 - 23:59,,N/A,NON INTERSECTION,27.74276677,"DARK, NOT LIGHTED",YES,-97.12949941,ONE MOTOR VEHICLE - GOING STRAIGHT,NO MEDIAN,NOT APPLICABLE,5,NOT APPLICABLE,True,NOT APPLICABLE,"250,000 POP AND OVER",NO,0630,-0.983,US & STATE HIGHWAYS,"STRAIGHT, LEVEL",MINOR ARTERIAL,ON ROADWAY,"4 OR MORE LANES, UNDIVIDED",False,60,SH0361,DRY,MARKED LANES,CLEAR
21540238,12050,False,12050,2023,CORPUS CHRISTI,FAILED TO DRIVE IN SINGLE LANE; UNDER INFLUENCE - ALCOHOL,226303,17.572,2026-07-04,0,7,0,0,99 - UNKNOWN,0,0255,0,2026,SATURDAY,25.291,0,OTHER NON COLLISION,TWO-WAY,02:00 - 02:59,,N/A,NON INTERSECTION,27.73602062,"DARK, LIGHTED",YES,-97.13404404,ONE MOTOR VEHICLE - GOING STRAIGHT,NO MEDIAN,NOT APPLICABLE,5,NOT APPLICABLE,True,VEHICLE CHANGING LANES,"250,000 POP AND OVER",NO,0630,-0.441,US & STATE HIGHWAYS,"STRAIGHT, LEVEL",MINOR ARTERIAL,OFF ROADWAY,"4 OR MORE LANES, UNDIVIDED",False,60,SH0361,DRY,CENTER STRIPE/DIVIDER,CLEAR
21520380,12050,False,12050,2023,OUTSIDE CITY LIMITS,TURNED WHEN UNSAFE,226303,14.258,2026-07-05,0,7,0,0,N - NOT INJURED,0,0222,0,2026,SUNDAY,21.977,0,MOTOR VEHICLE IN TRANSPORT,TWO-WAY,02:00 - 02:59,,N/A,NON INTERSECTION,27.77728543,"DARK, NOT LIGHTED",YES,-97.10621408,SAME DIRECTION - ONE STRAIGHT-ONE LEFT TURN,NO MEDIAN,NOT APPLICABLE,5,NOT APPLICABLE,True,NOT APPLICABLE,RURAL,NO,0626,0.265,US & STATE HIGHWAYS,"STRAIGHT, LEVEL",MINOR ARTERIAL,ON ROADWAY,"4 OR MORE LANES, UNDIVIDED",True,60,SH0361,DRY,MARKED LANES,CLEAR
21547002,12050,False,12050,2023,CORPUS CHRISTI,UNSAFE SPEED,226303,19.272,2026-07-05,0,7,0,0,N - NOT INJURED,0,1201,0,2026,SUNDAY,26.991,0,MOTOR VEHICLE IN TRANSPORT,TWO-WAY,12:00 - 12:59,,N/A,NON INTERSECTION,27.7148362,DAYLIGHT,YES,-97.14832149,SAME DIRECTION - BOTH GOING STRAIGHT-REAR END,NO MEDIAN,NOT APPLICABLE,5,NOT APPLICABLE,True,SLOWING/STOPPING-FOR TRAFFIC,"250,000 POP AND OVER",NO,0632,-0.692,US & STATE HIGHWAYS,"STRAIGHT, LEVEL",MINOR ARTERIAL,ON ROADWAY,"4 OR MORE LANES, UNDIVIDED",False,65,SH0361,DRY,MARKED LANES,CLEAR
21529409,10439,True,10439,2023,CORPUS CHRISTI,UNSAFE SPEED,226303,27.498,2026-07-12,0,7,0,0,N - NOT INJURED,0,2255,0,2026,SUNDAY,35.217,0,MOTOR VEHICLE IN TRANSPORT,TWO-WAY,22:00 - 22:59,0022,PR0022,INTERSECTION,27.6178894,"DARK, LIGHTED",YES,-97.22177124,SAME DIRECTION - BOTH GOING STRAIGHT-REAR END,NO MEDIAN,FOUR ENTERING ROADS,5,NOT APPLICABLE,True,NOT APPLICABLE,"250,000 POP AND OVER",NO,0638,1.535,US & STATE HIGHWAYS,"STRAIGHT, LEVEL",MINOR ARTERIAL,ON ROADWAY,"4 OR MORE LANES, UNDIVIDED",False,55,SH0361,DRY,SIGNAL LIGHT,CLEAR
21543386,10439,False,10439,2023,CORPUS CHRISTI,LOAD NOT SECURED,226303,24.669,2026-07-16,0,7,0,0,N - NOT INJURED,0,1404,0,2026,THURSDAY,32.388,0,MOTOR VEHICLE IN TRANSPORT,TWO-WAY,14:00 - 14:59,,N/A,NON INTERSECTION,27.64757547,DAYLIGHT,YES,-97.19350724,OPPOSITE DIRECTION - BOTH GOING STRAIGHT,NO MEDIAN,NOT APPLICABLE,5,NOT APPLICABLE,True,NOT APPLICABLE,"250,000 POP AND OVER",NO,0636,0.705,US & STATE HIGHWAYS,"STRAIGHT, LEVEL",MINOR ARTERIAL,ON ROADWAY,"4 OR MORE LANES, UNDIVIDED",False,60,SH0361,DRY,CENTER STRIPE/DIVIDER,CLEAR
21536848,10439,False,10439,2023,CORPUS CHRISTI,FAILED TO CONTROL SPEED,226303,24.541,2026-07-17,0,7,0,0,N - NOT INJURED,0,1605,0,2026,FRIDAY,32.26,0,MOTOR VEHICLE IN TRANSPORT,TWO-WAY,16:00 - 16:59,,N/A,NON INTERSECTION,27.64917717,DAYLIGHT,YES,-97.19245626,SAME DIRECTION - BOTH GOING STRAIGHT-REAR END,NO MEDIAN,NOT APPLICABLE,5,NOT APPLICABLE,True,SLOWING/STOPPING-FOR TRAFFIC,"250,000 POP AND OVER",NO,0636,0.577,US & STATE HIGHWAYS,"STRAIGHT, LEVEL",MINOR ARTERIAL,ON ROADWAY,"4 OR MORE LANES, UNDIVIDED",False,60,SH0361,DRY,CENTER STRIPE/DIVIDER,CLOUDY
21556974,10439,True,10439,2023,CORPUS CHRISTI,FAILED TO CONTROL SPEED,226303,27.498,2026-07-17,0,7,0,0,N - NOT INJURED,0,1745,0,2026,FRIDAY,35.217,0,MOTOR VEHICLE IN TRANSPORT,TWO-WAY,17:00 - 17:59,0022,PR0022,INTERSECTION,27.6178894,DAYLIGHT,YES,-97.22177124,OPPOSITE DIRECTION - ONE STRAIGHT-ONE LEFT TURN,NO MEDIAN,FOUR ENTERING ROADS,5,NOT APPLICABLE,True,NOT APPLICABLE,"250,000 POP AND OVER",NO,0638,1.535,US & STATE HIGHWAYS,"STRAIGHT, LEVEL",MINOR ARTERIAL,ON ROADWAY,"4 OR MORE LANES, UNDIVIDED",False,55,SH0361,DRY,SIGNAL LIGHT,CLEAR
21556943,10439,True,10439,2023,CORPUS CHRISTI,FAILED TO YIELD RIGHT OF WAY - TURNING LEFT,226303,27.498,2026-07-29,0,7,0,0,N - NOT INJURED,0,2119,0,2026,WEDNESDAY,35.217,0,MOTOR VEHICLE IN TRANSPORT,TWO-WAY,21:00 - 21:59,0022,PR0022,INTERSECTION,27.6178894,"DARK, LIGHTED",YES,-97.22177124,OPPOSITE DIRECTION - ONE STRAIGHT-ONE LEFT TURN,NO MEDIAN,FOUR ENTERING ROADS,5,NOT APPLICABLE,True,NOT APPLICABLE,"250,000 POP AND OVER",NO,0638,1.535,US & STATE HIGHWAYS,"STRAIGHT, LEVEL",MINOR ARTERIAL,ON ROADWAY,"4 OR MORE LANES, UNDIVIDED",False,55,SH0361,DRY,SIGNAL LIGHT,CLEAR
21573078,10439,False,10439,2023,CORPUS CHRISTI,CHANGED LANE WHEN UNSAFE,226303,20.351,2026-08-06,0,8,0,4,C - POSSIBLE INJURY,0,1603,4,2026,THURSDAY,28.07,0,MOTOR VEHICLE IN TRANSPORT,TWO-WAY,16:00 - 16:59,,N/A,NON INTERSECTION,27.70138926,DAYLIGHT,YES,-97.15734743,OPPOSITE DIRECTION - BOTH GOING STRAIGHT,NO MEDIAN,NOT APPLICABLE,5,OVERTURNED,True,VEHICLE CHANGING LANES,"250,000 POP AND OVER",NO,0632,0.387,US & STATE HIGHWAYS,"STRAIGHT, LEVEL",MINOR ARTERIAL,ON ROADWAY,"4 OR MORE LANES, UNDIVIDED",False,60,SH0361,DRY,MARKED LANES,CLEAR
